Namespace(exp_name='exp', model='dcp', emb_nn='pointnet', pointer='transformer', head='svd', emb_dims=512, n_blocks=1, n_heads=4, ff_dims=1024, dropout=0.0, batch_size=32, test_batch_size=10, epochs=250, use_sgd=False, lr=0.001, momentum=0.9, no_cuda=False, seed=1234, eval=False, cycle=False, num_points=1024, model_path='', train_path='/mnt/d/SICK/pay-10-bucks/data/mylabs/processed', test_path='/mnt/d/SICK/pay-10-bucks/data/mylabs/processed', use_intensity=False, num_workers=4)
Using 3 input channels.
Loading custom training data...
Loading custom test data...
Train data: 532 pairs, Test data: 532 pairs
Namespace(exp_name='exp', model='dcp', emb_nn='dgcnn', pointer='transformer', head='svd', emb_dims=512, n_blocks=1, n_heads=4, ff_dims=1024, dropout=0.0, batch_size=32, test_batch_size=10, epochs=250, use_sgd=False, lr=0.001, momentum=0.9, no_cuda=False, seed=1234, eval=False, cycle=False, num_points=1024, model_path='', train_path='/mnt/d/SICK/pay-10-bucks/data/mylabs/processed', test_path='/mnt/d/SICK/pay-10-bucks/data/mylabs/processed', use_intensity=False, num_workers=4)
Using 3 input channels.
Loading custom training data...
Loading custom test data...
Train data: 532 pairs, Test data: 532 pairs
Namespace(exp_name='exp', model='dcp', emb_nn='dgcnn', pointer='transformer', head='svd', emb_dims=512, n_blocks=1, n_heads=4, ff_dims=1024, dropout=0.0, batch_size=32, test_batch_size=10, epochs=250, use_sgd=False, lr=0.001, momentum=0.9, no_cuda=False, seed=1234, eval=False, cycle=False, num_points=1024, model_path='', train_path='/mnt/d/SICK/pay-10-bucks/data/mylabs/processed', test_path='/mnt/d/SICK/pay-10-bucks/data/mylabs/processed', use_intensity=False, num_workers=4)
Using 3 input channels.
Loading custom training data...
Loading custom test data...
Train data: 532 pairs, Test data: 532 pairs
Namespace(exp_name='exp', model='dcp', emb_nn='dgcnn', pointer='transformer', head='svd', emb_dims=512, n_blocks=1, n_heads=4, ff_dims=1024, dropout=0.0, batch_size=32, test_batch_size=10, epochs=250, use_sgd=False, lr=0.001, momentum=0.9, no_cuda=False, seed=1234, eval=False, cycle=False, num_points=1024, model_path='', train_path='/mnt/d/SICK/pay-10-bucks/data/mylabs/processed', test_path='/mnt/d/SICK/pay-10-bucks/data/mylabs/processed', use_intensity=True, num_workers=4)
Using 4 input channels.
Namespace(exp_name='exp', model='dcp', emb_nn='dgcnn', pointer='transformer', head='svd', emb_dims=512, n_blocks=1, n_heads=4, ff_dims=1024, dropout=0.0, batch_size=32, test_batch_size=10, epochs=250, use_sgd=False, lr=0.001, momentum=0.9, no_cuda=False, seed=1234, eval=False, cycle=False, num_points=1024, model_path='', train_path='/mnt/d/SICK/pay-10-bucks/data/mylabs/processed', test_path='/mnt/d/SICK/pay-10-bucks/data/mylabs/processed', use_intensity=True, num_workers=4)
Using 4 input channels.
Namespace(exp_name='exp', model='dcp', emb_nn='dgcnn', pointer='transformer', head='svd', emb_dims=512, n_blocks=1, n_heads=4, ff_dims=1024, dropout=0.0, batch_size=32, test_batch_size=10, epochs=250, use_sgd=False, lr=0.001, momentum=0.9, no_cuda=False, seed=1234, eval=False, cycle=False, num_points=1024, model_path='', train_path='/mnt/d/SICK/pay-10-bucks/data/mylabs/processed', test_path='/mnt/d/SICK/pay-10-bucks/data/mylabs/processed', use_intensity=True, num_workers=4)
Using 4 input channels.
Loading custom test data...
Train data: 425 pairs, Test data: 107 pairs
Namespace(exp_name='exp', model='dcp', emb_nn='dgcnn', pointer='transformer', head='svd', emb_dims=512, n_blocks=1, n_heads=4, ff_dims=1024, dropout=0.0, batch_size=32, test_batch_size=10, epochs=250, use_sgd=False, lr=0.001, momentum=0.9, no_cuda=False, seed=1234, eval=False, cycle=False, num_points=1024, model_path='', train_path='/mnt/d/SICK/pay-10-bucks/data/mylabs/processed', test_path='/mnt/d/SICK/pay-10-bucks/data/mylabs/processed', use_intensity=True, num_workers=4)
Using 4 input channels.
Loading custom test data...
Train data: 425 pairs, Test data: 107 pairs
Namespace(exp_name='exp', model='dcp', emb_nn='dgcnn', pointer='transformer', head='svd', emb_dims=512, n_blocks=1, n_heads=4, ff_dims=1024, dropout=0.0, batch_size=32, test_batch_size=10, epochs=250, use_sgd=False, lr=0.001, momentum=0.9, no_cuda=False, seed=1234, eval=False, cycle=False, num_points=1024, model_path='', train_path='/mnt/d/SICK/pay-10-bucks/data/mylabs/processed', test_path='/mnt/d/SICK/pay-10-bucks/data/mylabs/processed', use_intensity=True, num_workers=4)
Using 4 input channels.
Loading custom test data...
Train data: 425 pairs, Test data: 107 pairs
Namespace(exp_name='exp', model='dcp', emb_nn='dgcnn', pointer='transformer', head='svd', emb_dims=512, n_blocks=1, n_heads=4, ff_dims=1024, dropout=0.0, batch_size=32, test_batch_size=10, epochs=250, use_sgd=False, lr=0.001, momentum=0.9, no_cuda=False, seed=1234, eval=False, cycle=False, num_points=1024, model_path='', train_path='/mnt/d/SICK/pay-10-bucks/DCPwithIntensity/dataset', test_path='/mnt/d/SICK/pay-10-bucks/DCPwithIntensity/dataset', use_intensity=True, num_workers=4)
Using 4 input channels.
Loading custom test data...
Train data: 425 pairs, Test data: 107 pairs
Namespace(exp_name='exp', model='dcp', emb_nn='dgcnn', pointer='transformer', head='svd', emb_dims=512, n_blocks=1, n_heads=4, ff_dims=1024, dropout=0.0, batch_size=32, test_batch_size=10, epochs=250, use_sgd=False, lr=0.001, momentum=0.9, no_cuda=False, seed=1234, eval=False, cycle=False, num_points=1024, model_path='', train_path='/mnt/d/SICK/pay-10-bucks/DCPwithIntensity/dataset', test_path='/mnt/d/SICK/pay-10-bucks/DCPwithIntensity/dataset', use_intensity=True, num_workers=4)
Using 4 input channels.
Loading custom test data...
Train data: 425 pairs, Test data: 107 pairs
Namespace(exp_name='exp', model='dcp', emb_nn='dgcnn', pointer='transformer', head='svd', emb_dims=512, n_blocks=1, n_heads=4, ff_dims=1024, dropout=0.0, batch_size=32, test_batch_size=10, epochs=250, use_sgd=False, lr=0.001, momentum=0.9, no_cuda=False, seed=1234, eval=False, cycle=False, num_points=1024, model_path='', train_path='/mnt/d/SICK/pay-10-bucks/DCPwithIntensity/dataset', test_path='/mnt/d/SICK/pay-10-bucks/DCPwithIntensity/dataset', use_intensity=True, num_workers=4)
Using 4 input channels.
Loading custom test data...
Train data: 425 pairs, Test data: 107 pairs
==TRAIN==
A--------->B
EPOCH:: 0, Loss: 4251095.125000, Cycle Loss:, 0.000000, MSE: 2258488.298077, RMSE: 1502.826769, MAE: 711.297767, rot_MSE: 2115405.500000, rot_RMSE: 1454.443359, rot_MAE: 1255.979980, trans_MSE: 4251095.000000, trans_RMSE: 2061.818359, trans_MAE: 1067.266479
B--------->A
EPOCH:: 0, Loss: 4251095.125000, MSE: 2258488.403846, RMSE: 1502.826804, MAE: 709.913358, rot_MSE: 2115405.500000, rot_RMSE: 1454.443359, rot_MAE: 1255.979980, trans_MSE: 4269598.500000, trans_RMSE: 2066.300781, trans_MAE: 1066.775391
==TEST==
A--------->B
EPOCH:: 0, Loss: 5003372.449766, Cycle Loss: 0.000000, MSE: 2293808.560748, RMSE: 1514.532456, MAE: 694.335918, rot_MSE: 2234426.500000, rot_RMSE: 1494.799805, rot_MAE: 1282.575562, trans_MSE: 5003372.000000, trans_RMSE: 2236.821777, trans_MAE: 1014.542419
B--------->A
EPOCH:: 0, Loss: 5003372.449766, MSE: 2293808.613318, RMSE: 1514.532474, MAE: 682.740011, rot_MSE: 2234426.750000, rot_RMSE: 1494.799927, rot_MAE: 1282.575562, trans_MSE: 4995265.000000, trans_RMSE: 2235.009033, trans_MAE: 978.926025
==BEST TEST==
A--------->B
EPOCH:: 0, Loss: 5003372.449766, Cycle Loss: 0.000000, MSE: 2293808.560748, RMSE: 1514.532456, MAE: 694.335918, rot_MSE: 2234426.500000, rot_RMSE: 1494.799805, rot_MAE: 1282.575562, trans_MSE: 5003372.000000, trans_RMSE: 2236.821777, trans_MAE: 1014.542419
B--------->A
EPOCH:: 0, Loss: 5003372.449766, MSE: 2293808.613318, RMSE: 1514.532474, MAE: 682.740011, rot_MSE: 2234426.750000, rot_RMSE: 1494.799927, rot_MAE: 1282.575562, trans_MSE: 4995265.000000, trans_RMSE: 2235.009033, trans_MAE: 978.926025
==TRAIN==
A--------->B
EPOCH:: 1, Loss: 2868325.317308, Cycle Loss:, 0.000000, MSE: 2366520.711538, RMSE: 1538.349996, MAE: 712.190852, rot_MSE: 2109146.500000, rot_RMSE: 1452.290039, rot_MAE: 1252.425293, trans_MSE: 2868325.250000, trans_RMSE: 1693.613037, trans_MAE: 930.209534
B--------->A
EPOCH:: 1, Loss: 2868325.317308, MSE: 2366520.625000, RMSE: 1538.349968, MAE: 705.467853, rot_MSE: 2109146.250000, rot_RMSE: 1452.290039, rot_MAE: 1252.425293, trans_MSE: 2878024.500000, trans_RMSE: 1696.474121, trans_MAE: 915.804016
==TEST==
A--------->B
EPOCH:: 1, Loss: 5402358.552570, Cycle Loss: 0.000000, MSE: 2322483.269860, RMSE: 1523.969576, MAE: 695.524467, rot_MSE: 2223529.750000, rot_RMSE: 1491.150513, rot_MAE: 1279.576172, trans_MSE: 5402358.000000, trans_RMSE: 2324.297363, trans_MAE: 999.556458
B--------->A
EPOCH:: 1, Loss: 5402358.552570, MSE: 2322483.079439, RMSE: 1523.969514, MAE: 690.786283, rot_MSE: 2223530.000000, rot_RMSE: 1491.150513, rot_MAE: 1279.576172, trans_MSE: 5428911.500000, trans_RMSE: 2330.002441, trans_MAE: 969.703979
==BEST TEST==
A--------->B
EPOCH:: 1, Loss: 5003372.449766, Cycle Loss: 0.000000, MSE: 2293808.560748, RMSE: 1514.532456, MAE: 694.335918, rot_MSE: 2234426.500000, rot_RMSE: 1494.799805, rot_MAE: 1282.575562, trans_MSE: 5003372.000000, trans_RMSE: 2236.821777, trans_MAE: 1014.542419
B--------->A
EPOCH:: 1, Loss: 5003372.449766, MSE: 2293808.613318, RMSE: 1514.532474, MAE: 682.740011, rot_MSE: 2234426.750000, rot_RMSE: 1494.799927, rot_MAE: 1282.575562, trans_MSE: 4995265.000000, trans_RMSE: 2235.009033, trans_MAE: 978.926025
==TRAIN==
A--------->B
EPOCH:: 2, Loss: 2420287.149038, Cycle Loss:, 0.000000, MSE: 2405877.538462, RMSE: 1551.089146, MAE: 708.148414, rot_MSE: 2096088.625000, rot_RMSE: 1447.787476, rot_MAE: 1249.434326, trans_MSE: 2420286.750000, trans_RMSE: 1555.727051, trans_MAE: 811.533081
B--------->A
EPOCH:: 2, Loss: 2420287.149038, MSE: 2405877.581731, RMSE: 1551.089160, MAE: 706.478971, rot_MSE: 2096088.625000, rot_RMSE: 1447.787476, rot_MAE: 1249.434326, trans_MSE: 2435562.500000, trans_RMSE: 1560.628906, trans_MAE: 801.590820
==TEST==
A--------->B
EPOCH:: 2, Loss: 2976113.996495, Cycle Loss: 0.000000, MSE: 2352110.545561, RMSE: 1533.659201, MAE: 699.406616, rot_MSE: 2218296.000000, rot_RMSE: 1489.394531, rot_MAE: 1278.746216, trans_MSE: 2976113.750000, trans_RMSE: 1725.141602, trans_MAE: 842.086853
B--------->A
EPOCH:: 2, Loss: 2976113.996495, MSE: 2352110.748832, RMSE: 1533.659268, MAE: 692.739767, rot_MSE: 2218296.000000, rot_RMSE: 1489.394531, rot_MAE: 1278.746216, trans_MSE: 2984893.250000, trans_RMSE: 1727.684326, trans_MAE: 820.421326
==BEST TEST==
A--------->B
EPOCH:: 2, Loss: 2976113.996495, Cycle Loss: 0.000000, MSE: 2352110.545561, RMSE: 1533.659201, MAE: 699.406616, rot_MSE: 2218296.000000, rot_RMSE: 1489.394531, rot_MAE: 1278.746216, trans_MSE: 2976113.750000, trans_RMSE: 1725.141602, trans_MAE: 842.086853
B--------->A
EPOCH:: 2, Loss: 2976113.996495, MSE: 2352110.748832, RMSE: 1533.659268, MAE: 692.739767, rot_MSE: 2218296.000000, rot_RMSE: 1489.394531, rot_MAE: 1278.746216, trans_MSE: 2984893.250000, trans_RMSE: 1727.684326, trans_MAE: 820.421326
==TRAIN==
A--------->B
EPOCH:: 3, Loss: 2581453.230769, Cycle Loss:, 0.000000, MSE: 2418334.355769, RMSE: 1555.099468, MAE: 708.531851, rot_MSE: 2095643.125000, rot_RMSE: 1447.633667, rot_MAE: 1250.804321, trans_MSE: 2581453.250000, trans_RMSE: 1606.690186, trans_MAE: 818.259644
B--------->A
EPOCH:: 3, Loss: 2581453.230769, MSE: 2418334.365385, RMSE: 1555.099471, MAE: 709.426551, rot_MSE: 2095643.125000, rot_RMSE: 1447.633667, rot_MAE: 1250.804199, trans_MSE: 2587748.500000, trans_RMSE: 1608.648071, trans_MAE: 808.617371
==TEST==
A--------->B
EPOCH:: 3, Loss: 2833301.620619, Cycle Loss: 0.000000, MSE: 2371858.382593, RMSE: 1540.083888, MAE: 703.845200, rot_MSE: 2214939.000000, rot_RMSE: 1488.267090, rot_MAE: 1278.089722, trans_MSE: 2833301.250000, trans_RMSE: 1683.241333, trans_MAE: 755.944519
B--------->A
EPOCH:: 3, Loss: 2833301.620619, MSE: 2371858.528037, RMSE: 1540.083935, MAE: 692.973067, rot_MSE: 2214939.000000, rot_RMSE: 1488.267090, rot_MAE: 1278.089722, trans_MSE: 2845633.750000, trans_RMSE: 1686.900635, trans_MAE: 723.969360
==BEST TEST==
A--------->B
EPOCH:: 3, Loss: 2833301.620619, Cycle Loss: 0.000000, MSE: 2371858.382593, RMSE: 1540.083888, MAE: 703.845200, rot_MSE: 2214939.000000, rot_RMSE: 1488.267090, rot_MAE: 1278.089722, trans_MSE: 2833301.250000, trans_RMSE: 1683.241333, trans_MAE: 755.944519
B--------->A
EPOCH:: 3, Loss: 2833301.620619, MSE: 2371858.528037, RMSE: 1540.083935, MAE: 692.973067, rot_MSE: 2214939.000000, rot_RMSE: 1488.267090, rot_MAE: 1278.089722, trans_MSE: 2845633.750000, trans_RMSE: 1686.900635, trans_MAE: 723.969360
==TRAIN==
A--------->B
EPOCH:: 4, Loss: 2368846.096154, Cycle Loss:, 0.000000, MSE: 2436196.504808, RMSE: 1560.831991, MAE: 709.526919, rot_MSE: 2085521.625000, rot_RMSE: 1444.133545, rot_MAE: 1246.129150, trans_MSE: 2368846.000000, trans_RMSE: 1539.105591, trans_MAE: 761.508606
B--------->A
EPOCH:: 4, Loss: 2368846.096154, MSE: 2436196.548077, RMSE: 1560.832005, MAE: 704.479370, rot_MSE: 2085521.875000, rot_RMSE: 1444.133667, rot_MAE: 1246.129150, trans_MSE: 2376901.750000, trans_RMSE: 1541.720337, trans_MAE: 761.569885
==TEST==
A--------->B
EPOCH:: 4, Loss: 1777538.815129, Cycle Loss: 0.000000, MSE: 2321927.891355, RMSE: 1523.787351, MAE: 695.902991, rot_MSE: 2208626.000000, rot_RMSE: 1486.144653, rot_MAE: 1275.462891, trans_MSE: 1777538.625000, trans_RMSE: 1333.243652, trans_MAE: 705.801819
B--------->A
EPOCH:: 4, Loss: 1777538.815129, MSE: 2321927.915304, RMSE: 1523.787359, MAE: 688.096817, rot_MSE: 2208626.000000, rot_RMSE: 1486.144653, rot_MAE: 1275.462769, trans_MSE: 1785480.750000, trans_RMSE: 1336.218872, trans_MAE: 689.714355
==BEST TEST==
A--------->B
EPOCH:: 4, Loss: 1777538.815129, Cycle Loss: 0.000000, MSE: 2321927.891355, RMSE: 1523.787351, MAE: 695.902991, rot_MSE: 2208626.000000, rot_RMSE: 1486.144653, rot_MAE: 1275.462891, trans_MSE: 1777538.625000, trans_RMSE: 1333.243652, trans_MAE: 705.801819
B--------->A
EPOCH:: 4, Loss: 1777538.815129, MSE: 2321927.915304, RMSE: 1523.787359, MAE: 688.096817, rot_MSE: 2208626.000000, rot_RMSE: 1486.144653, rot_MAE: 1275.462891, trans_MSE: 1785480.750000, trans_RMSE: 1336.218872, trans_MAE: 689.714355
==TRAIN==
A--------->B
EPOCH:: 5, Loss: 2309344.615385, Cycle Loss:, 0.000000, MSE: 2346964.692308, RMSE: 1531.980644, MAE: 694.807378, rot_MSE: 2100934.500000, rot_RMSE: 1449.460083, rot_MAE: 1250.767578, trans_MSE: 2309344.500000, trans_RMSE: 1519.652710, trans_MAE: 776.354309
B--------->A
EPOCH:: 5, Loss: 2309344.615385, MSE: 2346964.586538, RMSE: 1531.980609, MAE: 695.329613, rot_MSE: 2100934.250000, rot_RMSE: 1449.459961, rot_MAE: 1250.767578, trans_MSE: 2325206.500000, trans_RMSE: 1524.862793, trans_MAE: 763.915955
==TEST==
A--------->B
EPOCH:: 5, Loss: 2136910.373248, Cycle Loss: 0.000000, MSE: 2295334.109229, RMSE: 1515.036009, MAE: 694.451954, rot_MSE: 2206700.750000, rot_RMSE: 1485.496826, rot_MAE: 1275.480957, trans_MSE: 2136910.250000, trans_RMSE: 1461.817505, trans_MAE: 694.143921
B--------->A
EPOCH:: 5, Loss: 2136910.373248, MSE: 2295334.157710, RMSE: 1515.036025, MAE: 680.515055, rot_MSE: 2206700.750000, rot_RMSE: 1485.496826, rot_MAE: 1275.480957, trans_MSE: 2140651.750000, trans_RMSE: 1463.096680, trans_MAE: 692.092163
==BEST TEST==
A--------->B
EPOCH:: 5, Loss: 1777538.815129, Cycle Loss: 0.000000, MSE: 2321927.891355, RMSE: 1523.787351, MAE: 695.902991, rot_MSE: 2208626.000000, rot_RMSE: 1486.144653, rot_MAE: 1275.462891, trans_MSE: 1777538.625000, trans_RMSE: 1333.243652, trans_MAE: 705.801819
B--------->A
EPOCH:: 5, Loss: 1777538.815129, MSE: 2321927.915304, RMSE: 1523.787359, MAE: 688.096817, rot_MSE: 2208626.000000, rot_RMSE: 1486.144653, rot_MAE: 1275.462891, trans_MSE: 1785480.750000, trans_RMSE: 1336.218872, trans_MAE: 689.714355
==TRAIN==
A--------->B
EPOCH:: 6, Loss: 2680114.278846, Cycle Loss:, 0.000000, MSE: 2351291.817308, RMSE: 1533.392258, MAE: 701.976074, rot_MSE: 2098367.000000, rot_RMSE: 1448.574097, rot_MAE: 1250.017578, trans_MSE: 2680114.000000, trans_RMSE: 1637.105347, trans_MAE: 802.193115
B--------->A
EPOCH:: 6, Loss: 2680114.278846, MSE: 2351291.846154, RMSE: 1533.392268, MAE: 697.414654, rot_MSE: 2098367.000000, rot_RMSE: 1448.574097, rot_MAE: 1250.017578, trans_MSE: 2684347.000000, trans_RMSE: 1638.397705, trans_MAE: 801.855774
==TEST==
A--------->B
EPOCH:: 6, Loss: 3231053.971963, Cycle Loss: 0.000000, MSE: 2346857.100467, RMSE: 1531.945528, MAE: 707.872271, rot_MSE: 2203441.750000, rot_RMSE: 1484.399414, rot_MAE: 1273.654785, trans_MSE: 3231053.750000, trans_RMSE: 1797.513184, trans_MAE: 787.743164
B--------->A
EPOCH:: 6, Loss: 3231053.971963, MSE: 2346857.497664, RMSE: 1531.945658, MAE: 700.553429, rot_MSE: 2203441.750000, rot_RMSE: 1484.399414, rot_MAE: 1273.654785, trans_MSE: 3236249.000000, trans_RMSE: 1798.957764, trans_MAE: 770.815613
==BEST TEST==
A--------->B
EPOCH:: 6, Loss: 1777538.815129, Cycle Loss: 0.000000, MSE: 2321927.891355, RMSE: 1523.787351, MAE: 695.902991, rot_MSE: 2208626.000000, rot_RMSE: 1486.144653, rot_MAE: 1275.462891, trans_MSE: 1777538.625000, trans_RMSE: 1333.243652, trans_MAE: 705.801819
B--------->A
EPOCH:: 6, Loss: 1777538.815129, MSE: 2321927.915304, RMSE: 1523.787359, MAE: 688.096817, rot_MSE: 2208626.000000, rot_RMSE: 1486.144653, rot_MAE: 1275.462891, trans_MSE: 1785480.750000, trans_RMSE: 1336.218872, trans_MAE: 689.714355
==TRAIN==
A--------->B
EPOCH:: 7, Loss: 1792257.769231, Cycle Loss:, 0.000000, MSE: 2407150.961538, RMSE: 1551.499585, MAE: 708.804443, rot_MSE: 2096103.000000, rot_RMSE: 1447.792480, rot_MAE: 1249.898193, trans_MSE: 1792257.625000, trans_RMSE: 1338.752319, trans_MAE: 712.760132
B--------->A
EPOCH:: 7, Loss: 1792257.769231, MSE: 2407151.033654, RMSE: 1551.499608, MAE: 703.244333, rot_MSE: 2096103.000000, rot_RMSE: 1447.792480, rot_MAE: 1249.898193, trans_MSE: 1797504.875000, trans_RMSE: 1340.710571, trans_MAE: 725.890808
==TEST==
A--------->B
EPOCH:: 7, Loss: 1845989.313960, Cycle Loss: 0.000000, MSE: 2422314.000584, RMSE: 1556.378489, MAE: 717.470294, rot_MSE: 2207064.250000, rot_RMSE: 1485.619141, rot_MAE: 1275.017700, trans_MSE: 1845989.125000, trans_RMSE: 1358.671875, trans_MAE: 664.897583
B--------->A
EPOCH:: 7, Loss: 1845989.313960, MSE: 2422314.003505, RMSE: 1556.378490, MAE: 716.144496, rot_MSE: 2207064.000000, rot_RMSE: 1485.619019, rot_MAE: 1275.017700, trans_MSE: 1851330.000000, trans_RMSE: 1360.635864, trans_MAE: 658.108765
==BEST TEST==
A--------->B
EPOCH:: 7, Loss: 1777538.815129, Cycle Loss: 0.000000, MSE: 2321927.891355, RMSE: 1523.787351, MAE: 695.902991, rot_MSE: 2208626.000000, rot_RMSE: 1486.144653, rot_MAE: 1275.462891, trans_MSE: 1777538.625000, trans_RMSE: 1333.243652, trans_MAE: 705.801819
B--------->A
EPOCH:: 7, Loss: 1777538.815129, MSE: 2321927.915304, RMSE: 1523.787359, MAE: 688.096817, rot_MSE: 2208626.000000, rot_RMSE: 1486.144653, rot_MAE: 1275.462891, trans_MSE: 1785480.750000, trans_RMSE: 1336.218872, trans_MAE: 689.714355
==TRAIN==
A--------->B
EPOCH:: 8, Loss: 1898300.884615, Cycle Loss:, 0.000000, MSE: 2419784.125000, RMSE: 1555.565532, MAE: 706.277677, rot_MSE: 2093019.250000, rot_RMSE: 1446.727051, rot_MAE: 1247.326782, trans_MSE: 1898300.750000, trans_RMSE: 1377.788330, trans_MAE: 720.289001
B--------->A
EPOCH:: 8, Loss: 1898300.884615, MSE: 2419784.269231, RMSE: 1555.565579, MAE: 705.823331, rot_MSE: 2093019.125000, rot_RMSE: 1446.727051, rot_MAE: 1247.326782, trans_MSE: 1899641.875000, trans_RMSE: 1378.275024, trans_MAE: 722.592346
==TEST==
A--------->B
EPOCH:: 8, Loss: 1664435.408002, Cycle Loss: 0.000000, MSE: 2416989.091706, RMSE: 1554.666875, MAE: 710.814948, rot_MSE: 2210572.750000, rot_RMSE: 1486.799438, rot_MAE: 1276.112427, trans_MSE: 1664435.250000, trans_RMSE: 1290.129883, trans_MAE: 662.415039
B--------->A
EPOCH:: 8, Loss: 1664435.408002, MSE: 2416989.168808, RMSE: 1554.666900, MAE: 710.105646, rot_MSE: 2210572.750000, rot_RMSE: 1486.799438, rot_MAE: 1276.112305, trans_MSE: 1677893.125000, trans_RMSE: 1295.335083, trans_MAE: 649.976807
==BEST TEST==
A--------->B
EPOCH:: 8, Loss: 1664435.408002, Cycle Loss: 0.000000, MSE: 2416989.091706, RMSE: 1554.666875, MAE: 710.814948, rot_MSE: 2210572.750000, rot_RMSE: 1486.799438, rot_MAE: 1276.112427, trans_MSE: 1664435.250000, trans_RMSE: 1290.129883, trans_MAE: 662.415039
B--------->A
EPOCH:: 8, Loss: 1664435.408002, MSE: 2416989.168808, RMSE: 1554.666900, MAE: 710.105646, rot_MSE: 2210572.750000, rot_RMSE: 1486.799438, rot_MAE: 1276.112427, trans_MSE: 1677893.125000, trans_RMSE: 1295.335083, trans_MAE: 649.976807
==TRAIN==
A--------->B
EPOCH:: 9, Loss: 1546853.432692, Cycle Loss:, 0.000000, MSE: 2525672.528846, RMSE: 1589.236461, MAE: 717.221126, rot_MSE: 2091796.125000, rot_RMSE: 1446.304321, rot_MAE: 1247.939941, trans_MSE: 1546853.250000, trans_RMSE: 1243.725586, trans_MAE: 678.304871
B--------->A
EPOCH:: 9, Loss: 1546853.432692, MSE: 2525672.548077, RMSE: 1589.236467, MAE: 715.590041, rot_MSE: 2091796.125000, rot_RMSE: 1446.304321, rot_MAE: 1247.939941, trans_MSE: 1550278.250000, trans_RMSE: 1245.101685, trans_MAE: 677.712158
==TEST==
A--------->B
EPOCH:: 9, Loss: 3169271.092582, Cycle Loss: 0.000000, MSE: 2501836.917056, RMSE: 1581.719608, MAE: 727.990111, rot_MSE: 2212383.750000, rot_RMSE: 1487.408447, rot_MAE: 1276.910767, trans_MSE: 3169270.750000, trans_RMSE: 1780.244629, trans_MAE: 732.714050
B--------->A
EPOCH:: 9, Loss: 3169271.092582, MSE: 2501837.470210, RMSE: 1581.719782, MAE: 728.764484, rot_MSE: 2212384.000000, rot_RMSE: 1487.408447, rot_MAE: 1276.910767, trans_MSE: 3194600.500000, trans_RMSE: 1787.344482, trans_MAE: 724.292908
==BEST TEST==
A--------->B
EPOCH:: 9, Loss: 1664435.408002, Cycle Loss: 0.000000, MSE: 2416989.091706, RMSE: 1554.666875, MAE: 710.814948, rot_MSE: 2210572.750000, rot_RMSE: 1486.799438, rot_MAE: 1276.112427, trans_MSE: 1664435.250000, trans_RMSE: 1290.129883, trans_MAE: 662.415039
B--------->A
EPOCH:: 9, Loss: 1664435.408002, MSE: 2416989.168808, RMSE: 1554.666900, MAE: 710.105646, rot_MSE: 2210572.750000, rot_RMSE: 1486.799438, rot_MAE: 1276.112427, trans_MSE: 1677893.125000, trans_RMSE: 1295.335083, trans_MAE: 649.976807
==TRAIN==
A--------->B
EPOCH:: 10, Loss: 1464455.745192, Cycle Loss:, 0.000000, MSE: 2576526.596154, RMSE: 1605.156253, MAE: 724.929124, rot_MSE: 2096322.500000, rot_RMSE: 1447.868286, rot_MAE: 1249.489136, trans_MSE: 1464455.625000, trans_RMSE: 1210.146973, trans_MAE: 659.650696
B--------->A
EPOCH:: 10, Loss: 1464455.745192, MSE: 2576526.769231, RMSE: 1605.156307, MAE: 722.115633, rot_MSE: 2096322.500000, rot_RMSE: 1447.868286, rot_MAE: 1249.489136, trans_MSE: 1470621.125000, trans_RMSE: 1212.691650, trans_MAE: 655.947693
==TEST==
A--------->B
EPOCH:: 10, Loss: 2670783.194509, Cycle Loss: 0.000000, MSE: 2425764.307243, RMSE: 1557.486535, MAE: 718.709680, rot_MSE: 2210906.500000, rot_RMSE: 1486.911743, rot_MAE: 1276.292969, trans_MSE: 2670783.250000, trans_RMSE: 1634.253174, trans_MAE: 730.028320
B--------->A
EPOCH:: 10, Loss: 2670783.194509, MSE: 2425764.311332, RMSE: 1557.486536, MAE: 716.296370, rot_MSE: 2210906.500000, rot_RMSE: 1486.911743, rot_MAE: 1276.292969, trans_MSE: 2689144.000000, trans_RMSE: 1639.860962, trans_MAE: 706.958069
==BEST TEST==
A--------->B
EPOCH:: 10, Loss: 1664435.408002, Cycle Loss: 0.000000, MSE: 2416989.091706, RMSE: 1554.666875, MAE: 710.814948, rot_MSE: 2210572.750000, rot_RMSE: 1486.799438, rot_MAE: 1276.112427, trans_MSE: 1664435.250000, trans_RMSE: 1290.129883, trans_MAE: 662.415039
B--------->A
EPOCH:: 10, Loss: 1664435.408002, MSE: 2416989.168808, RMSE: 1554.666900, MAE: 710.105646, rot_MSE: 2210572.750000, rot_RMSE: 1486.799438, rot_MAE: 1276.112427, trans_MSE: 1677893.125000, trans_RMSE: 1295.335083, trans_MAE: 649.976807
==TRAIN==
A--------->B
EPOCH:: 11, Loss: 1247401.158654, Cycle Loss:, 0.000000, MSE: 2544221.461538, RMSE: 1595.061586, MAE: 717.006174, rot_MSE: 2088620.750000, rot_RMSE: 1445.206177, rot_MAE: 1246.423828, trans_MSE: 1247401.000000, trans_RMSE: 1116.871094, trans_MAE: 621.838135
B--------->A
EPOCH:: 11, Loss: 1247401.158654, MSE: 2544221.394231, RMSE: 1595.061564, MAE: 714.340980, rot_MSE: 2088620.750000, rot_RMSE: 1445.206177, rot_MAE: 1246.423706, trans_MSE: 1250595.750000, trans_RMSE: 1118.300415, trans_MAE: 615.191895
==TEST==
A--------->B
EPOCH:: 11, Loss: 2298599.312792, Cycle Loss: 0.000000, MSE: 2445116.515187, RMSE: 1563.686834, MAE: 716.601730, rot_MSE: 2210003.750000, rot_RMSE: 1486.608154, rot_MAE: 1276.049438, trans_MSE: 2298599.000000, trans_RMSE: 1516.113159, trans_MAE: 708.438599
B--------->A
EPOCH:: 11, Loss: 2298599.312792, MSE: 2445116.217290, RMSE: 1563.686739, MAE: 715.653575, rot_MSE: 2210003.500000, rot_RMSE: 1486.608032, rot_MAE: 1276.049438, trans_MSE: 2313573.000000, trans_RMSE: 1521.043335, trans_MAE: 703.521179
==BEST TEST==
A--------->B
EPOCH:: 11, Loss: 1664435.408002, Cycle Loss: 0.000000, MSE: 2416989.091706, RMSE: 1554.666875, MAE: 710.814948, rot_MSE: 2210572.750000, rot_RMSE: 1486.799438, rot_MAE: 1276.112427, trans_MSE: 1664435.250000, trans_RMSE: 1290.129883, trans_MAE: 662.415039
B--------->A
EPOCH:: 11, Loss: 1664435.408002, MSE: 2416989.168808, RMSE: 1554.666900, MAE: 710.105646, rot_MSE: 2210572.750000, rot_RMSE: 1486.799438, rot_MAE: 1276.112427, trans_MSE: 1677893.125000, trans_RMSE: 1295.335083, trans_MAE: 649.976807
==TRAIN==
A--------->B
EPOCH:: 12, Loss: 1159177.985577, Cycle Loss:, 0.000000, MSE: 2490156.134615, RMSE: 1578.022856, MAE: 714.068406, rot_MSE: 2095409.625000, rot_RMSE: 1447.552979, rot_MAE: 1250.430908, trans_MSE: 1159177.875000, trans_RMSE: 1076.651245, trans_MAE: 617.479492
B--------->A
EPOCH:: 12, Loss: 1159177.985577, MSE: 2490156.192308, RMSE: 1578.022874, MAE: 710.158241, rot_MSE: 2095410.000000, rot_RMSE: 1447.553101, rot_MAE: 1250.430908, trans_MSE: 1165998.500000, trans_RMSE: 1079.814087, trans_MAE: 607.529419
==TEST==
A--------->B
EPOCH:: 12, Loss: 2542902.271612, Cycle Loss: 0.000000, MSE: 2452149.219626, RMSE: 1565.933977, MAE: 717.221741, rot_MSE: 2209400.500000, rot_RMSE: 1486.405273, rot_MAE: 1275.810059, trans_MSE: 2542902.000000, trans_RMSE: 1594.647949, trans_MAE: 720.580200
B--------->A
EPOCH:: 12, Loss: 2542902.271612, MSE: 2452149.515771, RMSE: 1565.934071, MAE: 715.189867, rot_MSE: 2209400.500000, rot_RMSE: 1486.405273, rot_MAE: 1275.810059, trans_MSE: 2558241.000000, trans_RMSE: 1599.450195, trans_MAE: 709.468445
==BEST TEST==
A--------->B
EPOCH:: 12, Loss: 1664435.408002, Cycle Loss: 0.000000, MSE: 2416989.091706, RMSE: 1554.666875, MAE: 710.814948, rot_MSE: 2210572.750000, rot_RMSE: 1486.799438, rot_MAE: 1276.112427, trans_MSE: 1664435.250000, trans_RMSE: 1290.129883, trans_MAE: 662.415039
B--------->A
EPOCH:: 12, Loss: 1664435.408002, MSE: 2416989.168808, RMSE: 1554.666900, MAE: 710.105646, rot_MSE: 2210572.750000, rot_RMSE: 1486.799438, rot_MAE: 1276.112427, trans_MSE: 1677893.125000, trans_RMSE: 1295.335083, trans_MAE: 649.976807
==TRAIN==
A--------->B
EPOCH:: 13, Loss: 1314396.134615, Cycle Loss:, 0.000000, MSE: 2477621.182692, RMSE: 1574.046118, MAE: 710.238220, rot_MSE: 2092679.375000, rot_RMSE: 1446.609619, rot_MAE: 1248.369141, trans_MSE: 1314396.125000, trans_RMSE: 1146.471191, trans_MAE: 591.808411
B--------->A
EPOCH:: 13, Loss: 1314396.134615, MSE: 2477621.048077, RMSE: 1574.046076, MAE: 707.477163, rot_MSE: 2092679.375000, rot_RMSE: 1446.609619, rot_MAE: 1248.369141, trans_MSE: 1320874.625000, trans_RMSE: 1149.293091, trans_MAE: 587.641174
==TEST==
A--------->B
EPOCH:: 13, Loss: 2380396.739778, Cycle Loss: 0.000000, MSE: 2424276.852220, RMSE: 1557.008944, MAE: 716.456399, rot_MSE: 2206327.000000, rot_RMSE: 1485.370972, rot_MAE: 1274.960327, trans_MSE: 2380396.500000, trans_RMSE: 1542.853394, trans_MAE: 686.793274
B--------->A
EPOCH:: 13, Loss: 2380396.739778, MSE: 2424276.817757, RMSE: 1557.008933, MAE: 713.045930, rot_MSE: 2206326.750000, rot_RMSE: 1485.370972, rot_MAE: 1274.960327, trans_MSE: 2393349.500000, trans_RMSE: 1547.045410, trans_MAE: 661.237915
==BEST TEST==
A--------->B
EPOCH:: 13, Loss: 1664435.408002, Cycle Loss: 0.000000, MSE: 2416989.091706, RMSE: 1554.666875, MAE: 710.814948, rot_MSE: 2210572.750000, rot_RMSE: 1486.799438, rot_MAE: 1276.112427, trans_MSE: 1664435.250000, trans_RMSE: 1290.129883, trans_MAE: 662.415039
B--------->A
EPOCH:: 13, Loss: 1664435.408002, MSE: 2416989.168808, RMSE: 1554.666900, MAE: 710.105646, rot_MSE: 2210572.750000, rot_RMSE: 1486.799438, rot_MAE: 1276.112427, trans_MSE: 1677893.125000, trans_RMSE: 1295.335083, trans_MAE: 649.976807
==TRAIN==
A--------->B
EPOCH:: 14, Loss: 1757414.019231, Cycle Loss:, 0.000000, MSE: 2437187.942308, RMSE: 1561.149558, MAE: 716.537147, rot_MSE: 2091764.875000, rot_RMSE: 1446.293457, rot_MAE: 1248.518433, trans_MSE: 1757414.000000, trans_RMSE: 1325.674927, trans_MAE: 667.243896
B--------->A
EPOCH:: 14, Loss: 1757414.019231, MSE: 2437187.682692, RMSE: 1561.149475, MAE: 714.269470, rot_MSE: 2091764.875000, rot_RMSE: 1446.293457, rot_MAE: 1248.518433, trans_MSE: 1764608.000000, trans_RMSE: 1328.385498, trans_MAE: 672.947144
==TEST==
A--------->B
EPOCH:: 14, Loss: 1906021.339953, Cycle Loss: 0.000000, MSE: 2422967.241238, RMSE: 1556.588334, MAE: 709.682314, rot_MSE: 2209948.750000, rot_RMSE: 1486.589600, rot_MAE: 1275.783203, trans_MSE: 1906021.250000, trans_RMSE: 1380.587280, trans_MAE: 669.448425
B--------->A
EPOCH:: 14, Loss: 1906021.339953, MSE: 2422967.520444, RMSE: 1556.588424, MAE: 708.896260, rot_MSE: 2209948.750000, rot_RMSE: 1486.589600, rot_MAE: 1275.783203, trans_MSE: 1914879.250000, trans_RMSE: 1383.791626, trans_MAE: 644.745178
==BEST TEST==
A--------->B
EPOCH:: 14, Loss: 1664435.408002, Cycle Loss: 0.000000, MSE: 2416989.091706, RMSE: 1554.666875, MAE: 710.814948, rot_MSE: 2210572.750000, rot_RMSE: 1486.799438, rot_MAE: 1276.112427, trans_MSE: 1664435.250000, trans_RMSE: 1290.129883, trans_MAE: 662.415039
B--------->A
EPOCH:: 14, Loss: 1664435.408002, MSE: 2416989.168808, RMSE: 1554.666900, MAE: 710.105646, rot_MSE: 2210572.750000, rot_RMSE: 1486.799438, rot_MAE: 1276.112427, trans_MSE: 1677893.125000, trans_RMSE: 1295.335083, trans_MAE: 649.976807
==TRAIN==
A--------->B
EPOCH:: 15, Loss: 1092950.653846, Cycle Loss:, 0.000000, MSE: 2519427.096154, RMSE: 1587.270329, MAE: 717.047551, rot_MSE: 2097384.500000, rot_RMSE: 1448.234985, rot_MAE: 1250.754272, trans_MSE: 1092950.625000, trans_RMSE: 1045.442749, trans_MAE: 565.247925
B--------->A
EPOCH:: 15, Loss: 1092950.653846, MSE: 2519427.028846, RMSE: 1587.270307, MAE: 714.358312, rot_MSE: 2097384.250000, rot_RMSE: 1448.234863, rot_MAE: 1250.754395, trans_MSE: 1097440.375000, trans_RMSE: 1047.587891, trans_MAE: 568.999695
==TEST==
A--------->B
EPOCH:: 15, Loss: 1102232.497664, Cycle Loss: 0.000000, MSE: 2389294.710864, RMSE: 1545.734360, MAE: 709.796426, rot_MSE: 2208983.500000, rot_RMSE: 1486.264893, rot_MAE: 1275.771606, trans_MSE: 1102232.375000, trans_RMSE: 1049.872559, trans_MAE: 629.072510
B--------->A
EPOCH:: 15, Loss: 1102232.497664, MSE: 2389294.526285, RMSE: 1545.734300, MAE: 704.947231, rot_MSE: 2208983.250000, rot_RMSE: 1486.264893, rot_MAE: 1275.771606, trans_MSE: 1108632.375000, trans_RMSE: 1052.916138, trans_MAE: 597.073914
==BEST TEST==
A--------->B
EPOCH:: 15, Loss: 1102232.497664, Cycle Loss: 0.000000, MSE: 2389294.710864, RMSE: 1545.734360, MAE: 709.796426, rot_MSE: 2208983.500000, rot_RMSE: 1486.264893, rot_MAE: 1275.771606, trans_MSE: 1102232.375000, trans_RMSE: 1049.872559, trans_MAE: 629.072510
B--------->A
EPOCH:: 15, Loss: 1102232.497664, MSE: 2389294.526285, RMSE: 1545.734300, MAE: 704.947231, rot_MSE: 2208983.250000, rot_RMSE: 1486.264893, rot_MAE: 1275.771606, trans_MSE: 1108632.375000, trans_RMSE: 1052.916138, trans_MAE: 597.073914
==TRAIN==
A--------->B
EPOCH:: 16, Loss: 1029010.822115, Cycle Loss:, 0.000000, MSE: 2411830.576923, RMSE: 1553.006947, MAE: 703.252883, rot_MSE: 2095236.875000, rot_RMSE: 1447.493286, rot_MAE: 1249.764038, trans_MSE: 1029010.687500, trans_RMSE: 1014.401611, trans_MAE: 592.153259
B--------->A
EPOCH:: 16, Loss: 1029010.822115, MSE: 2411830.682692, RMSE: 1553.006981, MAE: 702.381888, rot_MSE: 2095236.875000, rot_RMSE: 1447.493286, rot_MAE: 1249.764038, trans_MSE: 1033741.750000, trans_RMSE: 1016.730896, trans_MAE: 584.409729
==TEST==
A--------->B
EPOCH:: 16, Loss: 1416464.165304, Cycle Loss: 0.000000, MSE: 2389202.358061, RMSE: 1545.704486, MAE: 710.496822, rot_MSE: 2207236.750000, rot_RMSE: 1485.677246, rot_MAE: 1275.365112, trans_MSE: 1416464.000000, trans_RMSE: 1190.152954, trans_MAE: 655.952698
B--------->A
EPOCH:: 16, Loss: 1416464.165304, MSE: 2389202.416472, RMSE: 1545.704505, MAE: 704.393524, rot_MSE: 2207236.750000, rot_RMSE: 1485.677246, rot_MAE: 1275.365112, trans_MSE: 1423641.875000, trans_RMSE: 1193.164673, trans_MAE: 626.021484
==BEST TEST==
A--------->B
EPOCH:: 16, Loss: 1102232.497664, Cycle Loss: 0.000000, MSE: 2389294.710864, RMSE: 1545.734360, MAE: 709.796426, rot_MSE: 2208983.500000, rot_RMSE: 1486.264893, rot_MAE: 1275.771606, trans_MSE: 1102232.375000, trans_RMSE: 1049.872559, trans_MAE: 629.072510
B--------->A
EPOCH:: 16, Loss: 1102232.497664, MSE: 2389294.526285, RMSE: 1545.734300, MAE: 704.947231, rot_MSE: 2208983.250000, rot_RMSE: 1486.264893, rot_MAE: 1275.771606, trans_MSE: 1108632.375000, trans_RMSE: 1052.916138, trans_MAE: 597.073914
==TRAIN==
A--------->B
EPOCH:: 17, Loss: 1036076.281250, Cycle Loss:, 0.000000, MSE: 2447637.057692, RMSE: 1564.492588, MAE: 709.298072, rot_MSE: 2080634.250000, rot_RMSE: 1442.440430, rot_MAE: 1245.705566, trans_MSE: 1036076.187500, trans_RMSE: 1017.878296, trans_MAE: 575.803772
B--------->A
EPOCH:: 17, Loss: 1036076.281250, MSE: 2447637.067308, RMSE: 1564.492591, MAE: 706.602516, rot_MSE: 2080634.250000, rot_RMSE: 1442.440430, rot_MAE: 1245.705566, trans_MSE: 1040181.562500, trans_RMSE: 1019.892944, trans_MAE: 578.985596
==TEST==
A--------->B
EPOCH:: 17, Loss: 1104171.540012, Cycle Loss: 0.000000, MSE: 2381507.610981, RMSE: 1543.213404, MAE: 712.625443, rot_MSE: 2205527.250000, rot_RMSE: 1485.101807, rot_MAE: 1275.000732, trans_MSE: 1104171.500000, trans_RMSE: 1050.795654, trans_MAE: 598.617981
B--------->A
EPOCH:: 17, Loss: 1104171.540012, MSE: 2381507.609813, RMSE: 1543.213404, MAE: 706.186411, rot_MSE: 2205527.250000, rot_RMSE: 1485.101807, rot_MAE: 1275.000732, trans_MSE: 1108791.250000, trans_RMSE: 1052.991577, trans_MAE: 578.655640
==BEST TEST==
A--------->B
EPOCH:: 17, Loss: 1102232.497664, Cycle Loss: 0.000000, MSE: 2389294.710864, RMSE: 1545.734360, MAE: 709.796426, rot_MSE: 2208983.500000, rot_RMSE: 1486.264893, rot_MAE: 1275.771606, trans_MSE: 1102232.375000, trans_RMSE: 1049.872559, trans_MAE: 629.072510
B--------->A
EPOCH:: 17, Loss: 1102232.497664, MSE: 2389294.526285, RMSE: 1545.734300, MAE: 704.947231, rot_MSE: 2208983.250000, rot_RMSE: 1486.264893, rot_MAE: 1275.771606, trans_MSE: 1108632.375000, trans_RMSE: 1052.916138, trans_MAE: 597.073914
==TRAIN==
A--------->B
EPOCH:: 18, Loss: 886935.661058, Cycle Loss:, 0.000000, MSE: 2436344.778846, RMSE: 1560.879489, MAE: 712.736892, rot_MSE: 2096012.125000, rot_RMSE: 1447.761108, rot_MAE: 1250.356934, trans_MSE: 886935.562500, trans_RMSE: 941.772583, trans_MAE: 561.562805
B--------->A
EPOCH:: 18, Loss: 886935.661058, MSE: 2436344.817308, RMSE: 1560.879501, MAE: 709.599821, rot_MSE: 2096012.125000, rot_RMSE: 1447.761108, rot_MAE: 1250.356934, trans_MSE: 889295.562500, trans_RMSE: 943.024658, trans_MAE: 551.581360
==TEST==
A--------->B
EPOCH:: 18, Loss: 872178.523364, Cycle Loss: 0.000000, MSE: 2353214.410047, RMSE: 1534.019038, MAE: 712.151834, rot_MSE: 2205641.750000, rot_RMSE: 1485.140259, rot_MAE: 1274.759277, trans_MSE: 872178.437500, trans_RMSE: 933.904968, trans_MAE: 576.017761
B--------->A
EPOCH:: 18, Loss: 872178.523364, MSE: 2353214.176986, RMSE: 1534.018962, MAE: 706.982963, rot_MSE: 2205641.750000, rot_RMSE: 1485.140259, rot_MAE: 1274.759277, trans_MSE: 875970.375000, trans_RMSE: 935.932861, trans_MAE: 569.218567
==BEST TEST==
A--------->B
EPOCH:: 18, Loss: 872178.523364, Cycle Loss: 0.000000, MSE: 2353214.410047, RMSE: 1534.019038, MAE: 712.151834, rot_MSE: 2205641.750000, rot_RMSE: 1485.140259, rot_MAE: 1274.759277, trans_MSE: 872178.437500, trans_RMSE: 933.904968, trans_MAE: 576.017761
B--------->A
EPOCH:: 18, Loss: 872178.523364, MSE: 2353214.176986, RMSE: 1534.018962, MAE: 706.982963, rot_MSE: 2205641.750000, rot_RMSE: 1485.140259, rot_MAE: 1274.759277, trans_MSE: 875970.375000, trans_RMSE: 935.932861, trans_MAE: 569.218567
==TRAIN==
A--------->B
EPOCH:: 19, Loss: 980707.903846, Cycle Loss:, 0.000000, MSE: 2402111.923077, RMSE: 1549.874809, MAE: 707.853009, rot_MSE: 2103658.000000, rot_RMSE: 1450.399292, rot_MAE: 1252.383789, trans_MSE: 980707.687500, trans_RMSE: 990.306885, trans_MAE: 572.572693
B--------->A
EPOCH:: 19, Loss: 980707.903846, MSE: 2402111.884615, RMSE: 1549.874796, MAE: 702.665931, rot_MSE: 2103658.250000, rot_RMSE: 1450.399292, rot_MAE: 1252.383911, trans_MSE: 979911.562500, trans_RMSE: 989.904846, trans_MAE: 564.421082
==TEST==
A--------->B
EPOCH:: 19, Loss: 1104964.378505, Cycle Loss: 0.000000, MSE: 2361128.260514, RMSE: 1536.596323, MAE: 707.789247, rot_MSE: 2207911.000000, rot_RMSE: 1485.904053, rot_MAE: 1275.602417, trans_MSE: 1104964.250000, trans_RMSE: 1051.172852, trans_MAE: 617.242615
B--------->A
EPOCH:: 19, Loss: 1104964.378505, MSE: 2361128.410631, RMSE: 1536.596372, MAE: 706.172290, rot_MSE: 2207911.250000, rot_RMSE: 1485.904175, rot_MAE: 1275.602295, trans_MSE: 1109162.875000, trans_RMSE: 1053.167969, trans_MAE: 607.044373
==BEST TEST==
A--------->B
EPOCH:: 19, Loss: 872178.523364, Cycle Loss: 0.000000, MSE: 2353214.410047, RMSE: 1534.019038, MAE: 712.151834, rot_MSE: 2205641.750000, rot_RMSE: 1485.140259, rot_MAE: 1274.759277, trans_MSE: 872178.437500, trans_RMSE: 933.904968, trans_MAE: 576.017761
B--------->A
EPOCH:: 19, Loss: 872178.523364, MSE: 2353214.176986, RMSE: 1534.018962, MAE: 706.982963, rot_MSE: 2205641.750000, rot_RMSE: 1485.140259, rot_MAE: 1274.759277, trans_MSE: 875970.375000, trans_RMSE: 935.932861, trans_MAE: 569.218567
==TRAIN==
A--------->B
EPOCH:: 20, Loss: 1000680.329327, Cycle Loss:, 0.000000, MSE: 2391677.096154, RMSE: 1546.504800, MAE: 704.651766, rot_MSE: 2099356.500000, rot_RMSE: 1448.915649, rot_MAE: 1249.899048, trans_MSE: 1000680.187500, trans_RMSE: 1000.340027, trans_MAE: 569.049072
B--------->A
EPOCH:: 20, Loss: 1000680.329327, MSE: 2391677.038462, RMSE: 1546.504781, MAE: 702.334426, rot_MSE: 2099356.500000, rot_RMSE: 1448.915649, rot_MAE: 1249.899048, trans_MSE: 1005129.250000, trans_RMSE: 1002.561340, trans_MAE: 565.950378
==TEST==
A--------->B
EPOCH:: 20, Loss: 1109878.581484, Cycle Loss: 0.000000, MSE: 2355623.603972, RMSE: 1534.804093, MAE: 706.221487, rot_MSE: 2209217.500000, rot_RMSE: 1486.343628, rot_MAE: 1275.929810, trans_MSE: 1109878.375000, trans_RMSE: 1053.507690, trans_MAE: 624.380249
B--------->A
EPOCH:: 20, Loss: 1109878.581484, MSE: 2355623.548481, RMSE: 1534.804075, MAE: 702.311710, rot_MSE: 2209217.500000, rot_RMSE: 1486.343628, rot_MAE: 1275.929932, trans_MSE: 1113610.000000, trans_RMSE: 1055.277222, trans_MAE: 607.441284
==BEST TEST==
A--------->B
EPOCH:: 20, Loss: 872178.523364, Cycle Loss: 0.000000, MSE: 2353214.410047, RMSE: 1534.019038, MAE: 712.151834, rot_MSE: 2205641.750000, rot_RMSE: 1485.140259, rot_MAE: 1274.759277, trans_MSE: 872178.437500, trans_RMSE: 933.904968, trans_MAE: 576.017761
B--------->A
EPOCH:: 20, Loss: 872178.523364, MSE: 2353214.176986, RMSE: 1534.018962, MAE: 706.982963, rot_MSE: 2205641.750000, rot_RMSE: 1485.140259, rot_MAE: 1274.759277, trans_MSE: 875970.375000, trans_RMSE: 935.932861, trans_MAE: 569.218567
==TRAIN==
A--------->B
EPOCH:: 21, Loss: 1082333.046875, Cycle Loss:, 0.000000, MSE: 2426146.307692, RMSE: 1557.609164, MAE: 711.983981, rot_MSE: 2094568.625000, rot_RMSE: 1447.262451, rot_MAE: 1248.125977, trans_MSE: 1082332.875000, trans_RMSE: 1040.352295, trans_MAE: 575.629700
B--------->A
EPOCH:: 21, Loss: 1082333.046875, MSE: 2426146.471154, RMSE: 1557.609216, MAE: 708.030626, rot_MSE: 2094568.875000, rot_RMSE: 1447.262573, rot_MAE: 1248.125977, trans_MSE: 1084273.375000, trans_RMSE: 1041.284424, trans_MAE: 571.411377
==TEST==
A--------->B
EPOCH:: 21, Loss: 1488256.229848, Cycle Loss: 0.000000, MSE: 2374592.052570, RMSE: 1540.971139, MAE: 715.176930, rot_MSE: 2206438.500000, rot_RMSE: 1485.408569, rot_MAE: 1274.992310, trans_MSE: 1488256.000000, trans_RMSE: 1219.941040, trans_MAE: 628.611938
B--------->A
EPOCH:: 21, Loss: 1488256.229848, MSE: 2374592.073014, RMSE: 1540.971146, MAE: 710.303110, rot_MSE: 2206438.750000, rot_RMSE: 1485.408569, rot_MAE: 1274.992432, trans_MSE: 1493625.250000, trans_RMSE: 1222.139648, trans_MAE: 610.654480
==BEST TEST==
A--------->B
EPOCH:: 21, Loss: 872178.523364, Cycle Loss: 0.000000, MSE: 2353214.410047, RMSE: 1534.019038, MAE: 712.151834, rot_MSE: 2205641.750000, rot_RMSE: 1485.140259, rot_MAE: 1274.759277, trans_MSE: 872178.437500, trans_RMSE: 933.904968, trans_MAE: 576.017761
B--------->A
EPOCH:: 21, Loss: 872178.523364, MSE: 2353214.176986, RMSE: 1534.018962, MAE: 706.982963, rot_MSE: 2205641.750000, rot_RMSE: 1485.140259, rot_MAE: 1274.759277, trans_MSE: 875970.375000, trans_RMSE: 935.932861, trans_MAE: 569.218567
==TRAIN==
A--------->B
EPOCH:: 22, Loss: 827750.096154, Cycle Loss:, 0.000000, MSE: 2518884.836538, RMSE: 1587.099504, MAE: 723.171326, rot_MSE: 2086469.375000, rot_RMSE: 1444.461670, rot_MAE: 1246.204468, trans_MSE: 827750.000000, trans_RMSE: 909.807678, trans_MAE: 535.991272
B--------->A
EPOCH:: 22, Loss: 827750.096154, MSE: 2518885.153846, RMSE: 1587.099604, MAE: 718.747911, rot_MSE: 2086469.375000, rot_RMSE: 1444.461670, rot_MAE: 1246.204468, trans_MSE: 832610.375000, trans_RMSE: 912.474854, trans_MAE: 543.549988
==TEST==
A--------->B
EPOCH:: 22, Loss: 2133865.874416, Cycle Loss: 0.000000, MSE: 2380496.535047, RMSE: 1542.885782, MAE: 716.965291, rot_MSE: 2206750.250000, rot_RMSE: 1485.513428, rot_MAE: 1275.383911, trans_MSE: 2133865.750000, trans_RMSE: 1460.775757, trans_MAE: 632.179443
B--------->A
EPOCH:: 22, Loss: 2133865.874416, MSE: 2380496.628505, RMSE: 1542.885812, MAE: 713.720515, rot_MSE: 2206750.250000, rot_RMSE: 1485.513428, rot_MAE: 1275.383911, trans_MSE: 2143557.000000, trans_RMSE: 1464.089111, trans_MAE: 627.072144
==BEST TEST==
A--------->B
EPOCH:: 22, Loss: 872178.523364, Cycle Loss: 0.000000, MSE: 2353214.410047, RMSE: 1534.019038, MAE: 712.151834, rot_MSE: 2205641.750000, rot_RMSE: 1485.140259, rot_MAE: 1274.759277, trans_MSE: 872178.437500, trans_RMSE: 933.904968, trans_MAE: 576.017761
B--------->A
EPOCH:: 22, Loss: 872178.523364, MSE: 2353214.176986, RMSE: 1534.018962, MAE: 706.982963, rot_MSE: 2205641.750000, rot_RMSE: 1485.140259, rot_MAE: 1274.759277, trans_MSE: 875970.375000, trans_RMSE: 935.932861, trans_MAE: 569.218567
==TRAIN==
A--------->B
EPOCH:: 23, Loss: 719011.752404, Cycle Loss:, 0.000000, MSE: 2465345.682692, RMSE: 1570.141931, MAE: 713.977976, rot_MSE: 2080088.250000, rot_RMSE: 1442.251099, rot_MAE: 1244.599609, trans_MSE: 719011.625000, trans_RMSE: 847.945557, trans_MAE: 509.805023
B--------->A
EPOCH:: 23, Loss: 719011.752404, MSE: 2465345.846154, RMSE: 1570.141983, MAE: 710.959449, rot_MSE: 2080088.250000, rot_RMSE: 1442.251099, rot_MAE: 1244.599487, trans_MSE: 716881.250000, trans_RMSE: 846.688416, trans_MAE: 504.214447
==TEST==
A--------->B
EPOCH:: 23, Loss: 1631873.518984, Cycle Loss: 0.000000, MSE: 2360264.723715, RMSE: 1536.315307, MAE: 714.397849, rot_MSE: 2207845.000000, rot_RMSE: 1485.881836, rot_MAE: 1275.478760, trans_MSE: 1631873.375000, trans_RMSE: 1277.447998, trans_MAE: 611.009521
B--------->A
EPOCH:: 23, Loss: 1631873.518984, MSE: 2360264.577687, RMSE: 1536.315260, MAE: 710.307489, rot_MSE: 2207845.250000, rot_RMSE: 1485.881958, rot_MAE: 1275.478760, trans_MSE: 1639248.000000, trans_RMSE: 1280.331177, trans_MAE: 607.810608
==BEST TEST==
A--------->B
EPOCH:: 23, Loss: 872178.523364, Cycle Loss: 0.000000, MSE: 2353214.410047, RMSE: 1534.019038, MAE: 712.151834, rot_MSE: 2205641.750000, rot_RMSE: 1485.140259, rot_MAE: 1274.759277, trans_MSE: 872178.437500, trans_RMSE: 933.904968, trans_MAE: 576.017761
B--------->A
EPOCH:: 23, Loss: 872178.523364, MSE: 2353214.176986, RMSE: 1534.018962, MAE: 706.982963, rot_MSE: 2205641.750000, rot_RMSE: 1485.140259, rot_MAE: 1274.759277, trans_MSE: 875970.375000, trans_RMSE: 935.932861, trans_MAE: 569.218567
==TRAIN==
A--------->B
EPOCH:: 24, Loss: 685663.038462, Cycle Loss:, 0.000000, MSE: 2521034.346154, RMSE: 1587.776542, MAE: 722.515029, rot_MSE: 2094315.500000, rot_RMSE: 1447.175049, rot_MAE: 1249.527222, trans_MSE: 685663.000000, trans_RMSE: 828.047729, trans_MAE: 505.153748
B--------->A
EPOCH:: 24, Loss: 685663.038462, MSE: 2521034.509615, RMSE: 1587.776593, MAE: 720.185674, rot_MSE: 2094315.500000, rot_RMSE: 1447.175049, rot_MAE: 1249.527344, trans_MSE: 687672.812500, trans_RMSE: 829.260376, trans_MAE: 494.767120
==TEST==
A--------->B
EPOCH:: 24, Loss: 1365681.509930, Cycle Loss: 0.000000, MSE: 2377047.535047, RMSE: 1541.767666, MAE: 716.905022, rot_MSE: 2208110.750000, rot_RMSE: 1485.971313, rot_MAE: 1275.450928, trans_MSE: 1365681.375000, trans_RMSE: 1168.623657, trans_MAE: 600.089294
B--------->A
EPOCH:: 24, Loss: 1365681.509930, MSE: 2377047.335864, RMSE: 1541.767601, MAE: 713.221505, rot_MSE: 2208110.750000, rot_RMSE: 1485.971313, rot_MAE: 1275.450928, trans_MSE: 1373691.000000, trans_RMSE: 1172.045654, trans_MAE: 604.044067
==BEST TEST==
A--------->B
EPOCH:: 24, Loss: 872178.523364, Cycle Loss: 0.000000, MSE: 2353214.410047, RMSE: 1534.019038, MAE: 712.151834, rot_MSE: 2205641.750000, rot_RMSE: 1485.140259, rot_MAE: 1274.759277, trans_MSE: 872178.437500, trans_RMSE: 933.904968, trans_MAE: 576.017761
B--------->A
EPOCH:: 24, Loss: 872178.523364, MSE: 2353214.176986, RMSE: 1534.018962, MAE: 706.982963, rot_MSE: 2205641.750000, rot_RMSE: 1485.140259, rot_MAE: 1274.759277, trans_MSE: 875970.375000, trans_RMSE: 935.932861, trans_MAE: 569.218567
==TRAIN==
A--------->B
EPOCH:: 25, Loss: 816752.906250, Cycle Loss:, 0.000000, MSE: 2515710.211538, RMSE: 1586.099055, MAE: 726.550819, rot_MSE: 2075642.625000, rot_RMSE: 1440.709106, rot_MAE: 1242.578125, trans_MSE: 816752.812500, trans_RMSE: 903.743774, trans_MAE: 533.834106
B--------->A
EPOCH:: 25, Loss: 816752.906250, MSE: 2515710.163462, RMSE: 1586.099040, MAE: 724.164964, rot_MSE: 2075642.625000, rot_RMSE: 1440.709106, rot_MAE: 1242.578125, trans_MSE: 818334.437500, trans_RMSE: 904.618408, trans_MAE: 530.784729
==TEST==
A--------->B
EPOCH:: 25, Loss: 1189227.995911, Cycle Loss: 0.000000, MSE: 2402535.153621, RMSE: 1550.011340, MAE: 718.942193, rot_MSE: 2207576.500000, rot_RMSE: 1485.791504, rot_MAE: 1275.434082, trans_MSE: 1189227.875000, trans_RMSE: 1090.517212, trans_MAE: 572.155884
B--------->A
EPOCH:: 25, Loss: 1189227.995911, MSE: 2402535.305491, RMSE: 1550.011389, MAE: 715.395413, rot_MSE: 2207576.500000, rot_RMSE: 1485.791504, rot_MAE: 1275.434082, trans_MSE: 1194641.375000, trans_RMSE: 1092.996460, trans_MAE: 572.817200
==BEST TEST==
A--------->B
EPOCH:: 25, Loss: 872178.523364, Cycle Loss: 0.000000, MSE: 2353214.410047, RMSE: 1534.019038, MAE: 712.151834, rot_MSE: 2205641.750000, rot_RMSE: 1485.140259, rot_MAE: 1274.759277, trans_MSE: 872178.437500, trans_RMSE: 933.904968, trans_MAE: 576.017761
B--------->A
EPOCH:: 25, Loss: 872178.523364, MSE: 2353214.176986, RMSE: 1534.018962, MAE: 706.982963, rot_MSE: 2205641.750000, rot_RMSE: 1485.140259, rot_MAE: 1274.759277, trans_MSE: 875970.375000, trans_RMSE: 935.932861, trans_MAE: 569.218567
==TRAIN==
A--------->B
EPOCH:: 26, Loss: 619817.111779, Cycle Loss:, 0.000000, MSE: 2519192.605769, RMSE: 1587.196461, MAE: 722.741695, rot_MSE: 2089132.875000, rot_RMSE: 1445.383301, rot_MAE: 1247.472900, trans_MSE: 619817.000000, trans_RMSE: 787.284546, trans_MAE: 489.180603
B--------->A
EPOCH:: 26, Loss: 619817.111779, MSE: 2519192.634615, RMSE: 1587.196470, MAE: 721.045626, rot_MSE: 2089132.875000, rot_RMSE: 1445.383301, rot_MAE: 1247.472900, trans_MSE: 619987.312500, trans_RMSE: 787.392761, trans_MAE: 483.806854
==TEST==
A--------->B
EPOCH:: 26, Loss: 1085484.069217, Cycle Loss: 0.000000, MSE: 2406123.331192, RMSE: 1551.168376, MAE: 718.898833, rot_MSE: 2205411.250000, rot_RMSE: 1485.062744, rot_MAE: 1274.841553, trans_MSE: 1085483.875000, trans_RMSE: 1041.865601, trans_MAE: 547.280396
B--------->A
EPOCH:: 26, Loss: 1085484.069217, MSE: 2406122.887266, RMSE: 1551.168233, MAE: 716.061769, rot_MSE: 2205411.250000, rot_RMSE: 1485.062744, rot_MAE: 1274.841553, trans_MSE: 1088759.875000, trans_RMSE: 1043.436523, trans_MAE: 547.430603
==BEST TEST==
A--------->B
EPOCH:: 26, Loss: 872178.523364, Cycle Loss: 0.000000, MSE: 2353214.410047, RMSE: 1534.019038, MAE: 712.151834, rot_MSE: 2205641.750000, rot_RMSE: 1485.140259, rot_MAE: 1274.759277, trans_MSE: 872178.437500, trans_RMSE: 933.904968, trans_MAE: 576.017761
B--------->A
EPOCH:: 26, Loss: 872178.523364, MSE: 2353214.176986, RMSE: 1534.018962, MAE: 706.982963, rot_MSE: 2205641.750000, rot_RMSE: 1485.140259, rot_MAE: 1274.759277, trans_MSE: 875970.375000, trans_RMSE: 935.932861, trans_MAE: 569.218567
==TRAIN==
A--------->B
EPOCH:: 27, Loss: 675670.218750, Cycle Loss:, 0.000000, MSE: 2492040.427885, RMSE: 1578.619786, MAE: 721.320655, rot_MSE: 2108733.250000, rot_RMSE: 1452.147827, rot_MAE: 1254.522827, trans_MSE: 675670.125000, trans_RMSE: 821.991577, trans_MAE: 508.213379
B--------->A
EPOCH:: 27, Loss: 675670.218750, MSE: 2492040.442308, RMSE: 1578.619790, MAE: 716.679138, rot_MSE: 2108733.250000, rot_RMSE: 1452.147827, rot_MAE: 1254.522827, trans_MSE: 678217.875000, trans_RMSE: 823.539856, trans_MAE: 509.736725
==TEST==
A--------->B
EPOCH:: 27, Loss: 1298093.509054, Cycle Loss: 0.000000, MSE: 2413901.669393, RMSE: 1553.673605, MAE: 718.620933, rot_MSE: 2207193.250000, rot_RMSE: 1485.662598, rot_MAE: 1275.216675, trans_MSE: 1298093.250000, trans_RMSE: 1139.338989, trans_MAE: 592.780579
B--------->A
EPOCH:: 27, Loss: 1298093.509054, MSE: 2413901.821262, RMSE: 1553.673653, MAE: 715.132777, rot_MSE: 2207193.500000, rot_RMSE: 1485.662598, rot_MAE: 1275.216675, trans_MSE: 1300945.375000, trans_RMSE: 1140.589966, trans_MAE: 589.337463
==BEST TEST==
A--------->B
EPOCH:: 27, Loss: 872178.523364, Cycle Loss: 0.000000, MSE: 2353214.410047, RMSE: 1534.019038, MAE: 712.151834, rot_MSE: 2205641.750000, rot_RMSE: 1485.140259, rot_MAE: 1274.759277, trans_MSE: 872178.437500, trans_RMSE: 933.904968, trans_MAE: 576.017761
B--------->A
EPOCH:: 27, Loss: 872178.523364, MSE: 2353214.176986, RMSE: 1534.018962, MAE: 706.982963, rot_MSE: 2205641.750000, rot_RMSE: 1485.140259, rot_MAE: 1274.759277, trans_MSE: 875970.375000, trans_RMSE: 935.932861, trans_MAE: 569.218567
==TRAIN==
A--------->B
EPOCH:: 28, Loss: 737400.206731, Cycle Loss:, 0.000000, MSE: 2440306.951923, RMSE: 1562.148185, MAE: 718.929185, rot_MSE: 2098257.750000, rot_RMSE: 1448.536377, rot_MAE: 1251.506592, trans_MSE: 737400.125000, trans_RMSE: 858.720032, trans_MAE: 527.395996
B--------->A
EPOCH:: 28, Loss: 737400.206731, MSE: 2440306.932692, RMSE: 1562.148179, MAE: 712.016578, rot_MSE: 2098257.750000, rot_RMSE: 1448.536377, rot_MAE: 1251.506592, trans_MSE: 736438.437500, trans_RMSE: 858.159912, trans_MAE: 528.957581
==TEST==
A--------->B
EPOCH:: 28, Loss: 1209598.097547, Cycle Loss: 0.000000, MSE: 2381654.285631, RMSE: 1543.260926, MAE: 717.717905, rot_MSE: 2207502.250000, rot_RMSE: 1485.766602, rot_MAE: 1275.460327, trans_MSE: 1209598.000000, trans_RMSE: 1099.817261, trans_MAE: 633.249695
B--------->A
EPOCH:: 28, Loss: 1209598.097547, MSE: 2381654.216121, RMSE: 1543.260903, MAE: 715.149020, rot_MSE: 2207502.250000, rot_RMSE: 1485.766602, rot_MAE: 1275.460327, trans_MSE: 1214533.000000, trans_RMSE: 1102.058472, trans_MAE: 634.017700
==BEST TEST==
A--------->B
EPOCH:: 28, Loss: 872178.523364, Cycle Loss: 0.000000, MSE: 2353214.410047, RMSE: 1534.019038, MAE: 712.151834, rot_MSE: 2205641.750000, rot_RMSE: 1485.140259, rot_MAE: 1274.759277, trans_MSE: 872178.437500, trans_RMSE: 933.904968, trans_MAE: 576.017761
B--------->A
EPOCH:: 28, Loss: 872178.523364, MSE: 2353214.176986, RMSE: 1534.018962, MAE: 706.982963, rot_MSE: 2205641.750000, rot_RMSE: 1485.140259, rot_MAE: 1274.759277, trans_MSE: 875970.375000, trans_RMSE: 935.932861, trans_MAE: 569.218567
==TRAIN==
A--------->B
EPOCH:: 29, Loss: 883037.932692, Cycle Loss:, 0.000000, MSE: 2423149.048077, RMSE: 1556.646732, MAE: 710.281569, rot_MSE: 2097024.625000, rot_RMSE: 1448.110718, rot_MAE: 1249.722168, trans_MSE: 883037.875000, trans_RMSE: 939.700928, trans_MAE: 546.900330
B--------->A
EPOCH:: 29, Loss: 883037.932692, MSE: 2423148.826923, RMSE: 1556.646661, MAE: 706.054317, rot_MSE: 2097024.625000, rot_RMSE: 1448.110718, rot_MAE: 1249.722168, trans_MSE: 887029.937500, trans_RMSE: 941.822693, trans_MAE: 541.977783
==TEST==
A--------->B
EPOCH:: 29, Loss: 946811.317465, Cycle Loss: 0.000000, MSE: 2357567.768107, RMSE: 1535.437321, MAE: 711.152177, rot_MSE: 2204650.500000, rot_RMSE: 1484.806519, rot_MAE: 1274.631104, trans_MSE: 946811.187500, trans_RMSE: 973.042236, trans_MAE: 555.971985
B--------->A
EPOCH:: 29, Loss: 946811.317465, MSE: 2357567.693341, RMSE: 1535.437297, MAE: 705.580906, rot_MSE: 2204650.500000, rot_RMSE: 1484.806519, rot_MAE: 1274.631226, trans_MSE: 952813.062500, trans_RMSE: 976.121460, trans_MAE: 532.515747
==BEST TEST==
A--------->B
EPOCH:: 29, Loss: 872178.523364, Cycle Loss: 0.000000, MSE: 2353214.410047, RMSE: 1534.019038, MAE: 712.151834, rot_MSE: 2205641.750000, rot_RMSE: 1485.140259, rot_MAE: 1274.759277, trans_MSE: 872178.437500, trans_RMSE: 933.904968, trans_MAE: 576.017761
B--------->A
EPOCH:: 29, Loss: 872178.523364, MSE: 2353214.176986, RMSE: 1534.018962, MAE: 706.982963, rot_MSE: 2205641.750000, rot_RMSE: 1485.140259, rot_MAE: 1274.759277, trans_MSE: 875970.375000, trans_RMSE: 935.932861, trans_MAE: 569.218567
==TRAIN==
A--------->B
EPOCH:: 30, Loss: 939203.194712, Cycle Loss:, 0.000000, MSE: 2417194.653846, RMSE: 1554.732985, MAE: 709.600797, rot_MSE: 2091842.000000, rot_RMSE: 1446.320190, rot_MAE: 1247.796387, trans_MSE: 939203.187500, trans_RMSE: 969.124939, trans_MAE: 552.137817
B--------->A
EPOCH:: 30, Loss: 939203.194712, MSE: 2417194.567308, RMSE: 1554.732957, MAE: 707.398278, rot_MSE: 2091842.000000, rot_RMSE: 1446.320190, rot_MAE: 1247.796387, trans_MSE: 944619.875000, trans_RMSE: 971.915588, trans_MAE: 548.779968
==TEST==
A--------->B
EPOCH:: 30, Loss: 4197664.539136, Cycle Loss: 0.000000, MSE: 2404387.396028, RMSE: 1550.608718, MAE: 713.803931, rot_MSE: 2217043.250000, rot_RMSE: 1488.973877, rot_MAE: 1278.683838, trans_MSE: 4197664.500000, trans_RMSE: 2048.820312, trans_MAE: 857.451233
B--------->A
EPOCH:: 30, Loss: 4197664.539136, MSE: 2404387.738902, RMSE: 1550.608828, MAE: 707.072788, rot_MSE: 2217043.250000, rot_RMSE: 1488.973877, rot_MAE: 1278.683960, trans_MSE: 4213485.000000, trans_RMSE: 2052.677490, trans_MAE: 822.475647
==BEST TEST==
A--------->B
EPOCH:: 30, Loss: 872178.523364, Cycle Loss: 0.000000, MSE: 2353214.410047, RMSE: 1534.019038, MAE: 712.151834, rot_MSE: 2205641.750000, rot_RMSE: 1485.140259, rot_MAE: 1274.759277, trans_MSE: 872178.437500, trans_RMSE: 933.904968, trans_MAE: 576.017761
B--------->A
EPOCH:: 30, Loss: 872178.523364, MSE: 2353214.176986, RMSE: 1534.018962, MAE: 706.982963, rot_MSE: 2205641.750000, rot_RMSE: 1485.140259, rot_MAE: 1274.759277, trans_MSE: 875970.375000, trans_RMSE: 935.932861, trans_MAE: 569.218567
==TRAIN==
A--------->B
EPOCH:: 31, Loss: 1897996.346154, Cycle Loss:, 0.000000, MSE: 2416315.557692, RMSE: 1554.450243, MAE: 708.607596, rot_MSE: 2095697.250000, rot_RMSE: 1447.652344, rot_MAE: 1249.420532, trans_MSE: 1897996.125000, trans_RMSE: 1377.677856, trans_MAE: 795.668945
B--------->A
EPOCH:: 31, Loss: 1897996.346154, MSE: 2416315.586538, RMSE: 1554.450252, MAE: 708.633446, rot_MSE: 2095697.250000, rot_RMSE: 1447.652344, rot_MAE: 1249.420654, trans_MSE: 1906720.625000, trans_RMSE: 1380.840576, trans_MAE: 782.433167
==TEST==
A--------->B
EPOCH:: 31, Loss: 4699042.183411, Cycle Loss: 0.000000, MSE: 2374071.922897, RMSE: 1540.802363, MAE: 711.349140, rot_MSE: 2222911.250000, rot_RMSE: 1490.943115, rot_MAE: 1279.448364, trans_MSE: 4699041.500000, trans_RMSE: 2167.727295, trans_MAE: 951.345215
B--------->A
EPOCH:: 31, Loss: 4699042.183411, MSE: 2374071.604556, RMSE: 1540.802260, MAE: 707.998873, rot_MSE: 2222911.500000, rot_RMSE: 1490.943115, rot_MAE: 1279.448364, trans_MSE: 4726826.500000, trans_RMSE: 2174.126709, trans_MAE: 921.176086
==BEST TEST==
A--------->B
EPOCH:: 31, Loss: 872178.523364, Cycle Loss: 0.000000, MSE: 2353214.410047, RMSE: 1534.019038, MAE: 712.151834, rot_MSE: 2205641.750000, rot_RMSE: 1485.140259, rot_MAE: 1274.759277, trans_MSE: 872178.437500, trans_RMSE: 933.904968, trans_MAE: 576.017761
B--------->A
EPOCH:: 31, Loss: 872178.523364, MSE: 2353214.176986, RMSE: 1534.018962, MAE: 706.982963, rot_MSE: 2205641.750000, rot_RMSE: 1485.140259, rot_MAE: 1274.759277, trans_MSE: 875970.375000, trans_RMSE: 935.932861, trans_MAE: 569.218567
==TRAIN==
A--------->B
EPOCH:: 32, Loss: 2023595.192308, Cycle Loss:, 0.000000, MSE: 2440793.221154, RMSE: 1562.303818, MAE: 713.252873, rot_MSE: 2080054.000000, rot_RMSE: 1442.239258, rot_MAE: 1243.462036, trans_MSE: 2023594.875000, trans_RMSE: 1422.531128, trans_MAE: 801.345825
B--------->A
EPOCH:: 32, Loss: 2023595.192308, MSE: 2440793.346154, RMSE: 1562.303858, MAE: 713.233605, rot_MSE: 2080054.125000, rot_RMSE: 1442.239258, rot_MAE: 1243.462036, trans_MSE: 2032245.375000, trans_RMSE: 1425.568481, trans_MAE: 791.683960
==TEST==
A--------->B
EPOCH:: 32, Loss: 2917971.297897, Cycle Loss: 0.000000, MSE: 2336403.310164, RMSE: 1528.529787, MAE: 706.039525, rot_MSE: 2216405.000000, rot_RMSE: 1488.759521, rot_MAE: 1278.251587, trans_MSE: 2917971.250000, trans_RMSE: 1708.207031, trans_MAE: 798.552856
B--------->A
EPOCH:: 32, Loss: 2917971.297897, MSE: 2336403.352804, RMSE: 1528.529801, MAE: 700.691933, rot_MSE: 2216405.000000, rot_RMSE: 1488.759521, rot_MAE: 1278.251587, trans_MSE: 2930795.500000, trans_RMSE: 1711.956665, trans_MAE: 774.054504
==BEST TEST==
A--------->B
EPOCH:: 32, Loss: 872178.523364, Cycle Loss: 0.000000, MSE: 2353214.410047, RMSE: 1534.019038, MAE: 712.151834, rot_MSE: 2205641.750000, rot_RMSE: 1485.140259, rot_MAE: 1274.759277, trans_MSE: 872178.437500, trans_RMSE: 933.904968, trans_MAE: 576.017761
B--------->A
EPOCH:: 32, Loss: 872178.523364, MSE: 2353214.176986, RMSE: 1534.018962, MAE: 706.982963, rot_MSE: 2205641.750000, rot_RMSE: 1485.140259, rot_MAE: 1274.759277, trans_MSE: 875970.375000, trans_RMSE: 935.932861, trans_MAE: 569.218567
==TRAIN==
A--------->B
EPOCH:: 33, Loss: 2253827.250000, Cycle Loss:, 0.000000, MSE: 2311907.802885, RMSE: 1520.495907, MAE: 703.740305, rot_MSE: 2094843.875000, rot_RMSE: 1447.357544, rot_MAE: 1248.556885, trans_MSE: 2253827.250000, trans_RMSE: 1501.275269, trans_MAE: 815.294312
B--------->A
EPOCH:: 33, Loss: 2253827.250000, MSE: 2311907.879808, RMSE: 1520.495932, MAE: 699.936563, rot_MSE: 2094843.875000, rot_RMSE: 1447.357544, rot_MAE: 1248.556885, trans_MSE: 2262352.250000, trans_RMSE: 1504.111816, trans_MAE: 804.340515
==TEST==
A--------->B
EPOCH:: 33, Loss: 3986500.852220, Cycle Loss: 0.000000, MSE: 2423581.784463, RMSE: 1556.785722, MAE: 713.083380, rot_MSE: 2220604.500000, rot_RMSE: 1490.169312, rot_MAE: 1279.177124, trans_MSE: 3986500.500000, trans_RMSE: 1996.622314, trans_MAE: 911.122498
B--------->A
EPOCH:: 33, Loss: 3986500.852220, MSE: 2423581.639603, RMSE: 1556.785676, MAE: 712.546949, rot_MSE: 2220604.500000, rot_RMSE: 1490.169312, rot_MAE: 1279.177124, trans_MSE: 3987566.500000, trans_RMSE: 1996.889160, trans_MAE: 864.394775
==BEST TEST==
A--------->B
EPOCH:: 33, Loss: 872178.523364, Cycle Loss: 0.000000, MSE: 2353214.410047, RMSE: 1534.019038, MAE: 712.151834, rot_MSE: 2205641.750000, rot_RMSE: 1485.140259, rot_MAE: 1274.759277, trans_MSE: 872178.437500, trans_RMSE: 933.904968, trans_MAE: 576.017761
B--------->A
EPOCH:: 33, Loss: 872178.523364, MSE: 2353214.176986, RMSE: 1534.018962, MAE: 706.982963, rot_MSE: 2205641.750000, rot_RMSE: 1485.140259, rot_MAE: 1274.759277, trans_MSE: 875970.375000, trans_RMSE: 935.932861, trans_MAE: 569.218567
==TRAIN==
A--------->B
EPOCH:: 34, Loss: 1848845.644231, Cycle Loss:, 0.000000, MSE: 2421022.000000, RMSE: 1555.963367, MAE: 706.540372, rot_MSE: 2105872.000000, rot_RMSE: 1451.162354, rot_MAE: 1253.480347, trans_MSE: 1848845.500000, trans_RMSE: 1359.722534, trans_MAE: 714.143127
B--------->A
EPOCH:: 34, Loss: 1848845.644231, MSE: 2421021.730769, RMSE: 1555.963281, MAE: 701.366065, rot_MSE: 2105872.000000, rot_RMSE: 1451.162354, rot_MAE: 1253.480347, trans_MSE: 1857052.250000, trans_RMSE: 1362.737061, trans_MAE: 706.922852
==TEST==
A--------->B
EPOCH:: 34, Loss: 3337319.396320, Cycle Loss: 0.000000, MSE: 2400606.717290, RMSE: 1549.389143, MAE: 711.896541, rot_MSE: 2221752.500000, rot_RMSE: 1490.554443, rot_MAE: 1279.613770, trans_MSE: 3337319.250000, trans_RMSE: 1826.833130, trans_MAE: 845.491821
B--------->A
EPOCH:: 34, Loss: 3337319.396320, MSE: 2400606.445093, RMSE: 1549.389055, MAE: 704.594399, rot_MSE: 2221752.250000, rot_RMSE: 1490.554321, rot_MAE: 1279.613647, trans_MSE: 3353685.000000, trans_RMSE: 1831.306885, trans_MAE: 821.160522
==BEST TEST==
A--------->B
EPOCH:: 34, Loss: 872178.523364, Cycle Loss: 0.000000, MSE: 2353214.410047, RMSE: 1534.019038, MAE: 712.151834, rot_MSE: 2205641.750000, rot_RMSE: 1485.140259, rot_MAE: 1274.759277, trans_MSE: 872178.437500, trans_RMSE: 933.904968, trans_MAE: 576.017761
B--------->A
EPOCH:: 34, Loss: 872178.523364, MSE: 2353214.176986, RMSE: 1534.018962, MAE: 706.982963, rot_MSE: 2205641.750000, rot_RMSE: 1485.140259, rot_MAE: 1274.759277, trans_MSE: 875970.375000, trans_RMSE: 935.932861, trans_MAE: 569.218567
==TRAIN==
A--------->B
EPOCH:: 35, Loss: 2069001.903846, Cycle Loss:, 0.000000, MSE: 2301860.384615, RMSE: 1517.188315, MAE: 700.682758, rot_MSE: 2102321.750000, rot_RMSE: 1449.938477, rot_MAE: 1251.290405, trans_MSE: 2069001.875000, trans_RMSE: 1438.402588, trans_MAE: 757.241272
B--------->A
EPOCH:: 35, Loss: 2069001.903846, MSE: 2301860.346154, RMSE: 1517.188303, MAE: 698.560995, rot_MSE: 2102322.000000, rot_RMSE: 1449.938599, rot_MAE: 1251.290405, trans_MSE: 2067118.750000, trans_RMSE: 1437.747803, trans_MAE: 748.346924
==TEST==
A--------->B
EPOCH:: 35, Loss: 3121459.016939, Cycle Loss: 0.000000, MSE: 2414382.919393, RMSE: 1553.828472, MAE: 719.123180, rot_MSE: 2219545.500000, rot_RMSE: 1489.813965, rot_MAE: 1278.716064, trans_MSE: 3121458.750000, trans_RMSE: 1766.765015, trans_MAE: 843.186157
B--------->A
EPOCH:: 35, Loss: 3121459.016939, MSE: 2414383.453855, RMSE: 1553.828644, MAE: 712.486645, rot_MSE: 2219545.500000, rot_RMSE: 1489.813965, rot_MAE: 1278.716064, trans_MSE: 3129167.250000, trans_RMSE: 1768.945190, trans_MAE: 831.464172
==BEST TEST==
A--------->B
EPOCH:: 35, Loss: 872178.523364, Cycle Loss: 0.000000, MSE: 2353214.410047, RMSE: 1534.019038, MAE: 712.151834, rot_MSE: 2205641.750000, rot_RMSE: 1485.140259, rot_MAE: 1274.759277, trans_MSE: 872178.437500, trans_RMSE: 933.904968, trans_MAE: 576.017761
B--------->A
EPOCH:: 35, Loss: 872178.523364, MSE: 2353214.176986, RMSE: 1534.018962, MAE: 706.982963, rot_MSE: 2205641.750000, rot_RMSE: 1485.140259, rot_MAE: 1274.759277, trans_MSE: 875970.375000, trans_RMSE: 935.932861, trans_MAE: 569.218567
==TRAIN==
A--------->B
EPOCH:: 36, Loss: 2070868.461538, Cycle Loss:, 0.000000, MSE: 2368523.250000, RMSE: 1539.000731, MAE: 709.914565, rot_MSE: 2105704.500000, rot_RMSE: 1451.104614, rot_MAE: 1250.516846, trans_MSE: 2070868.125000, trans_RMSE: 1439.051147, trans_MAE: 809.384521
B--------->A
EPOCH:: 36, Loss: 2070868.461538, MSE: 2368523.326923, RMSE: 1539.000756, MAE: 707.091341, rot_MSE: 2105704.500000, rot_RMSE: 1451.104614, rot_MAE: 1250.516846, trans_MSE: 2072727.750000, trans_RMSE: 1439.697144, trans_MAE: 810.558472
==TEST==
A--------->B
EPOCH:: 36, Loss: 2515663.690421, Cycle Loss: 0.000000, MSE: 2301592.147780, RMSE: 1517.099914, MAE: 701.276095, rot_MSE: 2216614.000000, rot_RMSE: 1488.829712, rot_MAE: 1277.561279, trans_MSE: 2515663.250000, trans_RMSE: 1586.084229, trans_MAE: 769.277161
B--------->A
EPOCH:: 36, Loss: 2515663.690421, MSE: 2301591.921729, RMSE: 1517.099839, MAE: 699.769373, rot_MSE: 2216613.750000, rot_RMSE: 1488.829712, rot_MAE: 1277.561279, trans_MSE: 2523611.000000, trans_RMSE: 1588.587769, trans_MAE: 728.369812
==BEST TEST==
A--------->B
EPOCH:: 36, Loss: 872178.523364, Cycle Loss: 0.000000, MSE: 2353214.410047, RMSE: 1534.019038, MAE: 712.151834, rot_MSE: 2205641.750000, rot_RMSE: 1485.140259, rot_MAE: 1274.759277, trans_MSE: 872178.437500, trans_RMSE: 933.904968, trans_MAE: 576.017761
B--------->A
EPOCH:: 36, Loss: 872178.523364, MSE: 2353214.176986, RMSE: 1534.018962, MAE: 706.982963, rot_MSE: 2205641.750000, rot_RMSE: 1485.140259, rot_MAE: 1274.759277, trans_MSE: 875970.375000, trans_RMSE: 935.932861, trans_MAE: 569.218567
==TRAIN==
A--------->B
EPOCH:: 37, Loss: 1838052.423077, Cycle Loss:, 0.000000, MSE: 2323083.750000, RMSE: 1524.166576, MAE: 701.752413, rot_MSE: 2101415.500000, rot_RMSE: 1449.625977, rot_MAE: 1251.110718, trans_MSE: 1838052.125000, trans_RMSE: 1355.747803, trans_MAE: 775.298950
B--------->A
EPOCH:: 37, Loss: 1838052.423077, MSE: 2323083.788462, RMSE: 1524.166588, MAE: 697.048410, rot_MSE: 2101415.500000, rot_RMSE: 1449.625977, rot_MAE: 1251.110718, trans_MSE: 1843746.625000, trans_RMSE: 1357.846313, trans_MAE: 765.627319
==TEST==
A--------->B
EPOCH:: 37, Loss: 2804191.964077, Cycle Loss: 0.000000, MSE: 2320962.277453, RMSE: 1523.470471, MAE: 697.526292, rot_MSE: 2211449.500000, rot_RMSE: 1487.094360, rot_MAE: 1276.092529, trans_MSE: 2804191.250000, trans_RMSE: 1674.571899, trans_MAE: 784.129883
B--------->A
EPOCH:: 37, Loss: 2804191.964077, MSE: 2320962.522780, RMSE: 1523.470552, MAE: 697.025217, rot_MSE: 2211449.500000, rot_RMSE: 1487.094360, rot_MAE: 1276.092529, trans_MSE: 2812088.500000, trans_RMSE: 1676.928345, trans_MAE: 735.518738
==BEST TEST==
A--------->B
EPOCH:: 37, Loss: 872178.523364, Cycle Loss: 0.000000, MSE: 2353214.410047, RMSE: 1534.019038, MAE: 712.151834, rot_MSE: 2205641.750000, rot_RMSE: 1485.140259, rot_MAE: 1274.759277, trans_MSE: 872178.437500, trans_RMSE: 933.904968, trans_MAE: 576.017761
B--------->A
EPOCH:: 37, Loss: 872178.523364, MSE: 2353214.176986, RMSE: 1534.018962, MAE: 706.982963, rot_MSE: 2205641.750000, rot_RMSE: 1485.140259, rot_MAE: 1274.759277, trans_MSE: 875970.375000, trans_RMSE: 935.932861, trans_MAE: 569.218567
==TRAIN==
A--------->B
EPOCH:: 38, Loss: 1339838.581731, Cycle Loss:, 0.000000, MSE: 2252225.365385, RMSE: 1500.741605, MAE: 686.860305, rot_MSE: 2102212.000000, rot_RMSE: 1449.900635, rot_MAE: 1250.592896, trans_MSE: 1339838.375000, trans_RMSE: 1157.513916, trans_MAE: 690.757996
B--------->A
EPOCH:: 38, Loss: 1339838.581731, MSE: 2252225.307692, RMSE: 1500.741586, MAE: 684.797880, rot_MSE: 2102212.000000, rot_RMSE: 1449.900635, rot_MAE: 1250.592896, trans_MSE: 1343209.375000, trans_RMSE: 1158.969116, trans_MAE: 700.246704
==TEST==
A--------->B
EPOCH:: 38, Loss: 2895339.035339, Cycle Loss: 0.000000, MSE: 2313405.832944, RMSE: 1520.988439, MAE: 697.464093, rot_MSE: 2212536.500000, rot_RMSE: 1487.459717, rot_MAE: 1276.492798, trans_MSE: 2895338.750000, trans_RMSE: 1701.569458, trans_MAE: 795.617004
B--------->A
EPOCH:: 38, Loss: 2895339.035339, MSE: 2313405.545561, RMSE: 1520.988345, MAE: 694.578243, rot_MSE: 2212536.500000, rot_RMSE: 1487.459717, rot_MAE: 1276.492676, trans_MSE: 2903664.250000, trans_RMSE: 1704.014160, trans_MAE: 743.069397
==BEST TEST==
A--------->B
EPOCH:: 38, Loss: 872178.523364, Cycle Loss: 0.000000, MSE: 2353214.410047, RMSE: 1534.019038, MAE: 712.151834, rot_MSE: 2205641.750000, rot_RMSE: 1485.140259, rot_MAE: 1274.759277, trans_MSE: 872178.437500, trans_RMSE: 933.904968, trans_MAE: 576.017761
B--------->A
EPOCH:: 38, Loss: 872178.523364, MSE: 2353214.176986, RMSE: 1534.018962, MAE: 706.982963, rot_MSE: 2205641.750000, rot_RMSE: 1485.140259, rot_MAE: 1274.759277, trans_MSE: 875970.375000, trans_RMSE: 935.932861, trans_MAE: 569.218567
==TRAIN==
A--------->B
EPOCH:: 39, Loss: 1327297.447115, Cycle Loss:, 0.000000, MSE: 2389460.807692, RMSE: 1545.788086, MAE: 702.630662, rot_MSE: 2095135.625000, rot_RMSE: 1447.458374, rot_MAE: 1248.031494, trans_MSE: 1327297.250000, trans_RMSE: 1152.083862, trans_MAE: 679.143127
B--------->A
EPOCH:: 39, Loss: 1327297.447115, MSE: 2389460.769231, RMSE: 1545.788074, MAE: 700.028114, rot_MSE: 2095135.625000, rot_RMSE: 1447.458374, rot_MAE: 1248.031494, trans_MSE: 1334757.750000, trans_RMSE: 1155.317139, trans_MAE: 680.243591
==TEST==
A--------->B
EPOCH:: 39, Loss: 1119937.472255, Cycle Loss: 0.000000, MSE: 2341770.164720, RMSE: 1530.284341, MAE: 697.729778, rot_MSE: 2211837.500000, rot_RMSE: 1487.224731, rot_MAE: 1276.997803, trans_MSE: 1119937.250000, trans_RMSE: 1058.270874, trans_MAE: 651.044373
B--------->A
EPOCH:: 39, Loss: 1119937.472255, MSE: 2341770.308995, RMSE: 1530.284388, MAE: 691.161668, rot_MSE: 2211837.500000, rot_RMSE: 1487.224731, rot_MAE: 1276.997803, trans_MSE: 1124813.500000, trans_RMSE: 1060.572266, trans_MAE: 635.832092
==BEST TEST==
A--------->B
EPOCH:: 39, Loss: 872178.523364, Cycle Loss: 0.000000, MSE: 2353214.410047, RMSE: 1534.019038, MAE: 712.151834, rot_MSE: 2205641.750000, rot_RMSE: 1485.140259, rot_MAE: 1274.759277, trans_MSE: 872178.437500, trans_RMSE: 933.904968, trans_MAE: 576.017761
B--------->A
EPOCH:: 39, Loss: 872178.523364, MSE: 2353214.176986, RMSE: 1534.018962, MAE: 706.982963, rot_MSE: 2205641.750000, rot_RMSE: 1485.140259, rot_MAE: 1274.759277, trans_MSE: 875970.375000, trans_RMSE: 935.932861, trans_MAE: 569.218567
==TRAIN==
A--------->B
EPOCH:: 40, Loss: 1289685.567308, Cycle Loss:, 0.000000, MSE: 2371222.355769, RMSE: 1539.877383, MAE: 699.285034, rot_MSE: 2107221.250000, rot_RMSE: 1451.627075, rot_MAE: 1252.350220, trans_MSE: 1289685.500000, trans_RMSE: 1135.643188, trans_MAE: 669.029480
B--------->A
EPOCH:: 40, Loss: 1289685.567308, MSE: 2371222.403846, RMSE: 1539.877399, MAE: 695.206759, rot_MSE: 2107221.250000, rot_RMSE: 1451.627075, rot_MAE: 1252.350220, trans_MSE: 1294083.125000, trans_RMSE: 1137.577759, trans_MAE: 672.369507
==TEST==
A--------->B
EPOCH:: 40, Loss: 1019370.624124, Cycle Loss: 0.000000, MSE: 2297828.200935, RMSE: 1515.858899, MAE: 693.176472, rot_MSE: 2213630.500000, rot_RMSE: 1487.827393, rot_MAE: 1277.421875, trans_MSE: 1019370.437500, trans_RMSE: 1009.638794, trans_MAE: 628.527649
B--------->A
EPOCH:: 40, Loss: 1019370.624124, MSE: 2297828.384930, RMSE: 1515.858959, MAE: 686.258106, rot_MSE: 2213630.500000, rot_RMSE: 1487.827393, rot_MAE: 1277.421875, trans_MSE: 1020639.312500, trans_RMSE: 1010.266968, trans_MAE: 603.002014
==BEST TEST==
A--------->B
EPOCH:: 40, Loss: 872178.523364, Cycle Loss: 0.000000, MSE: 2353214.410047, RMSE: 1534.019038, MAE: 712.151834, rot_MSE: 2205641.750000, rot_RMSE: 1485.140259, rot_MAE: 1274.759277, trans_MSE: 872178.437500, trans_RMSE: 933.904968, trans_MAE: 576.017761
B--------->A
EPOCH:: 40, Loss: 872178.523364, MSE: 2353214.176986, RMSE: 1534.018962, MAE: 706.982963, rot_MSE: 2205641.750000, rot_RMSE: 1485.140259, rot_MAE: 1274.759277, trans_MSE: 875970.375000, trans_RMSE: 935.932861, trans_MAE: 569.218567
==TRAIN==
A--------->B
EPOCH:: 41, Loss: 1784599.776442, Cycle Loss:, 0.000000, MSE: 2261876.028846, RMSE: 1503.953466, MAE: 683.270813, rot_MSE: 2109939.750000, rot_RMSE: 1452.563110, rot_MAE: 1256.590698, trans_MSE: 1784599.625000, trans_RMSE: 1335.889038, trans_MAE: 686.561768
B--------->A
EPOCH:: 41, Loss: 1784599.776442, MSE: 2261875.884615, RMSE: 1503.953418, MAE: 679.169363, rot_MSE: 2109939.750000, rot_RMSE: 1452.563110, rot_MAE: 1256.590698, trans_MSE: 1795538.875000, trans_RMSE: 1339.977173, trans_MAE: 681.602234
==TEST==
A--------->B
EPOCH:: 41, Loss: 1171823.382593, Cycle Loss: 0.000000, MSE: 2340915.576519, RMSE: 1530.005090, MAE: 697.676510, rot_MSE: 2213081.500000, rot_RMSE: 1487.642944, rot_MAE: 1277.533203, trans_MSE: 1171823.250000, trans_RMSE: 1082.507812, trans_MAE: 649.203918
B--------->A
EPOCH:: 41, Loss: 1171823.382593, MSE: 2340915.187500, RMSE: 1530.004963, MAE: 694.080779, rot_MSE: 2213081.500000, rot_RMSE: 1487.642944, rot_MAE: 1277.533081, trans_MSE: 1172164.125000, trans_RMSE: 1082.665283, trans_MAE: 606.041443
==BEST TEST==
A--------->B
EPOCH:: 41, Loss: 872178.523364, Cycle Loss: 0.000000, MSE: 2353214.410047, RMSE: 1534.019038, MAE: 712.151834, rot_MSE: 2205641.750000, rot_RMSE: 1485.140259, rot_MAE: 1274.759277, trans_MSE: 872178.437500, trans_RMSE: 933.904968, trans_MAE: 576.017761
B--------->A
EPOCH:: 41, Loss: 872178.523364, MSE: 2353214.176986, RMSE: 1534.018962, MAE: 706.982963, rot_MSE: 2205641.750000, rot_RMSE: 1485.140259, rot_MAE: 1274.759277, trans_MSE: 875970.375000, trans_RMSE: 935.932861, trans_MAE: 569.218567
==TRAIN==
A--------->B
EPOCH:: 42, Loss: 1103728.870192, Cycle Loss:, 0.000000, MSE: 2360258.879808, RMSE: 1536.313405, MAE: 695.603628, rot_MSE: 2099549.750000, rot_RMSE: 1448.982300, rot_MAE: 1250.427124, trans_MSE: 1103728.750000, trans_RMSE: 1050.584961, trans_MAE: 639.782166
B--------->A
EPOCH:: 42, Loss: 1103728.870192, MSE: 2360258.927885, RMSE: 1536.313421, MAE: 693.690279, rot_MSE: 2099549.750000, rot_RMSE: 1448.982300, rot_MAE: 1250.427124, trans_MSE: 1107268.250000, trans_RMSE: 1052.268188, trans_MAE: 644.459839
==TEST==
A--------->B
EPOCH:: 42, Loss: 1114944.121203, Cycle Loss: 0.000000, MSE: 2347651.404790, RMSE: 1532.204753, MAE: 699.889497, rot_MSE: 2212878.500000, rot_RMSE: 1487.574707, rot_MAE: 1277.254517, trans_MSE: 1114944.000000, trans_RMSE: 1055.909058, trans_MAE: 622.528137
B--------->A
EPOCH:: 42, Loss: 1114944.121203, MSE: 2347651.660631, RMSE: 1532.204836, MAE: 693.525414, rot_MSE: 2212878.750000, rot_RMSE: 1487.574829, rot_MAE: 1277.254517, trans_MSE: 1112548.125000, trans_RMSE: 1054.773926, trans_MAE: 577.667969
==BEST TEST==
A--------->B
EPOCH:: 42, Loss: 872178.523364, Cycle Loss: 0.000000, MSE: 2353214.410047, RMSE: 1534.019038, MAE: 712.151834, rot_MSE: 2205641.750000, rot_RMSE: 1485.140259, rot_MAE: 1274.759277, trans_MSE: 872178.437500, trans_RMSE: 933.904968, trans_MAE: 576.017761
B--------->A
EPOCH:: 42, Loss: 872178.523364, MSE: 2353214.176986, RMSE: 1534.018962, MAE: 706.982963, rot_MSE: 2205641.750000, rot_RMSE: 1485.140259, rot_MAE: 1274.759277, trans_MSE: 875970.375000, trans_RMSE: 935.932861, trans_MAE: 569.218567
==TRAIN==
A--------->B
EPOCH:: 43, Loss: 1094869.024038, Cycle Loss:, 0.000000, MSE: 2342957.653846, RMSE: 1530.672288, MAE: 695.602013, rot_MSE: 2098162.250000, rot_RMSE: 1448.503418, rot_MAE: 1249.325684, trans_MSE: 1094868.875000, trans_RMSE: 1046.359863, trans_MAE: 622.463440
B--------->A
EPOCH:: 43, Loss: 1094869.024038, MSE: 2342957.644231, RMSE: 1530.672285, MAE: 692.158396, rot_MSE: 2098162.000000, rot_RMSE: 1448.503418, rot_MAE: 1249.325562, trans_MSE: 1098509.750000, trans_RMSE: 1048.098145, trans_MAE: 620.948914
==TEST==
A--------->B
EPOCH:: 43, Loss: 1226298.522488, Cycle Loss: 0.000000, MSE: 2344875.177570, RMSE: 1531.298527, MAE: 699.423918, rot_MSE: 2211244.750000, rot_RMSE: 1487.025513, rot_MAE: 1276.882446, trans_MSE: 1226298.375000, trans_RMSE: 1107.383545, trans_MAE: 637.578613
B--------->A
EPOCH:: 43, Loss: 1226298.522488, MSE: 2344874.955607, RMSE: 1531.298454, MAE: 692.379042, rot_MSE: 2211244.750000, rot_RMSE: 1487.025513, rot_MAE: 1276.882446, trans_MSE: 1221614.875000, trans_RMSE: 1105.266846, trans_MAE: 605.391052
==BEST TEST==
A--------->B
EPOCH:: 43, Loss: 872178.523364, Cycle Loss: 0.000000, MSE: 2353214.410047, RMSE: 1534.019038, MAE: 712.151834, rot_MSE: 2205641.750000, rot_RMSE: 1485.140259, rot_MAE: 1274.759277, trans_MSE: 872178.437500, trans_RMSE: 933.904968, trans_MAE: 576.017761
B--------->A
EPOCH:: 43, Loss: 872178.523364, MSE: 2353214.176986, RMSE: 1534.018962, MAE: 706.982963, rot_MSE: 2205641.750000, rot_RMSE: 1485.140259, rot_MAE: 1274.759277, trans_MSE: 875970.375000, trans_RMSE: 935.932861, trans_MAE: 569.218567
==TRAIN==
A--------->B
EPOCH:: 44, Loss: 1034993.031250, Cycle Loss:, 0.000000, MSE: 2396929.384615, RMSE: 1548.201984, MAE: 704.602431, rot_MSE: 2097396.500000, rot_RMSE: 1448.239136, rot_MAE: 1248.957520, trans_MSE: 1034992.937500, trans_RMSE: 1017.346008, trans_MAE: 621.975464
B--------->A
EPOCH:: 44, Loss: 1034993.031250, MSE: 2396929.278846, RMSE: 1548.201950, MAE: 701.235798, rot_MSE: 2097396.500000, rot_RMSE: 1448.239136, rot_MAE: 1248.957764, trans_MSE: 1040822.875000, trans_RMSE: 1020.207275, trans_MAE: 614.271057
==TEST==
A--------->B
EPOCH:: 44, Loss: 1182467.970794, Cycle Loss: 0.000000, MSE: 2320007.449182, RMSE: 1523.157066, MAE: 697.965890, rot_MSE: 2210308.750000, rot_RMSE: 1486.710693, rot_MAE: 1276.687012, trans_MSE: 1182467.750000, trans_RMSE: 1087.413330, trans_MAE: 642.161743
B--------->A
EPOCH:: 44, Loss: 1182467.970794, MSE: 2320007.646028, RMSE: 1523.157131, MAE: 688.517983, rot_MSE: 2210309.000000, rot_RMSE: 1486.710815, rot_MAE: 1276.687134, trans_MSE: 1180301.000000, trans_RMSE: 1086.416626, trans_MAE: 614.076294
==BEST TEST==
A--------->B
EPOCH:: 44, Loss: 872178.523364, Cycle Loss: 0.000000, MSE: 2353214.410047, RMSE: 1534.019038, MAE: 712.151834, rot_MSE: 2205641.750000, rot_RMSE: 1485.140259, rot_MAE: 1274.759277, trans_MSE: 872178.437500, trans_RMSE: 933.904968, trans_MAE: 576.017761
B--------->A
EPOCH:: 44, Loss: 872178.523364, MSE: 2353214.176986, RMSE: 1534.018962, MAE: 706.982963, rot_MSE: 2205641.750000, rot_RMSE: 1485.140259, rot_MAE: 1274.759277, trans_MSE: 875970.375000, trans_RMSE: 935.932861, trans_MAE: 569.218567
==TRAIN==
A--------->B
EPOCH:: 45, Loss: 1102571.810096, Cycle Loss:, 0.000000, MSE: 2429576.504808, RMSE: 1558.709885, MAE: 707.438272, rot_MSE: 2087096.625000, rot_RMSE: 1444.678711, rot_MAE: 1247.505005, trans_MSE: 1102571.750000, trans_RMSE: 1050.034180, trans_MAE: 631.302612
B--------->A
EPOCH:: 45, Loss: 1102571.810096, MSE: 2429576.605769, RMSE: 1558.709917, MAE: 704.185491, rot_MSE: 2087096.625000, rot_RMSE: 1444.678711, rot_MAE: 1247.505005, trans_MSE: 1107723.250000, trans_RMSE: 1052.484375, trans_MAE: 635.380920
==TEST==
A--------->B
EPOCH:: 45, Loss: 995147.493867, Cycle Loss: 0.000000, MSE: 2345591.271612, RMSE: 1531.532328, MAE: 701.539828, rot_MSE: 2210461.250000, rot_RMSE: 1486.761963, rot_MAE: 1276.718506, trans_MSE: 995147.375000, trans_RMSE: 997.570740, trans_MAE: 605.564697
B--------->A
EPOCH:: 45, Loss: 995147.493867, MSE: 2345591.112150, RMSE: 1531.532276, MAE: 693.102432, rot_MSE: 2210461.250000, rot_RMSE: 1486.761963, rot_MAE: 1276.718506, trans_MSE: 1000101.500000, trans_RMSE: 1000.050720, trans_MAE: 582.901855
==BEST TEST==
A--------->B
EPOCH:: 45, Loss: 872178.523364, Cycle Loss: 0.000000, MSE: 2353214.410047, RMSE: 1534.019038, MAE: 712.151834, rot_MSE: 2205641.750000, rot_RMSE: 1485.140259, rot_MAE: 1274.759277, trans_MSE: 872178.437500, trans_RMSE: 933.904968, trans_MAE: 576.017761
B--------->A
EPOCH:: 45, Loss: 872178.523364, MSE: 2353214.176986, RMSE: 1534.018962, MAE: 706.982963, rot_MSE: 2205641.750000, rot_RMSE: 1485.140259, rot_MAE: 1274.759277, trans_MSE: 875970.375000, trans_RMSE: 935.932861, trans_MAE: 569.218567
==TRAIN==
A--------->B
EPOCH:: 46, Loss: 1005805.709135, Cycle Loss:, 0.000000, MSE: 2400474.826923, RMSE: 1549.346581, MAE: 701.506197, rot_MSE: 2100196.500000, rot_RMSE: 1449.205444, rot_MAE: 1250.660156, trans_MSE: 1005805.562500, trans_RMSE: 1002.898560, trans_MAE: 623.285400
B--------->A
EPOCH:: 46, Loss: 1005805.709135, MSE: 2400474.875000, RMSE: 1549.346596, MAE: 699.530616, rot_MSE: 2100196.500000, rot_RMSE: 1449.205444, rot_MAE: 1250.660278, trans_MSE: 1011491.000000, trans_RMSE: 1005.729065, trans_MAE: 612.150818
==TEST==
A--------->B
EPOCH:: 46, Loss: 1065213.387266, Cycle Loss: 0.000000, MSE: 2345370.258762, RMSE: 1531.460172, MAE: 701.588628, rot_MSE: 2209998.250000, rot_RMSE: 1486.606323, rot_MAE: 1276.821533, trans_MSE: 1065213.250000, trans_RMSE: 1032.091675, trans_MAE: 601.087830
B--------->A
EPOCH:: 46, Loss: 1065213.387266, MSE: 2345370.396612, RMSE: 1531.460217, MAE: 693.510537, rot_MSE: 2209998.250000, rot_RMSE: 1486.606323, rot_MAE: 1276.821655, trans_MSE: 1070951.500000, trans_RMSE: 1034.867920, trans_MAE: 571.981750
==BEST TEST==
A--------->B
EPOCH:: 46, Loss: 872178.523364, Cycle Loss: 0.000000, MSE: 2353214.410047, RMSE: 1534.019038, MAE: 712.151834, rot_MSE: 2205641.750000, rot_RMSE: 1485.140259, rot_MAE: 1274.759277, trans_MSE: 872178.437500, trans_RMSE: 933.904968, trans_MAE: 576.017761
B--------->A
EPOCH:: 46, Loss: 872178.523364, MSE: 2353214.176986, RMSE: 1534.018962, MAE: 706.982963, rot_MSE: 2205641.750000, rot_RMSE: 1485.140259, rot_MAE: 1274.759277, trans_MSE: 875970.375000, trans_RMSE: 935.932861, trans_MAE: 569.218567
==TRAIN==
A--------->B
EPOCH:: 47, Loss: 1215795.293269, Cycle Loss:, 0.000000, MSE: 2395504.807692, RMSE: 1547.741841, MAE: 698.706125, rot_MSE: 2097857.250000, rot_RMSE: 1448.398193, rot_MAE: 1250.056641, trans_MSE: 1215795.125000, trans_RMSE: 1102.630981, trans_MAE: 626.230042
B--------->A
EPOCH:: 47, Loss: 1215795.293269, MSE: 2395504.769231, RMSE: 1547.741829, MAE: 696.627902, rot_MSE: 2097857.250000, rot_RMSE: 1448.398193, rot_MAE: 1250.056641, trans_MSE: 1218874.500000, trans_RMSE: 1104.026489, trans_MAE: 622.939758
==TEST==
A--------->B
EPOCH:: 47, Loss: 2580389.217874, Cycle Loss: 0.000000, MSE: 2330839.353388, RMSE: 1526.708667, MAE: 698.995102, rot_MSE: 2213861.750000, rot_RMSE: 1487.905151, rot_MAE: 1277.174316, trans_MSE: 2580389.000000, trans_RMSE: 1606.358887, trans_MAE: 703.510132
B--------->A
EPOCH:: 47, Loss: 2580389.217874, MSE: 2330839.285631, RMSE: 1526.708645, MAE: 687.762636, rot_MSE: 2213861.750000, rot_RMSE: 1487.905151, rot_MAE: 1277.174316, trans_MSE: 2589365.500000, trans_RMSE: 1609.150513, trans_MAE: 646.898560
==BEST TEST==
A--------->B
EPOCH:: 47, Loss: 872178.523364, Cycle Loss: 0.000000, MSE: 2353214.410047, RMSE: 1534.019038, MAE: 712.151834, rot_MSE: 2205641.750000, rot_RMSE: 1485.140259, rot_MAE: 1274.759277, trans_MSE: 872178.437500, trans_RMSE: 933.904968, trans_MAE: 576.017761
B--------->A
EPOCH:: 47, Loss: 872178.523364, MSE: 2353214.176986, RMSE: 1534.018962, MAE: 706.982963, rot_MSE: 2205641.750000, rot_RMSE: 1485.140259, rot_MAE: 1274.759277, trans_MSE: 875970.375000, trans_RMSE: 935.932861, trans_MAE: 569.218567
==TRAIN==
A--------->B
EPOCH:: 48, Loss: 1081075.074519, Cycle Loss:, 0.000000, MSE: 2200918.336538, RMSE: 1483.549236, MAE: 679.248789, rot_MSE: 2090072.625000, rot_RMSE: 1445.708374, rot_MAE: 1247.481812, trans_MSE: 1081075.000000, trans_RMSE: 1039.747559, trans_MAE: 611.308044
B--------->A
EPOCH:: 48, Loss: 1081075.074519, MSE: 2200918.384615, RMSE: 1483.549253, MAE: 674.408959, rot_MSE: 2090072.625000, rot_RMSE: 1445.708374, rot_MAE: 1247.481812, trans_MSE: 1086264.375000, trans_RMSE: 1042.240112, trans_MAE: 615.011780
==TEST==
A--------->B
EPOCH:: 48, Loss: 2520387.500584, Cycle Loss: 0.000000, MSE: 2331709.783879, RMSE: 1526.993708, MAE: 700.751382, rot_MSE: 2213363.500000, rot_RMSE: 1487.737671, rot_MAE: 1277.005249, trans_MSE: 2520387.250000, trans_RMSE: 1587.572754, trans_MAE: 701.585449
B--------->A
EPOCH:: 48, Loss: 2520387.500584, MSE: 2331709.830607, RMSE: 1526.993723, MAE: 687.991443, rot_MSE: 2213363.750000, rot_RMSE: 1487.737793, rot_MAE: 1277.005249, trans_MSE: 2530491.000000, trans_RMSE: 1590.751709, trans_MAE: 654.767456
==BEST TEST==
A--------->B
EPOCH:: 48, Loss: 872178.523364, Cycle Loss: 0.000000, MSE: 2353214.410047, RMSE: 1534.019038, MAE: 712.151834, rot_MSE: 2205641.750000, rot_RMSE: 1485.140259, rot_MAE: 1274.759277, trans_MSE: 872178.437500, trans_RMSE: 933.904968, trans_MAE: 576.017761
B--------->A
EPOCH:: 48, Loss: 872178.523364, MSE: 2353214.176986, RMSE: 1534.018962, MAE: 706.982963, rot_MSE: 2205641.750000, rot_RMSE: 1485.140259, rot_MAE: 1274.759277, trans_MSE: 875970.375000, trans_RMSE: 935.932861, trans_MAE: 569.218567
==TRAIN==
A--------->B
EPOCH:: 49, Loss: 1419012.879808, Cycle Loss:, 0.000000, MSE: 2306948.192308, RMSE: 1518.864113, MAE: 696.797382, rot_MSE: 2098498.250000, rot_RMSE: 1448.619385, rot_MAE: 1249.910522, trans_MSE: 1419012.750000, trans_RMSE: 1191.223267, trans_MAE: 666.494690
B--------->A
EPOCH:: 49, Loss: 1419012.879808, MSE: 2306948.096154, RMSE: 1518.864081, MAE: 691.428270, rot_MSE: 2098498.250000, rot_RMSE: 1448.619385, rot_MAE: 1249.910522, trans_MSE: 1423984.375000, trans_RMSE: 1193.308105, trans_MAE: 671.114807
==TEST==
A--------->B
EPOCH:: 49, Loss: 2366739.907710, Cycle Loss: 0.000000, MSE: 2331103.505841, RMSE: 1526.795175, MAE: 702.241207, rot_MSE: 2210915.750000, rot_RMSE: 1486.914795, rot_MAE: 1276.497803, trans_MSE: 2366740.000000, trans_RMSE: 1538.421265, trans_MAE: 681.952576
B--------->A
EPOCH:: 49, Loss: 2366739.907710, MSE: 2331103.779206, RMSE: 1526.795264, MAE: 688.771884, rot_MSE: 2210916.000000, rot_RMSE: 1486.914917, rot_MAE: 1276.497803, trans_MSE: 2375802.500000, trans_RMSE: 1541.363892, trans_MAE: 638.627319
==BEST TEST==
A--------->B
EPOCH:: 49, Loss: 872178.523364, Cycle Loss: 0.000000, MSE: 2353214.410047, RMSE: 1534.019038, MAE: 712.151834, rot_MSE: 2205641.750000, rot_RMSE: 1485.140259, rot_MAE: 1274.759277, trans_MSE: 872178.437500, trans_RMSE: 933.904968, trans_MAE: 576.017761
B--------->A
EPOCH:: 49, Loss: 872178.523364, MSE: 2353214.176986, RMSE: 1534.018962, MAE: 706.982963, rot_MSE: 2205641.750000, rot_RMSE: 1485.140259, rot_MAE: 1274.759277, trans_MSE: 875970.375000, trans_RMSE: 935.932861, trans_MAE: 569.218567
==TRAIN==
A--------->B
EPOCH:: 50, Loss: 1204508.997596, Cycle Loss:, 0.000000, MSE: 2303747.211538, RMSE: 1517.810005, MAE: 698.899837, rot_MSE: 2107399.500000, rot_RMSE: 1451.688477, rot_MAE: 1253.315308, trans_MSE: 1204508.875000, trans_RMSE: 1097.501221, trans_MAE: 642.086792
B--------->A
EPOCH:: 50, Loss: 1204508.997596, MSE: 2303747.317308, RMSE: 1517.810040, MAE: 693.986737, rot_MSE: 2107399.500000, rot_RMSE: 1451.688477, rot_MAE: 1253.315430, trans_MSE: 1208899.875000, trans_RMSE: 1099.499878, trans_MAE: 635.832581
==TEST==
A--------->B
EPOCH:: 50, Loss: 884551.643984, Cycle Loss: 0.000000, MSE: 2356159.550818, RMSE: 1534.978681, MAE: 708.219643, rot_MSE: 2206505.250000, rot_RMSE: 1485.431030, rot_MAE: 1275.429077, trans_MSE: 884551.500000, trans_RMSE: 940.505981, trans_MAE: 602.843933
B--------->A
EPOCH:: 50, Loss: 884551.643984, MSE: 2356159.915304, RMSE: 1534.978800, MAE: 698.137355, rot_MSE: 2206505.250000, rot_RMSE: 1485.431030, rot_MAE: 1275.429077, trans_MSE: 889439.000000, trans_RMSE: 943.100708, trans_MAE: 572.066467
==BEST TEST==
A--------->B
EPOCH:: 50, Loss: 872178.523364, Cycle Loss: 0.000000, MSE: 2353214.410047, RMSE: 1534.019038, MAE: 712.151834, rot_MSE: 2205641.750000, rot_RMSE: 1485.140259, rot_MAE: 1274.759277, trans_MSE: 872178.437500, trans_RMSE: 933.904968, trans_MAE: 576.017761
B--------->A
EPOCH:: 50, Loss: 872178.523364, MSE: 2353214.176986, RMSE: 1534.018962, MAE: 706.982963, rot_MSE: 2205641.750000, rot_RMSE: 1485.140259, rot_MAE: 1274.759277, trans_MSE: 875970.375000, trans_RMSE: 935.932861, trans_MAE: 569.218567
==TRAIN==
A--------->B
EPOCH:: 51, Loss: 1209264.872596, Cycle Loss:, 0.000000, MSE: 2360948.625000, RMSE: 1536.537870, MAE: 698.431396, rot_MSE: 2083353.375000, rot_RMSE: 1443.382568, rot_MAE: 1245.106567, trans_MSE: 1209264.875000, trans_RMSE: 1099.665771, trans_MAE: 631.925354
B--------->A
EPOCH:: 51, Loss: 1209264.872596, MSE: 2360948.625000, RMSE: 1536.537870, MAE: 696.684589, rot_MSE: 2083353.375000, rot_RMSE: 1443.382568, rot_MAE: 1245.106689, trans_MSE: 1208877.500000, trans_RMSE: 1099.489624, trans_MAE: 631.687073
==TEST==
A--------->B
EPOCH:: 51, Loss: 3092621.308995, Cycle Loss: 0.000000, MSE: 2372524.394860, RMSE: 1540.300099, MAE: 711.977472, rot_MSE: 2217889.750000, rot_RMSE: 1489.258179, rot_MAE: 1278.813843, trans_MSE: 3092621.000000, trans_RMSE: 1758.584961, trans_MAE: 863.272400
B--------->A
EPOCH:: 51, Loss: 3092621.308995, MSE: 2372524.589369, RMSE: 1540.300162, MAE: 707.359585, rot_MSE: 2217889.750000, rot_RMSE: 1489.258179, rot_MAE: 1278.813965, trans_MSE: 3101380.750000, trans_RMSE: 1761.073730, trans_MAE: 833.682068
==BEST TEST==
A--------->B
EPOCH:: 51, Loss: 872178.523364, Cycle Loss: 0.000000, MSE: 2353214.410047, RMSE: 1534.019038, MAE: 712.151834, rot_MSE: 2205641.750000, rot_RMSE: 1485.140259, rot_MAE: 1274.759277, trans_MSE: 872178.437500, trans_RMSE: 933.904968, trans_MAE: 576.017761
B--------->A
EPOCH:: 51, Loss: 872178.523364, MSE: 2353214.176986, RMSE: 1534.018962, MAE: 706.982963, rot_MSE: 2205641.750000, rot_RMSE: 1485.140259, rot_MAE: 1274.759277, trans_MSE: 875970.375000, trans_RMSE: 935.932861, trans_MAE: 569.218567
==TRAIN==
A--------->B
EPOCH:: 52, Loss: 2963706.932692, Cycle Loss:, 0.000000, MSE: 2301371.288462, RMSE: 1517.027122, MAE: 701.784602, rot_MSE: 2106071.500000, rot_RMSE: 1451.231079, rot_MAE: 1252.132935, trans_MSE: 2963706.750000, trans_RMSE: 1721.541992, trans_MAE: 914.578552
B--------->A
EPOCH:: 52, Loss: 2963706.932692, MSE: 2301370.913462, RMSE: 1517.026998, MAE: 698.756395, rot_MSE: 2106071.500000, rot_RMSE: 1451.231079, rot_MAE: 1252.132935, trans_MSE: 2968263.000000, trans_RMSE: 1722.864746, trans_MAE: 918.272034
==TEST==
A--------->B
EPOCH:: 52, Loss: 4017180.624416, Cycle Loss: 0.000000, MSE: 2293402.939252, RMSE: 1514.398540, MAE: 704.694899, rot_MSE: 2216602.750000, rot_RMSE: 1488.825928, rot_MAE: 1278.397827, trans_MSE: 4017180.250000, trans_RMSE: 2004.290405, trans_MAE: 949.949463
B--------->A
EPOCH:: 52, Loss: 4017180.624416, MSE: 2293403.144276, RMSE: 1514.398608, MAE: 697.975368, rot_MSE: 2216603.000000, rot_RMSE: 1488.826050, rot_MAE: 1278.397949, trans_MSE: 4026483.250000, trans_RMSE: 2006.609863, trans_MAE: 946.521790
==BEST TEST==
A--------->B
EPOCH:: 52, Loss: 872178.523364, Cycle Loss: 0.000000, MSE: 2353214.410047, RMSE: 1534.019038, MAE: 712.151834, rot_MSE: 2205641.750000, rot_RMSE: 1485.140259, rot_MAE: 1274.759277, trans_MSE: 872178.437500, trans_RMSE: 933.904968, trans_MAE: 576.017761
B--------->A
EPOCH:: 52, Loss: 872178.523364, MSE: 2353214.176986, RMSE: 1534.018962, MAE: 706.982963, rot_MSE: 2205641.750000, rot_RMSE: 1485.140259, rot_MAE: 1274.759277, trans_MSE: 875970.375000, trans_RMSE: 935.932861, trans_MAE: 569.218567
==TRAIN==
A--------->B
EPOCH:: 53, Loss: 2443269.649038, Cycle Loss:, 0.000000, MSE: 2337035.860577, RMSE: 1528.736688, MAE: 701.846701, rot_MSE: 2106252.750000, rot_RMSE: 1451.293457, rot_MAE: 1253.469360, trans_MSE: 2443269.250000, trans_RMSE: 1563.096069, trans_MAE: 891.650024
B--------->A
EPOCH:: 53, Loss: 2443269.649038, MSE: 2337035.846154, RMSE: 1528.736683, MAE: 699.527266, rot_MSE: 2106253.000000, rot_RMSE: 1451.293579, rot_MAE: 1253.469360, trans_MSE: 2447785.750000, trans_RMSE: 1564.540161, trans_MAE: 889.028442
==TEST==
A--------->B
EPOCH:: 53, Loss: 2065872.682827, Cycle Loss: 0.000000, MSE: 2319544.600467, RMSE: 1523.005122, MAE: 701.027520, rot_MSE: 2218069.000000, rot_RMSE: 1489.318359, rot_MAE: 1278.350098, trans_MSE: 2065872.500000, trans_RMSE: 1437.314331, trans_MAE: 824.435913
B--------->A
EPOCH:: 53, Loss: 2065872.682827, MSE: 2319544.826519, RMSE: 1523.005196, MAE: 695.947388, rot_MSE: 2218069.000000, rot_RMSE: 1489.318359, rot_MAE: 1278.350220, trans_MSE: 2064667.500000, trans_RMSE: 1436.895142, trans_MAE: 826.223511
==BEST TEST==
A--------->B
EPOCH:: 53, Loss: 872178.523364, Cycle Loss: 0.000000, MSE: 2353214.410047, RMSE: 1534.019038, MAE: 712.151834, rot_MSE: 2205641.750000, rot_RMSE: 1485.140259, rot_MAE: 1274.759277, trans_MSE: 872178.437500, trans_RMSE: 933.904968, trans_MAE: 576.017761
B--------->A
EPOCH:: 53, Loss: 872178.523364, MSE: 2353214.176986, RMSE: 1534.018962, MAE: 706.982963, rot_MSE: 2205641.750000, rot_RMSE: 1485.140259, rot_MAE: 1274.759277, trans_MSE: 875970.375000, trans_RMSE: 935.932861, trans_MAE: 569.218567
==TRAIN==
A--------->B
EPOCH:: 54, Loss: 1669024.336538, Cycle Loss:, 0.000000, MSE: 2327363.865385, RMSE: 1525.570013, MAE: 693.242389, rot_MSE: 2095524.125000, rot_RMSE: 1447.592529, rot_MAE: 1248.763062, trans_MSE: 1669024.250000, trans_RMSE: 1291.907227, trans_MAE: 765.875793
B--------->A
EPOCH:: 54, Loss: 1669024.336538, MSE: 2327363.788462, RMSE: 1525.569988, MAE: 692.346313, rot_MSE: 2095524.250000, rot_RMSE: 1447.592529, rot_MAE: 1248.763062, trans_MSE: 1672436.875000, trans_RMSE: 1293.227295, trans_MAE: 767.009094
==TEST==
A--------->B
EPOCH:: 54, Loss: 1932330.258762, Cycle Loss: 0.000000, MSE: 2357662.155374, RMSE: 1535.468057, MAE: 706.295941, rot_MSE: 2216497.000000, rot_RMSE: 1488.790405, rot_MAE: 1278.055054, trans_MSE: 1932330.125000, trans_RMSE: 1390.082764, trans_MAE: 783.195374
B--------->A
EPOCH:: 54, Loss: 1932330.258762, MSE: 2357662.383178, RMSE: 1535.468132, MAE: 702.428177, rot_MSE: 2216496.750000, rot_RMSE: 1488.790405, rot_MAE: 1278.055054, trans_MSE: 1932961.750000, trans_RMSE: 1390.309937, trans_MAE: 793.261169
==BEST TEST==
A--------->B
EPOCH:: 54, Loss: 872178.523364, Cycle Loss: 0.000000, MSE: 2353214.410047, RMSE: 1534.019038, MAE: 712.151834, rot_MSE: 2205641.750000, rot_RMSE: 1485.140259, rot_MAE: 1274.759277, trans_MSE: 872178.437500, trans_RMSE: 933.904968, trans_MAE: 576.017761
B--------->A
EPOCH:: 54, Loss: 872178.523364, MSE: 2353214.176986, RMSE: 1534.018962, MAE: 706.982963, rot_MSE: 2205641.750000, rot_RMSE: 1485.140259, rot_MAE: 1274.759277, trans_MSE: 875970.375000, trans_RMSE: 935.932861, trans_MAE: 569.218567
==TRAIN==
A--------->B
EPOCH:: 55, Loss: 1480513.848558, Cycle Loss:, 0.000000, MSE: 2410267.451923, RMSE: 1552.503608, MAE: 704.073655, rot_MSE: 2093209.375000, rot_RMSE: 1446.792847, rot_MAE: 1248.222290, trans_MSE: 1480513.625000, trans_RMSE: 1216.763550, trans_MAE: 719.118896
B--------->A
EPOCH:: 55, Loss: 1480513.848558, MSE: 2410267.557692, RMSE: 1552.503642, MAE: 702.320097, rot_MSE: 2093209.375000, rot_RMSE: 1446.792847, rot_MAE: 1248.222412, trans_MSE: 1482705.250000, trans_RMSE: 1217.663818, trans_MAE: 707.408569
==TEST==
A--------->B
EPOCH:: 55, Loss: 1822113.538843, Cycle Loss: 0.000000, MSE: 2355806.459112, RMSE: 1534.863661, MAE: 707.008495, rot_MSE: 2214428.750000, rot_RMSE: 1488.095703, rot_MAE: 1277.418945, trans_MSE: 1822113.250000, trans_RMSE: 1349.856812, trans_MAE: 741.723816
B--------->A
EPOCH:: 55, Loss: 1822113.538843, MSE: 2355806.451519, RMSE: 1534.863659, MAE: 702.769717, rot_MSE: 2214429.000000, rot_RMSE: 1488.095703, rot_MAE: 1277.418945, trans_MSE: 1824747.625000, trans_RMSE: 1350.832153, trans_MAE: 750.459229
==BEST TEST==
A--------->B
EPOCH:: 55, Loss: 872178.523364, Cycle Loss: 0.000000, MSE: 2353214.410047, RMSE: 1534.019038, MAE: 712.151834, rot_MSE: 2205641.750000, rot_RMSE: 1485.140259, rot_MAE: 1274.759277, trans_MSE: 872178.437500, trans_RMSE: 933.904968, trans_MAE: 576.017761
B--------->A
EPOCH:: 55, Loss: 872178.523364, MSE: 2353214.176986, RMSE: 1534.018962, MAE: 706.982963, rot_MSE: 2205641.750000, rot_RMSE: 1485.140259, rot_MAE: 1274.759277, trans_MSE: 875970.375000, trans_RMSE: 935.932861, trans_MAE: 569.218567
==TRAIN==
A--------->B
EPOCH:: 56, Loss: 1495393.463942, Cycle Loss:, 0.000000, MSE: 2408507.509615, RMSE: 1551.936696, MAE: 702.602750, rot_MSE: 2106122.250000, rot_RMSE: 1451.248535, rot_MAE: 1252.148193, trans_MSE: 1495393.375000, trans_RMSE: 1222.862793, trans_MAE: 712.591553
B--------->A
EPOCH:: 56, Loss: 1495393.463942, MSE: 2408507.625000, RMSE: 1551.936734, MAE: 702.097116, rot_MSE: 2106122.250000, rot_RMSE: 1451.248535, rot_MAE: 1252.148193, trans_MSE: 1503721.750000, trans_RMSE: 1226.263306, trans_MAE: 711.517029
==TEST==
A--------->B
EPOCH:: 56, Loss: 1559009.269568, Cycle Loss: 0.000000, MSE: 2381072.799650, RMSE: 1543.072519, MAE: 705.632922, rot_MSE: 2212213.000000, rot_RMSE: 1487.350952, rot_MAE: 1276.936279, trans_MSE: 1559009.125000, trans_RMSE: 1248.602905, trans_MAE: 695.427063
B--------->A
EPOCH:: 56, Loss: 1559009.269568, MSE: 2381072.782126, RMSE: 1543.072514, MAE: 702.044037, rot_MSE: 2212213.250000, rot_RMSE: 1487.351074, rot_MAE: 1276.936279, trans_MSE: 1560378.000000, trans_RMSE: 1249.150879, trans_MAE: 700.622253
==BEST TEST==
A--------->B
EPOCH:: 56, Loss: 872178.523364, Cycle Loss: 0.000000, MSE: 2353214.410047, RMSE: 1534.019038, MAE: 712.151834, rot_MSE: 2205641.750000, rot_RMSE: 1485.140259, rot_MAE: 1274.759277, trans_MSE: 872178.437500, trans_RMSE: 933.904968, trans_MAE: 576.017761
B--------->A
EPOCH:: 56, Loss: 872178.523364, MSE: 2353214.176986, RMSE: 1534.018962, MAE: 706.982963, rot_MSE: 2205641.750000, rot_RMSE: 1485.140259, rot_MAE: 1274.759277, trans_MSE: 875970.375000, trans_RMSE: 935.932861, trans_MAE: 569.218567
==TRAIN==
A--------->B
EPOCH:: 57, Loss: 1154414.182692, Cycle Loss:, 0.000000, MSE: 2380349.533654, RMSE: 1542.838142, MAE: 695.322719, rot_MSE: 2105201.250000, rot_RMSE: 1450.931152, rot_MAE: 1253.442505, trans_MSE: 1154414.125000, trans_RMSE: 1074.436646, trans_MAE: 657.501343
B--------->A
EPOCH:: 57, Loss: 1154414.182692, MSE: 2380349.572115, RMSE: 1542.838155, MAE: 695.953212, rot_MSE: 2105201.250000, rot_RMSE: 1450.931152, rot_MAE: 1253.442627, trans_MSE: 1158362.625000, trans_RMSE: 1076.272583, trans_MAE: 654.879944
==TEST==
A--------->B
EPOCH:: 57, Loss: 1328394.143400, Cycle Loss: 0.000000, MSE: 2386700.731893, RMSE: 1544.895055, MAE: 706.405451, rot_MSE: 2210715.750000, rot_RMSE: 1486.847534, rot_MAE: 1276.581787, trans_MSE: 1328394.000000, trans_RMSE: 1152.559814, trans_MAE: 670.661316
B--------->A
EPOCH:: 57, Loss: 1328394.143400, MSE: 2386700.237734, RMSE: 1544.894895, MAE: 701.634680, rot_MSE: 2210715.750000, rot_RMSE: 1486.847534, rot_MAE: 1276.581787, trans_MSE: 1327421.625000, trans_RMSE: 1152.137817, trans_MAE: 672.723389
==BEST TEST==
A--------->B
EPOCH:: 57, Loss: 872178.523364, Cycle Loss: 0.000000, MSE: 2353214.410047, RMSE: 1534.019038, MAE: 712.151834, rot_MSE: 2205641.750000, rot_RMSE: 1485.140259, rot_MAE: 1274.759277, trans_MSE: 872178.437500, trans_RMSE: 933.904968, trans_MAE: 576.017761
B--------->A
EPOCH:: 57, Loss: 872178.523364, MSE: 2353214.176986, RMSE: 1534.018962, MAE: 706.982963, rot_MSE: 2205641.750000, rot_RMSE: 1485.140259, rot_MAE: 1274.759277, trans_MSE: 875970.375000, trans_RMSE: 935.932861, trans_MAE: 569.218567
==TRAIN==
A--------->B
EPOCH:: 58, Loss: 1561882.694712, Cycle Loss:, 0.000000, MSE: 2436967.490385, RMSE: 1561.078951, MAE: 707.476464, rot_MSE: 2082903.000000, rot_RMSE: 1443.226562, rot_MAE: 1243.602173, trans_MSE: 1561882.625000, trans_RMSE: 1249.753052, trans_MAE: 685.544250
B--------->A
EPOCH:: 58, Loss: 1561882.694712, MSE: 2436967.538462, RMSE: 1561.078966, MAE: 709.075331, rot_MSE: 2082903.000000, rot_RMSE: 1443.226562, rot_MAE: 1243.602173, trans_MSE: 1570693.500000, trans_RMSE: 1253.273071, trans_MAE: 689.793640
==TEST==
A--------->B
EPOCH:: 58, Loss: 1224861.482185, Cycle Loss: 0.000000, MSE: 2369512.407126, RMSE: 1539.322061, MAE: 706.051542, rot_MSE: 2209439.000000, rot_RMSE: 1486.418213, rot_MAE: 1275.959839, trans_MSE: 1224861.250000, trans_RMSE: 1106.734497, trans_MAE: 661.491211
B--------->A
EPOCH:: 58, Loss: 1224861.482185, MSE: 2369512.565421, RMSE: 1539.322112, MAE: 697.686537, rot_MSE: 2209439.000000, rot_RMSE: 1486.418213, rot_MAE: 1275.959839, trans_MSE: 1223150.625000, trans_RMSE: 1105.961426, trans_MAE: 650.177856
==BEST TEST==
A--------->B
EPOCH:: 58, Loss: 872178.523364, Cycle Loss: 0.000000, MSE: 2353214.410047, RMSE: 1534.019038, MAE: 712.151834, rot_MSE: 2205641.750000, rot_RMSE: 1485.140259, rot_MAE: 1274.759277, trans_MSE: 872178.437500, trans_RMSE: 933.904968, trans_MAE: 576.017761
B--------->A
EPOCH:: 58, Loss: 872178.523364, MSE: 2353214.176986, RMSE: 1534.018962, MAE: 706.982963, rot_MSE: 2205641.750000, rot_RMSE: 1485.140259, rot_MAE: 1274.759277, trans_MSE: 875970.375000, trans_RMSE: 935.932861, trans_MAE: 569.218567
==TRAIN==
A--------->B
EPOCH:: 59, Loss: 1805983.204327, Cycle Loss:, 0.000000, MSE: 2429781.235577, RMSE: 1558.775557, MAE: 713.575698, rot_MSE: 2076186.875000, rot_RMSE: 1440.897949, rot_MAE: 1242.476562, trans_MSE: 1805983.125000, trans_RMSE: 1343.868774, trans_MAE: 722.643372
B--------->A
EPOCH:: 59, Loss: 1805983.204327, MSE: 2429781.072115, RMSE: 1558.775504, MAE: 711.132019, rot_MSE: 2076186.875000, rot_RMSE: 1440.897949, rot_MAE: 1242.476562, trans_MSE: 1811228.750000, trans_RMSE: 1345.818970, trans_MAE: 723.474182
==TEST==
A--------->B
EPOCH:: 59, Loss: 1369272.945093, Cycle Loss: 0.000000, MSE: 2395194.137266, RMSE: 1547.641476, MAE: 712.471218, rot_MSE: 2210466.750000, rot_RMSE: 1486.763794, rot_MAE: 1276.696045, trans_MSE: 1369272.875000, trans_RMSE: 1170.159302, trans_MAE: 700.068726
B--------->A
EPOCH:: 59, Loss: 1369272.945093, MSE: 2395194.118575, RMSE: 1547.641470, MAE: 711.743113, rot_MSE: 2210466.750000, rot_RMSE: 1486.763794, rot_MAE: 1276.696045, trans_MSE: 1372671.250000, trans_RMSE: 1171.610596, trans_MAE: 689.049988
==BEST TEST==
A--------->B
EPOCH:: 59, Loss: 872178.523364, Cycle Loss: 0.000000, MSE: 2353214.410047, RMSE: 1534.019038, MAE: 712.151834, rot_MSE: 2205641.750000, rot_RMSE: 1485.140259, rot_MAE: 1274.759277, trans_MSE: 872178.437500, trans_RMSE: 933.904968, trans_MAE: 576.017761
B--------->A
EPOCH:: 59, Loss: 872178.523364, MSE: 2353214.176986, RMSE: 1534.018962, MAE: 706.982963, rot_MSE: 2205641.750000, rot_RMSE: 1485.140259, rot_MAE: 1274.759277, trans_MSE: 875970.375000, trans_RMSE: 935.932861, trans_MAE: 569.218567
==TRAIN==
A--------->B
EPOCH:: 60, Loss: 1346139.951923, Cycle Loss:, 0.000000, MSE: 2431036.192308, RMSE: 1559.178050, MAE: 706.979295, rot_MSE: 2097866.750000, rot_RMSE: 1448.401489, rot_MAE: 1248.916626, trans_MSE: 1346139.875000, trans_RMSE: 1160.232666, trans_MAE: 674.591125
B--------->A
EPOCH:: 60, Loss: 1346139.951923, MSE: 2431036.067308, RMSE: 1559.178010, MAE: 705.910797, rot_MSE: 2097866.750000, rot_RMSE: 1448.401489, rot_MAE: 1248.916626, trans_MSE: 1352168.375000, trans_RMSE: 1162.827759, trans_MAE: 665.328003
==TEST==
A--------->B
EPOCH:: 60, Loss: 1640369.418808, Cycle Loss: 0.000000, MSE: 2364642.298481, RMSE: 1537.739347, MAE: 709.676084, rot_MSE: 2209700.250000, rot_RMSE: 1486.506104, rot_MAE: 1275.804321, trans_MSE: 1640369.250000, trans_RMSE: 1280.769043, trans_MAE: 698.459900
B--------->A
EPOCH:: 60, Loss: 1640369.418808, MSE: 2364642.583528, RMSE: 1537.739439, MAE: 704.806979, rot_MSE: 2209700.250000, rot_RMSE: 1486.506104, rot_MAE: 1275.804321, trans_MSE: 1639959.875000, trans_RMSE: 1280.609131, trans_MAE: 688.177795
==BEST TEST==
A--------->B
EPOCH:: 60, Loss: 872178.523364, Cycle Loss: 0.000000, MSE: 2353214.410047, RMSE: 1534.019038, MAE: 712.151834, rot_MSE: 2205641.750000, rot_RMSE: 1485.140259, rot_MAE: 1274.759277, trans_MSE: 872178.437500, trans_RMSE: 933.904968, trans_MAE: 576.017761
B--------->A
EPOCH:: 60, Loss: 872178.523364, MSE: 2353214.176986, RMSE: 1534.018962, MAE: 706.982963, rot_MSE: 2205641.750000, rot_RMSE: 1485.140259, rot_MAE: 1274.759277, trans_MSE: 875970.375000, trans_RMSE: 935.932861, trans_MAE: 569.218567
==TRAIN==
A--------->B
EPOCH:: 61, Loss: 1158927.903846, Cycle Loss:, 0.000000, MSE: 2360303.884615, RMSE: 1536.328052, MAE: 703.263029, rot_MSE: 2102883.500000, rot_RMSE: 1450.132202, rot_MAE: 1252.423828, trans_MSE: 1158927.750000, trans_RMSE: 1076.535034, trans_MAE: 654.342834
B--------->A
EPOCH:: 61, Loss: 1158927.903846, MSE: 2360303.807692, RMSE: 1536.328027, MAE: 701.955580, rot_MSE: 2102883.500000, rot_RMSE: 1450.132202, rot_MAE: 1252.423706, trans_MSE: 1160519.250000, trans_RMSE: 1077.274048, trans_MAE: 656.562378
==TEST==
A--------->B
EPOCH:: 61, Loss: 2272185.782418, Cycle Loss: 0.000000, MSE: 2335681.487150, RMSE: 1528.293652, MAE: 703.909583, rot_MSE: 2212982.000000, rot_RMSE: 1487.609497, rot_MAE: 1276.947266, trans_MSE: 2272185.500000, trans_RMSE: 1507.377075, trans_MAE: 707.021545
B--------->A
EPOCH:: 61, Loss: 2272185.782418, MSE: 2335681.660631, RMSE: 1528.293709, MAE: 700.783737, rot_MSE: 2212982.250000, rot_RMSE: 1487.609619, rot_MAE: 1276.947266, trans_MSE: 2276251.000000, trans_RMSE: 1508.724976, trans_MAE: 703.434265
==BEST TEST==
A--------->B
EPOCH:: 61, Loss: 872178.523364, Cycle Loss: 0.000000, MSE: 2353214.410047, RMSE: 1534.019038, MAE: 712.151834, rot_MSE: 2205641.750000, rot_RMSE: 1485.140259, rot_MAE: 1274.759277, trans_MSE: 872178.437500, trans_RMSE: 933.904968, trans_MAE: 576.017761
B--------->A
EPOCH:: 61, Loss: 872178.523364, MSE: 2353214.176986, RMSE: 1534.018962, MAE: 706.982963, rot_MSE: 2205641.750000, rot_RMSE: 1485.140259, rot_MAE: 1274.759277, trans_MSE: 875970.375000, trans_RMSE: 935.932861, trans_MAE: 569.218567
==TRAIN==
A--------->B
EPOCH:: 62, Loss: 862319.617788, Cycle Loss:, 0.000000, MSE: 2437039.906250, RMSE: 1561.102145, MAE: 706.900839, rot_MSE: 2087978.625000, rot_RMSE: 1444.984009, rot_MAE: 1247.358154, trans_MSE: 862319.500000, trans_RMSE: 928.611572, trans_MAE: 585.860901
B--------->A
EPOCH:: 62, Loss: 862319.617788, MSE: 2437039.807692, RMSE: 1561.102113, MAE: 704.419509, rot_MSE: 2087978.625000, rot_RMSE: 1444.984009, rot_MAE: 1247.358032, trans_MSE: 861919.375000, trans_RMSE: 928.396118, trans_MAE: 582.954102
==TEST==
A--------->B
EPOCH:: 62, Loss: 2735189.452979, Cycle Loss: 0.000000, MSE: 2343455.405958, RMSE: 1530.834872, MAE: 705.036936, rot_MSE: 2212237.250000, rot_RMSE: 1487.359131, rot_MAE: 1276.333618, trans_MSE: 2735189.250000, trans_RMSE: 1653.840698, trans_MAE: 739.200500
B--------->A
EPOCH:: 62, Loss: 2735189.452979, MSE: 2343455.362734, RMSE: 1530.834858, MAE: 699.965905, rot_MSE: 2212237.250000, rot_RMSE: 1487.359131, rot_MAE: 1276.333496, trans_MSE: 2742702.000000, trans_RMSE: 1656.110474, trans_MAE: 708.353271
==BEST TEST==
A--------->B
EPOCH:: 62, Loss: 872178.523364, Cycle Loss: 0.000000, MSE: 2353214.410047, RMSE: 1534.019038, MAE: 712.151834, rot_MSE: 2205641.750000, rot_RMSE: 1485.140259, rot_MAE: 1274.759277, trans_MSE: 872178.437500, trans_RMSE: 933.904968, trans_MAE: 576.017761
B--------->A
EPOCH:: 62, Loss: 872178.523364, MSE: 2353214.176986, RMSE: 1534.018962, MAE: 706.982963, rot_MSE: 2205641.750000, rot_RMSE: 1485.140259, rot_MAE: 1274.759277, trans_MSE: 875970.375000, trans_RMSE: 935.932861, trans_MAE: 569.218567
==TRAIN==
A--------->B
EPOCH:: 63, Loss: 976843.932692, Cycle Loss:, 0.000000, MSE: 2429625.913462, RMSE: 1558.725734, MAE: 705.703003, rot_MSE: 2106869.250000, rot_RMSE: 1451.505859, rot_MAE: 1253.307861, trans_MSE: 976843.875000, trans_RMSE: 988.354126, trans_MAE: 607.419495
B--------->A
EPOCH:: 63, Loss: 976843.932692, MSE: 2429625.875000, RMSE: 1558.725722, MAE: 703.973051, rot_MSE: 2106869.250000, rot_RMSE: 1451.505859, rot_MAE: 1253.307739, trans_MSE: 981093.625000, trans_RMSE: 990.501709, trans_MAE: 605.449219
==TEST==
A--------->B
EPOCH:: 63, Loss: 2515908.475467, Cycle Loss: 0.000000, MSE: 2342447.448598, RMSE: 1530.505619, MAE: 704.582518, rot_MSE: 2212751.750000, rot_RMSE: 1487.532104, rot_MAE: 1276.760376, trans_MSE: 2515908.250000, trans_RMSE: 1586.161499, trans_MAE: 700.185852
B--------->A
EPOCH:: 63, Loss: 2515908.475467, MSE: 2342447.290304, RMSE: 1530.505567, MAE: 699.369738, rot_MSE: 2212751.750000, rot_RMSE: 1487.532104, rot_MAE: 1276.760376, trans_MSE: 2524606.750000, trans_RMSE: 1588.901123, trans_MAE: 674.855896
==BEST TEST==
A--------->B
EPOCH:: 63, Loss: 872178.523364, Cycle Loss: 0.000000, MSE: 2353214.410047, RMSE: 1534.019038, MAE: 712.151834, rot_MSE: 2205641.750000, rot_RMSE: 1485.140259, rot_MAE: 1274.759277, trans_MSE: 872178.437500, trans_RMSE: 933.904968, trans_MAE: 576.017761
B--------->A
EPOCH:: 63, Loss: 872178.523364, MSE: 2353214.176986, RMSE: 1534.018962, MAE: 706.982963, rot_MSE: 2205641.750000, rot_RMSE: 1485.140259, rot_MAE: 1274.759277, trans_MSE: 875970.375000, trans_RMSE: 935.932861, trans_MAE: 569.218567
==TRAIN==
A--------->B
EPOCH:: 64, Loss: 1014389.557692, Cycle Loss:, 0.000000, MSE: 2387293.814904, RMSE: 1545.086993, MAE: 701.795582, rot_MSE: 2100216.500000, rot_RMSE: 1449.212402, rot_MAE: 1250.409790, trans_MSE: 1014389.312500, trans_RMSE: 1007.168945, trans_MAE: 605.211487
B--------->A
EPOCH:: 64, Loss: 1014389.557692, MSE: 2387293.552885, RMSE: 1545.086908, MAE: 699.458825, rot_MSE: 2100216.500000, rot_RMSE: 1449.212402, rot_MAE: 1250.409790, trans_MSE: 1018180.312500, trans_RMSE: 1009.049194, trans_MAE: 604.839844
==TEST==
A--------->B
EPOCH:: 64, Loss: 2446580.539136, Cycle Loss: 0.000000, MSE: 2371190.844626, RMSE: 1539.867152, MAE: 708.482510, rot_MSE: 2213640.500000, rot_RMSE: 1487.830811, rot_MAE: 1277.296509, trans_MSE: 2446580.250000, trans_RMSE: 1564.154785, trans_MAE: 701.025208
B--------->A
EPOCH:: 64, Loss: 2446580.539136, MSE: 2371190.798481, RMSE: 1539.867137, MAE: 699.578900, rot_MSE: 2213640.500000, rot_RMSE: 1487.830811, rot_MAE: 1277.296509, trans_MSE: 2454074.000000, trans_RMSE: 1566.548462, trans_MAE: 679.699097
==BEST TEST==
A--------->B
EPOCH:: 64, Loss: 872178.523364, Cycle Loss: 0.000000, MSE: 2353214.410047, RMSE: 1534.019038, MAE: 712.151834, rot_MSE: 2205641.750000, rot_RMSE: 1485.140259, rot_MAE: 1274.759277, trans_MSE: 872178.437500, trans_RMSE: 933.904968, trans_MAE: 576.017761
B--------->A
EPOCH:: 64, Loss: 872178.523364, MSE: 2353214.176986, RMSE: 1534.018962, MAE: 706.982963, rot_MSE: 2205641.750000, rot_RMSE: 1485.140259, rot_MAE: 1274.759277, trans_MSE: 875970.375000, trans_RMSE: 935.932861, trans_MAE: 569.218567
==TRAIN==
A--------->B
EPOCH:: 65, Loss: 838759.240385, Cycle Loss:, 0.000000, MSE: 2490662.586538, RMSE: 1578.183318, MAE: 710.701317, rot_MSE: 2104843.250000, rot_RMSE: 1450.807739, rot_MAE: 1251.991211, trans_MSE: 838759.062500, trans_RMSE: 915.837891, trans_MAE: 577.874023
B--------->A
EPOCH:: 65, Loss: 838759.240385, MSE: 2490662.759615, RMSE: 1578.183373, MAE: 708.482802, rot_MSE: 2104843.250000, rot_RMSE: 1450.807739, rot_MAE: 1251.991211, trans_MSE: 839722.500000, trans_RMSE: 916.363708, trans_MAE: 579.561523
==TEST==
A--------->B
EPOCH:: 65, Loss: 2329537.400993, Cycle Loss: 0.000000, MSE: 2384662.396612, RMSE: 1544.235214, MAE: 710.230988, rot_MSE: 2213813.750000, rot_RMSE: 1487.889038, rot_MAE: 1277.671875, trans_MSE: 2329537.250000, trans_RMSE: 1526.282227, trans_MAE: 714.448914
B--------->A
EPOCH:: 65, Loss: 2329537.400993, MSE: 2384662.631425, RMSE: 1544.235290, MAE: 703.000853, rot_MSE: 2213813.750000, rot_RMSE: 1487.889038, rot_MAE: 1277.671875, trans_MSE: 2332811.250000, trans_RMSE: 1527.354370, trans_MAE: 698.971375
==BEST TEST==
A--------->B
EPOCH:: 65, Loss: 872178.523364, Cycle Loss: 0.000000, MSE: 2353214.410047, RMSE: 1534.019038, MAE: 712.151834, rot_MSE: 2205641.750000, rot_RMSE: 1485.140259, rot_MAE: 1274.759277, trans_MSE: 872178.437500, trans_RMSE: 933.904968, trans_MAE: 576.017761
B--------->A
EPOCH:: 65, Loss: 872178.523364, MSE: 2353214.176986, RMSE: 1534.018962, MAE: 706.982963, rot_MSE: 2205641.750000, rot_RMSE: 1485.140259, rot_MAE: 1274.759277, trans_MSE: 875970.375000, trans_RMSE: 935.932861, trans_MAE: 569.218567
==TRAIN==
A--------->B
EPOCH:: 66, Loss: 912057.983173, Cycle Loss:, 0.000000, MSE: 2410601.740385, RMSE: 1552.611265, MAE: 707.645893, rot_MSE: 2103644.000000, rot_RMSE: 1450.394409, rot_MAE: 1251.905762, trans_MSE: 912057.875000, trans_RMSE: 955.017212, trans_MAE: 583.700134
B--------->A
EPOCH:: 66, Loss: 912057.983173, MSE: 2410601.692308, RMSE: 1552.611250, MAE: 706.756057, rot_MSE: 2103644.000000, rot_RMSE: 1450.394409, rot_MAE: 1251.905762, trans_MSE: 912935.500000, trans_RMSE: 955.476562, trans_MAE: 578.422852
==TEST==
A--------->B
EPOCH:: 66, Loss: 1607320.438376, Cycle Loss: 0.000000, MSE: 2340869.452687, RMSE: 1529.990017, MAE: 704.482531, rot_MSE: 2210336.250000, rot_RMSE: 1486.719971, rot_MAE: 1277.007202, trans_MSE: 1607320.250000, trans_RMSE: 1267.801392, trans_MAE: 665.161682
B--------->A
EPOCH:: 66, Loss: 1607320.438376, MSE: 2340869.485397, RMSE: 1529.990028, MAE: 698.643761, rot_MSE: 2210336.250000, rot_RMSE: 1486.719971, rot_MAE: 1277.007202, trans_MSE: 1605686.250000, trans_RMSE: 1267.156738, trans_MAE: 658.957336
==BEST TEST==
A--------->B
EPOCH:: 66, Loss: 872178.523364, Cycle Loss: 0.000000, MSE: 2353214.410047, RMSE: 1534.019038, MAE: 712.151834, rot_MSE: 2205641.750000, rot_RMSE: 1485.140259, rot_MAE: 1274.759277, trans_MSE: 872178.437500, trans_RMSE: 933.904968, trans_MAE: 576.017761
B--------->A
EPOCH:: 66, Loss: 872178.523364, MSE: 2353214.176986, RMSE: 1534.018962, MAE: 706.982963, rot_MSE: 2205641.750000, rot_RMSE: 1485.140259, rot_MAE: 1274.759277, trans_MSE: 875970.375000, trans_RMSE: 935.932861, trans_MAE: 569.218567
==TRAIN==
A--------->B
EPOCH:: 67, Loss: 894855.100962, Cycle Loss:, 0.000000, MSE: 2344079.129808, RMSE: 1531.038579, MAE: 693.644463, rot_MSE: 2102323.750000, rot_RMSE: 1449.939209, rot_MAE: 1253.827271, trans_MSE: 894855.000000, trans_RMSE: 945.967773, trans_MAE: 585.386230
B--------->A
EPOCH:: 67, Loss: 894855.100962, MSE: 2344079.250000, RMSE: 1531.038618, MAE: 691.600044, rot_MSE: 2102323.750000, rot_RMSE: 1449.939209, rot_MAE: 1253.827271, trans_MSE: 901424.437500, trans_RMSE: 949.433716, trans_MAE: 579.791443
==TEST==
A--------->B
EPOCH:: 67, Loss: 1628048.225175, Cycle Loss: 0.000000, MSE: 2310719.951519, RMSE: 1520.105244, MAE: 698.935910, rot_MSE: 2209222.500000, rot_RMSE: 1486.345337, rot_MAE: 1276.381592, trans_MSE: 1628048.000000, trans_RMSE: 1275.949829, trans_MAE: 631.214111
B--------->A
EPOCH:: 67, Loss: 1628048.225175, MSE: 2310720.187500, RMSE: 1520.105321, MAE: 694.438784, rot_MSE: 2209222.500000, rot_RMSE: 1486.345337, rot_MAE: 1276.381592, trans_MSE: 1623678.750000, trans_RMSE: 1274.236572, trans_MAE: 645.046448
==BEST TEST==
A--------->B
EPOCH:: 67, Loss: 872178.523364, Cycle Loss: 0.000000, MSE: 2353214.410047, RMSE: 1534.019038, MAE: 712.151834, rot_MSE: 2205641.750000, rot_RMSE: 1485.140259, rot_MAE: 1274.759277, trans_MSE: 872178.437500, trans_RMSE: 933.904968, trans_MAE: 576.017761
B--------->A
EPOCH:: 67, Loss: 872178.523364, MSE: 2353214.176986, RMSE: 1534.018962, MAE: 706.982963, rot_MSE: 2205641.750000, rot_RMSE: 1485.140259, rot_MAE: 1274.759277, trans_MSE: 875970.375000, trans_RMSE: 935.932861, trans_MAE: 569.218567
==TRAIN==
A--------->B
EPOCH:: 68, Loss: 957712.906250, Cycle Loss:, 0.000000, MSE: 2434405.105769, RMSE: 1560.258025, MAE: 705.622859, rot_MSE: 2074178.500000, rot_RMSE: 1440.200806, rot_MAE: 1241.742432, trans_MSE: 957712.812500, trans_RMSE: 978.628052, trans_MAE: 585.994019
B--------->A
EPOCH:: 68, Loss: 957712.906250, MSE: 2434405.201923, RMSE: 1560.258056, MAE: 704.922706, rot_MSE: 2074178.500000, rot_RMSE: 1440.200806, rot_MAE: 1241.742432, trans_MSE: 960791.000000, trans_RMSE: 980.199463, trans_MAE: 579.879517
==TEST==
A--------->B
EPOCH:: 68, Loss: 1010402.377629, Cycle Loss: 0.000000, MSE: 2337737.258762, RMSE: 1528.966075, MAE: 702.832753, rot_MSE: 2208912.500000, rot_RMSE: 1486.241089, rot_MAE: 1276.482300, trans_MSE: 1010402.312500, trans_RMSE: 1005.187683, trans_MAE: 606.025696
B--------->A
EPOCH:: 68, Loss: 1010402.377629, MSE: 2337737.544977, RMSE: 1528.966169, MAE: 693.872300, rot_MSE: 2208912.500000, rot_RMSE: 1486.241089, rot_MAE: 1276.482300, trans_MSE: 1005952.187500, trans_RMSE: 1002.971680, trans_MAE: 590.955627
==BEST TEST==
A--------->B
EPOCH:: 68, Loss: 872178.523364, Cycle Loss: 0.000000, MSE: 2353214.410047, RMSE: 1534.019038, MAE: 712.151834, rot_MSE: 2205641.750000, rot_RMSE: 1485.140259, rot_MAE: 1274.759277, trans_MSE: 872178.437500, trans_RMSE: 933.904968, trans_MAE: 576.017761
B--------->A
EPOCH:: 68, Loss: 872178.523364, MSE: 2353214.176986, RMSE: 1534.018962, MAE: 706.982963, rot_MSE: 2205641.750000, rot_RMSE: 1485.140259, rot_MAE: 1274.759277, trans_MSE: 875970.375000, trans_RMSE: 935.932861, trans_MAE: 569.218567
==TRAIN==
A--------->B
EPOCH:: 69, Loss: 1222725.002404, Cycle Loss:, 0.000000, MSE: 2437302.836538, RMSE: 1561.186355, MAE: 711.381688, rot_MSE: 2090847.625000, rot_RMSE: 1445.976318, rot_MAE: 1246.792114, trans_MSE: 1222724.875000, trans_RMSE: 1105.768921, trans_MAE: 606.381531
B--------->A
EPOCH:: 69, Loss: 1222725.002404, MSE: 2437302.745192, RMSE: 1561.186326, MAE: 706.983814, rot_MSE: 2090847.625000, rot_RMSE: 1445.976318, rot_MAE: 1246.792114, trans_MSE: 1230709.000000, trans_RMSE: 1109.373291, trans_MAE: 604.105896
==TEST==
A--------->B
EPOCH:: 69, Loss: 1318743.382886, Cycle Loss: 0.000000, MSE: 2341351.001752, RMSE: 1530.147379, MAE: 703.767012, rot_MSE: 2210083.000000, rot_RMSE: 1486.634766, rot_MAE: 1276.817261, trans_MSE: 1318743.375000, trans_RMSE: 1148.365479, trans_MAE: 637.283203
B--------->A
EPOCH:: 69, Loss: 1318743.382886, MSE: 2341351.037967, RMSE: 1530.147391, MAE: 696.703063, rot_MSE: 2210083.000000, rot_RMSE: 1486.634766, rot_MAE: 1276.817383, trans_MSE: 1320207.125000, trans_RMSE: 1149.002686, trans_MAE: 617.366516
==BEST TEST==
A--------->B
EPOCH:: 69, Loss: 872178.523364, Cycle Loss: 0.000000, MSE: 2353214.410047, RMSE: 1534.019038, MAE: 712.151834, rot_MSE: 2205641.750000, rot_RMSE: 1485.140259, rot_MAE: 1274.759277, trans_MSE: 872178.437500, trans_RMSE: 933.904968, trans_MAE: 576.017761
B--------->A
EPOCH:: 69, Loss: 872178.523364, MSE: 2353214.176986, RMSE: 1534.018962, MAE: 706.982963, rot_MSE: 2205641.750000, rot_RMSE: 1485.140259, rot_MAE: 1274.759277, trans_MSE: 875970.375000, trans_RMSE: 935.932861, trans_MAE: 569.218567
==TRAIN==
A--------->B
EPOCH:: 70, Loss: 817203.954327, Cycle Loss:, 0.000000, MSE: 2448634.086538, RMSE: 1564.811198, MAE: 707.527043, rot_MSE: 2098729.500000, rot_RMSE: 1448.699219, rot_MAE: 1250.487183, trans_MSE: 817203.812500, trans_RMSE: 903.993286, trans_MAE: 569.461060
B--------->A
EPOCH:: 70, Loss: 817203.954327, MSE: 2448634.038462, RMSE: 1564.811183, MAE: 703.939359, rot_MSE: 2098729.500000, rot_RMSE: 1448.699219, rot_MAE: 1250.487183, trans_MSE: 817569.250000, trans_RMSE: 904.195374, trans_MAE: 563.622192
==TEST==
A--------->B
EPOCH:: 70, Loss: 1333761.543516, Cycle Loss: 0.000000, MSE: 2363510.938668, RMSE: 1537.371438, MAE: 708.105565, rot_MSE: 2209494.750000, rot_RMSE: 1486.436890, rot_MAE: 1276.745483, trans_MSE: 1333761.500000, trans_RMSE: 1154.885864, trans_MAE: 625.857117
B--------->A
EPOCH:: 70, Loss: 1333761.543516, MSE: 2363510.878505, RMSE: 1537.371419, MAE: 700.730958, rot_MSE: 2209494.750000, rot_RMSE: 1486.436890, rot_MAE: 1276.745483, trans_MSE: 1335700.125000, trans_RMSE: 1155.724976, trans_MAE: 607.013611
==BEST TEST==
A--------->B
EPOCH:: 70, Loss: 872178.523364, Cycle Loss: 0.000000, MSE: 2353214.410047, RMSE: 1534.019038, MAE: 712.151834, rot_MSE: 2205641.750000, rot_RMSE: 1485.140259, rot_MAE: 1274.759277, trans_MSE: 872178.437500, trans_RMSE: 933.904968, trans_MAE: 576.017761
B--------->A
EPOCH:: 70, Loss: 872178.523364, MSE: 2353214.176986, RMSE: 1534.018962, MAE: 706.982963, rot_MSE: 2205641.750000, rot_RMSE: 1485.140259, rot_MAE: 1274.759277, trans_MSE: 875970.375000, trans_RMSE: 935.932861, trans_MAE: 569.218567
==TRAIN==
A--------->B
EPOCH:: 71, Loss: 918658.793269, Cycle Loss:, 0.000000, MSE: 2312191.980769, RMSE: 1520.589353, MAE: 689.882188, rot_MSE: 2077739.500000, rot_RMSE: 1441.436646, rot_MAE: 1243.621582, trans_MSE: 918658.687500, trans_RMSE: 958.466858, trans_MAE: 563.330444
B--------->A
EPOCH:: 71, Loss: 918658.793269, MSE: 2312192.173077, RMSE: 1520.589416, MAE: 690.297842, rot_MSE: 2077739.500000, rot_RMSE: 1441.436646, rot_MAE: 1243.621582, trans_MSE: 922108.125000, trans_RMSE: 960.264587, trans_MAE: 561.916382
==TEST==
A--------->B
EPOCH:: 71, Loss: 1494477.650993, Cycle Loss: 0.000000, MSE: 2364494.648949, RMSE: 1537.691337, MAE: 706.719282, rot_MSE: 2209992.250000, rot_RMSE: 1486.604248, rot_MAE: 1276.968994, trans_MSE: 1494477.500000, trans_RMSE: 1222.488281, trans_MAE: 636.215332
B--------->A
EPOCH:: 71, Loss: 1494477.650993, MSE: 2364495.029206, RMSE: 1537.691461, MAE: 701.159188, rot_MSE: 2209992.250000, rot_RMSE: 1486.604248, rot_MAE: 1276.968994, trans_MSE: 1498424.375000, trans_RMSE: 1224.101440, trans_MAE: 620.641235
==BEST TEST==
A--------->B
EPOCH:: 71, Loss: 872178.523364, Cycle Loss: 0.000000, MSE: 2353214.410047, RMSE: 1534.019038, MAE: 712.151834, rot_MSE: 2205641.750000, rot_RMSE: 1485.140259, rot_MAE: 1274.759277, trans_MSE: 872178.437500, trans_RMSE: 933.904968, trans_MAE: 576.017761
B--------->A
EPOCH:: 71, Loss: 872178.523364, MSE: 2353214.176986, RMSE: 1534.018962, MAE: 706.982963, rot_MSE: 2205641.750000, rot_RMSE: 1485.140259, rot_MAE: 1274.759277, trans_MSE: 875970.375000, trans_RMSE: 935.932861, trans_MAE: 569.218567
==TRAIN==
A--------->B
EPOCH:: 72, Loss: 906493.778846, Cycle Loss:, 0.000000, MSE: 2387021.807692, RMSE: 1544.998967, MAE: 701.190080, rot_MSE: 2091459.750000, rot_RMSE: 1446.187988, rot_MAE: 1247.571045, trans_MSE: 906493.625000, trans_RMSE: 952.099609, trans_MAE: 588.747803
B--------->A
EPOCH:: 72, Loss: 906493.778846, MSE: 2387021.730769, RMSE: 1544.998942, MAE: 699.749150, rot_MSE: 2091459.500000, rot_RMSE: 1446.187866, rot_MAE: 1247.571045, trans_MSE: 910216.000000, trans_RMSE: 954.052429, trans_MAE: 579.648560
==TEST==
A--------->B
EPOCH:: 72, Loss: 3132678.049942, Cycle Loss: 0.000000, MSE: 2365233.459112, RMSE: 1537.931552, MAE: 705.997214, rot_MSE: 2210627.750000, rot_RMSE: 1486.817993, rot_MAE: 1277.182129, trans_MSE: 3132678.000000, trans_RMSE: 1769.937256, trans_MAE: 736.608032
B--------->A
EPOCH:: 72, Loss: 3132678.049942, MSE: 2365233.667640, RMSE: 1537.931620, MAE: 701.066676, rot_MSE: 2210627.750000, rot_RMSE: 1486.817993, rot_MAE: 1277.182007, trans_MSE: 3143559.000000, trans_RMSE: 1773.008423, trans_MAE: 736.128235
==BEST TEST==
A--------->B
EPOCH:: 72, Loss: 872178.523364, Cycle Loss: 0.000000, MSE: 2353214.410047, RMSE: 1534.019038, MAE: 712.151834, rot_MSE: 2205641.750000, rot_RMSE: 1485.140259, rot_MAE: 1274.759277, trans_MSE: 872178.437500, trans_RMSE: 933.904968, trans_MAE: 576.017761
B--------->A
EPOCH:: 72, Loss: 872178.523364, MSE: 2353214.176986, RMSE: 1534.018962, MAE: 706.982963, rot_MSE: 2205641.750000, rot_RMSE: 1485.140259, rot_MAE: 1274.759277, trans_MSE: 875970.375000, trans_RMSE: 935.932861, trans_MAE: 569.218567
==TRAIN==
A--------->B
EPOCH:: 73, Loss: 833071.086538, Cycle Loss:, 0.000000, MSE: 2427666.278846, RMSE: 1558.097006, MAE: 703.542128, rot_MSE: 2097130.250000, rot_RMSE: 1448.147217, rot_MAE: 1249.900024, trans_MSE: 833071.000000, trans_RMSE: 912.727234, trans_MAE: 554.111633
B--------->A
EPOCH:: 73, Loss: 833071.086538, MSE: 2427666.250000, RMSE: 1558.096996, MAE: 703.052274, rot_MSE: 2097130.250000, rot_RMSE: 1448.147217, rot_MAE: 1249.900024, trans_MSE: 834617.250000, trans_RMSE: 913.573914, trans_MAE: 550.442993
==TEST==
A--------->B
EPOCH:: 73, Loss: 2756018.724591, Cycle Loss: 0.000000, MSE: 2372506.147196, RMSE: 1540.294176, MAE: 707.205082, rot_MSE: 2209915.750000, rot_RMSE: 1486.578491, rot_MAE: 1277.116577, trans_MSE: 2756018.250000, trans_RMSE: 1660.125977, trans_MAE: 718.374023
B--------->A
EPOCH:: 73, Loss: 2756018.724591, MSE: 2372506.034463, RMSE: 1540.294139, MAE: 703.982518, rot_MSE: 2209915.500000, rot_RMSE: 1486.578491, rot_MAE: 1277.116577, trans_MSE: 2763160.750000, trans_RMSE: 1662.275757, trans_MAE: 721.201111
==BEST TEST==
A--------->B
EPOCH:: 73, Loss: 872178.523364, Cycle Loss: 0.000000, MSE: 2353214.410047, RMSE: 1534.019038, MAE: 712.151834, rot_MSE: 2205641.750000, rot_RMSE: 1485.140259, rot_MAE: 1274.759277, trans_MSE: 872178.437500, trans_RMSE: 933.904968, trans_MAE: 576.017761
B--------->A
EPOCH:: 73, Loss: 872178.523364, MSE: 2353214.176986, RMSE: 1534.018962, MAE: 706.982963, rot_MSE: 2205641.750000, rot_RMSE: 1485.140259, rot_MAE: 1274.759277, trans_MSE: 875970.375000, trans_RMSE: 935.932861, trans_MAE: 569.218567
==TRAIN==
A--------->B
EPOCH:: 74, Loss: 778664.810096, Cycle Loss:, 0.000000, MSE: 2375352.115385, RMSE: 1541.217738, MAE: 696.979387, rot_MSE: 2081089.250000, rot_RMSE: 1442.598145, rot_MAE: 1245.763428, trans_MSE: 778664.687500, trans_RMSE: 882.419800, trans_MAE: 553.645630
B--------->A
EPOCH:: 74, Loss: 778664.810096, MSE: 2375352.163462, RMSE: 1541.217753, MAE: 696.448944, rot_MSE: 2081089.250000, rot_RMSE: 1442.598145, rot_MAE: 1245.763428, trans_MSE: 779763.312500, trans_RMSE: 883.042053, trans_MAE: 548.469849
==TEST==
A--------->B
EPOCH:: 74, Loss: 3015855.373540, Cycle Loss: 0.000000, MSE: 2363564.709112, RMSE: 1537.388926, MAE: 706.216505, rot_MSE: 2210301.500000, rot_RMSE: 1486.708252, rot_MAE: 1276.723755, trans_MSE: 3015855.250000, trans_RMSE: 1736.621826, trans_MAE: 732.650818
B--------->A
EPOCH:: 74, Loss: 3015855.373540, MSE: 2363564.515187, RMSE: 1537.388863, MAE: 701.700457, rot_MSE: 2210301.500000, rot_RMSE: 1486.708252, rot_MAE: 1276.723755, trans_MSE: 3027686.750000, trans_RMSE: 1740.024902, trans_MAE: 711.834961
==BEST TEST==
A--------->B
EPOCH:: 74, Loss: 872178.523364, Cycle Loss: 0.000000, MSE: 2353214.410047, RMSE: 1534.019038, MAE: 712.151834, rot_MSE: 2205641.750000, rot_RMSE: 1485.140259, rot_MAE: 1274.759277, trans_MSE: 872178.437500, trans_RMSE: 933.904968, trans_MAE: 576.017761
B--------->A
EPOCH:: 74, Loss: 872178.523364, MSE: 2353214.176986, RMSE: 1534.018962, MAE: 706.982963, rot_MSE: 2205641.750000, rot_RMSE: 1485.140259, rot_MAE: 1274.759277, trans_MSE: 875970.375000, trans_RMSE: 935.932861, trans_MAE: 569.218567
==TRAIN==
A--------->B
EPOCH:: 75, Loss: 753295.939904, Cycle Loss:, 0.000000, MSE: 2464518.278846, RMSE: 1569.878428, MAE: 708.614922, rot_MSE: 2097652.500000, rot_RMSE: 1448.327515, rot_MAE: 1249.802856, trans_MSE: 753295.875000, trans_RMSE: 867.926208, trans_MAE: 561.988953
B--------->A
EPOCH:: 75, Loss: 753295.939904, MSE: 2464518.144231, RMSE: 1569.878385, MAE: 707.921354, rot_MSE: 2097652.250000, rot_RMSE: 1448.327393, rot_MAE: 1249.802734, trans_MSE: 756880.812500, trans_RMSE: 869.988953, trans_MAE: 552.750122
==TEST==
A--------->B
EPOCH:: 75, Loss: 1973973.856016, Cycle Loss: 0.000000, MSE: 2360085.879673, RMSE: 1536.257101, MAE: 705.078105, rot_MSE: 2207614.750000, rot_RMSE: 1485.804443, rot_MAE: 1276.386719, trans_MSE: 1973973.875000, trans_RMSE: 1404.981812, trans_MAE: 659.483521
B--------->A
EPOCH:: 75, Loss: 1973973.856016, MSE: 2360085.999416, RMSE: 1536.257140, MAE: 701.403104, rot_MSE: 2207614.750000, rot_RMSE: 1485.804443, rot_MAE: 1276.386719, trans_MSE: 1977069.625000, trans_RMSE: 1406.083130, trans_MAE: 662.622742
==BEST TEST==
A--------->B
EPOCH:: 75, Loss: 872178.523364, Cycle Loss: 0.000000, MSE: 2353214.410047, RMSE: 1534.019038, MAE: 712.151834, rot_MSE: 2205641.750000, rot_RMSE: 1485.140259, rot_MAE: 1274.759277, trans_MSE: 872178.437500, trans_RMSE: 933.904968, trans_MAE: 576.017761
B--------->A
EPOCH:: 75, Loss: 872178.523364, MSE: 2353214.176986, RMSE: 1534.018962, MAE: 706.982963, rot_MSE: 2205641.750000, rot_RMSE: 1485.140259, rot_MAE: 1274.759277, trans_MSE: 875970.375000, trans_RMSE: 935.932861, trans_MAE: 569.218567
==TRAIN==
A--------->B
EPOCH:: 76, Loss: 759219.377404, Cycle Loss:, 0.000000, MSE: 2400432.634615, RMSE: 1549.332964, MAE: 697.048542, rot_MSE: 2089686.750000, rot_RMSE: 1445.574829, rot_MAE: 1247.245605, trans_MSE: 759219.250000, trans_RMSE: 871.331909, trans_MAE: 543.876526
B--------->A
EPOCH:: 76, Loss: 759219.377404, MSE: 2400432.673077, RMSE: 1549.332977, MAE: 698.012888, rot_MSE: 2089686.750000, rot_RMSE: 1445.574829, rot_MAE: 1247.245605, trans_MSE: 761591.875000, trans_RMSE: 872.692322, trans_MAE: 538.199646
==TEST==
A--------->B
EPOCH:: 76, Loss: 1771691.097547, Cycle Loss: 0.000000, MSE: 2381170.637850, RMSE: 1543.104221, MAE: 708.228749, rot_MSE: 2207240.000000, rot_RMSE: 1485.678345, rot_MAE: 1276.450684, trans_MSE: 1771691.125000, trans_RMSE: 1331.048828, trans_MAE: 638.224854
B--------->A
EPOCH:: 76, Loss: 1771691.097547, MSE: 2381171.016355, RMSE: 1543.104344, MAE: 703.705826, rot_MSE: 2207239.750000, rot_RMSE: 1485.678223, rot_MAE: 1276.450562, trans_MSE: 1776051.000000, trans_RMSE: 1332.685669, trans_MAE: 636.279236
==BEST TEST==
A--------->B
EPOCH:: 76, Loss: 872178.523364, Cycle Loss: 0.000000, MSE: 2353214.410047, RMSE: 1534.019038, MAE: 712.151834, rot_MSE: 2205641.750000, rot_RMSE: 1485.140259, rot_MAE: 1274.759277, trans_MSE: 872178.437500, trans_RMSE: 933.904968, trans_MAE: 576.017761
B--------->A
EPOCH:: 76, Loss: 872178.523364, MSE: 2353214.176986, RMSE: 1534.018962, MAE: 706.982963, rot_MSE: 2205641.750000, rot_RMSE: 1485.140259, rot_MAE: 1274.759277, trans_MSE: 875970.375000, trans_RMSE: 935.932861, trans_MAE: 569.218567
==TRAIN==
A--------->B
EPOCH:: 77, Loss: 869933.521635, Cycle Loss:, 0.000000, MSE: 2400689.716346, RMSE: 1549.415927, MAE: 705.609816, rot_MSE: 2095059.875000, rot_RMSE: 1447.432129, rot_MAE: 1248.760620, trans_MSE: 869933.437500, trans_RMSE: 932.702209, trans_MAE: 561.777954
B--------->A
EPOCH:: 77, Loss: 869933.521635, MSE: 2400689.495192, RMSE: 1549.415856, MAE: 700.696895, rot_MSE: 2095059.875000, rot_RMSE: 1447.432129, rot_MAE: 1248.760620, trans_MSE: 870349.750000, trans_RMSE: 932.925354, trans_MAE: 556.681702
==TEST==
A--------->B
EPOCH:: 77, Loss: 3087118.244743, Cycle Loss: 0.000000, MSE: 2391073.981308, RMSE: 1546.309795, MAE: 711.122551, rot_MSE: 2209203.750000, rot_RMSE: 1486.338989, rot_MAE: 1276.597046, trans_MSE: 3087118.250000, trans_RMSE: 1757.019653, trans_MAE: 722.001099
B--------->A
EPOCH:: 77, Loss: 3087118.244743, MSE: 2391073.939252, RMSE: 1546.309781, MAE: 706.812436, rot_MSE: 2209203.750000, rot_RMSE: 1486.338989, rot_MAE: 1276.597046, trans_MSE: 3106155.750000, trans_RMSE: 1762.428955, trans_MAE: 687.048218
==BEST TEST==
A--------->B
EPOCH:: 77, Loss: 872178.523364, Cycle Loss: 0.000000, MSE: 2353214.410047, RMSE: 1534.019038, MAE: 712.151834, rot_MSE: 2205641.750000, rot_RMSE: 1485.140259, rot_MAE: 1274.759277, trans_MSE: 872178.437500, trans_RMSE: 933.904968, trans_MAE: 576.017761
B--------->A
EPOCH:: 77, Loss: 872178.523364, MSE: 2353214.176986, RMSE: 1534.018962, MAE: 706.982963, rot_MSE: 2205641.750000, rot_RMSE: 1485.140259, rot_MAE: 1274.759277, trans_MSE: 875970.375000, trans_RMSE: 935.932861, trans_MAE: 569.218567
==TRAIN==
A--------->B
EPOCH:: 78, Loss: 809350.956731, Cycle Loss:, 0.000000, MSE: 2392058.139423, RMSE: 1546.627990, MAE: 700.096027, rot_MSE: 2095873.250000, rot_RMSE: 1447.713135, rot_MAE: 1248.852783, trans_MSE: 809350.875000, trans_RMSE: 899.639282, trans_MAE: 549.809021
B--------->A
EPOCH:: 78, Loss: 809350.956731, MSE: 2392058.406250, RMSE: 1546.628076, MAE: 698.810209, rot_MSE: 2095873.250000, rot_RMSE: 1447.713135, rot_MAE: 1248.852783, trans_MSE: 811013.125000, trans_RMSE: 900.562683, trans_MAE: 542.672302
==TEST==
A--------->B
EPOCH:: 78, Loss: 2676494.907126, Cycle Loss: 0.000000, MSE: 2366658.342874, RMSE: 1538.394729, MAE: 706.826249, rot_MSE: 2209080.750000, rot_RMSE: 1486.297607, rot_MAE: 1276.834717, trans_MSE: 2676494.750000, trans_RMSE: 1635.999634, trans_MAE: 710.618469
B--------->A
EPOCH:: 78, Loss: 2676494.907126, MSE: 2366658.334696, RMSE: 1538.394727, MAE: 704.747042, rot_MSE: 2209080.750000, rot_RMSE: 1486.297607, rot_MAE: 1276.834717, trans_MSE: 2682162.750000, trans_RMSE: 1637.730957, trans_MAE: 718.043579
==BEST TEST==
A--------->B
EPOCH:: 78, Loss: 872178.523364, Cycle Loss: 0.000000, MSE: 2353214.410047, RMSE: 1534.019038, MAE: 712.151834, rot_MSE: 2205641.750000, rot_RMSE: 1485.140259, rot_MAE: 1274.759277, trans_MSE: 872178.437500, trans_RMSE: 933.904968, trans_MAE: 576.017761
B--------->A
EPOCH:: 78, Loss: 872178.523364, MSE: 2353214.176986, RMSE: 1534.018962, MAE: 706.982963, rot_MSE: 2205641.750000, rot_RMSE: 1485.140259, rot_MAE: 1274.759277, trans_MSE: 875970.375000, trans_RMSE: 935.932861, trans_MAE: 569.218567
==TRAIN==
A--------->B
EPOCH:: 79, Loss: 840005.435096, Cycle Loss:, 0.000000, MSE: 2443169.932692, RMSE: 1563.064277, MAE: 707.719060, rot_MSE: 2104506.250000, rot_RMSE: 1450.691650, rot_MAE: 1254.746216, trans_MSE: 840005.375000, trans_RMSE: 916.518066, trans_MAE: 561.630432
B--------->A
EPOCH:: 79, Loss: 840005.435096, MSE: 2443169.971154, RMSE: 1563.064289, MAE: 705.346119, rot_MSE: 2104506.250000, rot_RMSE: 1450.691650, rot_MAE: 1254.746338, trans_MSE: 844718.062500, trans_RMSE: 919.085449, trans_MAE: 552.000427
==TEST==
A--------->B
EPOCH:: 79, Loss: 2719594.932243, Cycle Loss: 0.000000, MSE: 2380764.894276, RMSE: 1542.972746, MAE: 708.957344, rot_MSE: 2208542.250000, rot_RMSE: 1486.116455, rot_MAE: 1276.462280, trans_MSE: 2719594.750000, trans_RMSE: 1649.119385, trans_MAE: 708.109314
B--------->A
EPOCH:: 79, Loss: 2719594.932243, MSE: 2380764.923481, RMSE: 1542.972755, MAE: 706.694921, rot_MSE: 2208542.250000, rot_RMSE: 1486.116455, rot_MAE: 1276.462280, trans_MSE: 2728048.750000, trans_RMSE: 1651.680542, trans_MAE: 705.947449
==BEST TEST==
A--------->B
EPOCH:: 79, Loss: 872178.523364, Cycle Loss: 0.000000, MSE: 2353214.410047, RMSE: 1534.019038, MAE: 712.151834, rot_MSE: 2205641.750000, rot_RMSE: 1485.140259, rot_MAE: 1274.759277, trans_MSE: 872178.437500, trans_RMSE: 933.904968, trans_MAE: 576.017761
B--------->A
EPOCH:: 79, Loss: 872178.523364, MSE: 2353214.176986, RMSE: 1534.018962, MAE: 706.982963, rot_MSE: 2205641.750000, rot_RMSE: 1485.140259, rot_MAE: 1274.759277, trans_MSE: 875970.375000, trans_RMSE: 935.932861, trans_MAE: 569.218567
==TRAIN==
A--------->B
EPOCH:: 80, Loss: 756714.247596, Cycle Loss:, 0.000000, MSE: 2418255.192308, RMSE: 1555.074015, MAE: 701.776217, rot_MSE: 2082572.750000, rot_RMSE: 1443.112183, rot_MAE: 1245.046021, trans_MSE: 756714.125000, trans_RMSE: 869.893188, trans_MAE: 544.942810
B--------->A
EPOCH:: 80, Loss: 756714.247596, MSE: 2418255.076923, RMSE: 1555.073978, MAE: 699.814890, rot_MSE: 2082572.750000, rot_RMSE: 1443.112183, rot_MAE: 1245.046021, trans_MSE: 755953.750000, trans_RMSE: 869.455994, trans_MAE: 546.132935
==TEST==
A--------->B
EPOCH:: 80, Loss: 2824255.579439, Cycle Loss: 0.000000, MSE: 2361621.796145, RMSE: 1536.756909, MAE: 706.250572, rot_MSE: 2209401.250000, rot_RMSE: 1486.405518, rot_MAE: 1276.371826, trans_MSE: 2824255.500000, trans_RMSE: 1680.552124, trans_MAE: 710.487671
B--------->A
EPOCH:: 80, Loss: 2824255.579439, MSE: 2361621.866238, RMSE: 1536.756931, MAE: 701.737931, rot_MSE: 2209401.250000, rot_RMSE: 1486.405518, rot_MAE: 1276.371826, trans_MSE: 2835609.000000, trans_RMSE: 1683.926636, trans_MAE: 688.271729
==BEST TEST==
A--------->B
EPOCH:: 80, Loss: 872178.523364, Cycle Loss: 0.000000, MSE: 2353214.410047, RMSE: 1534.019038, MAE: 712.151834, rot_MSE: 2205641.750000, rot_RMSE: 1485.140259, rot_MAE: 1274.759277, trans_MSE: 872178.437500, trans_RMSE: 933.904968, trans_MAE: 576.017761
B--------->A
EPOCH:: 80, Loss: 872178.523364, MSE: 2353214.176986, RMSE: 1534.018962, MAE: 706.982963, rot_MSE: 2205641.750000, rot_RMSE: 1485.140259, rot_MAE: 1274.759277, trans_MSE: 875970.375000, trans_RMSE: 935.932861, trans_MAE: 569.218567
Namespace(exp_name='exp', model='dcp', emb_nn='dgcnn', pointer='transformer', head='svd', emb_dims=512, n_blocks=1, n_heads=4, ff_dims=1024, dropout=0.0, batch_size=32, test_batch_size=10, epochs=250, use_sgd=False, lr=0.001, momentum=0.9, no_cuda=False, seed=1234, eval=False, cycle=False, num_points=1024, model_path='', train_path='/mnt/d/SICK/pay-10-bucks/DCPwithIntensity/dataset', test_path='/mnt/d/SICK/pay-10-bucks/DCPwithIntensity/dataset', use_intensity=True, num_workers=4)
Using 4 input channels.
Loading custom test data...
Train data: 425 pairs, Test data: 107 pairs
==TRAIN==
A--------->B
EPOCH:: 0, Loss: 4251095.125000, Cycle Loss:, 0.000000, MSE: 2258488.298077, RMSE: 1502.826769, MAE: 711.297767, rot_MSE: 2115405.500000, rot_RMSE: 1454.443359, rot_MAE: 1255.979980, trans_MSE: 4251095.000000, trans_RMSE: 2061.818359, trans_MAE: 1067.266479
B--------->A
EPOCH:: 0, Loss: 4251095.125000, MSE: 2258488.403846, RMSE: 1502.826804, MAE: 709.913358, rot_MSE: 2115405.500000, rot_RMSE: 1454.443359, rot_MAE: 1255.979980, trans_MSE: 4269598.500000, trans_RMSE: 2066.300781, trans_MAE: 1066.775391
==TEST==
A--------->B
EPOCH:: 0, Loss: 5003372.449766, Cycle Loss: 0.000000, MSE: 2293808.560748, RMSE: 1514.532456, MAE: 694.335918, rot_MSE: 2234426.500000, rot_RMSE: 1494.799805, rot_MAE: 1282.575562, trans_MSE: 5003372.000000, trans_RMSE: 2236.821777, trans_MAE: 1014.542419
B--------->A
EPOCH:: 0, Loss: 5003372.449766, MSE: 2293808.613318, RMSE: 1514.532474, MAE: 682.740011, rot_MSE: 2234426.750000, rot_RMSE: 1494.799927, rot_MAE: 1282.575562, trans_MSE: 4995265.000000, trans_RMSE: 2235.009033, trans_MAE: 978.926025
==BEST TEST==
A--------->B
EPOCH:: 0, Loss: 5003372.449766, Cycle Loss: 0.000000, MSE: 2293808.560748, RMSE: 1514.532456, MAE: 694.335918, rot_MSE: 2234426.500000, rot_RMSE: 1494.799805, rot_MAE: 1282.575562, trans_MSE: 5003372.000000, trans_RMSE: 2236.821777, trans_MAE: 1014.542419
B--------->A
EPOCH:: 0, Loss: 5003372.449766, MSE: 2293808.613318, RMSE: 1514.532474, MAE: 682.740011, rot_MSE: 2234426.750000, rot_RMSE: 1494.799927, rot_MAE: 1282.575562, trans_MSE: 4995265.000000, trans_RMSE: 2235.009033, trans_MAE: 978.926025
==TRAIN==
A--------->B
EPOCH:: 1, Loss: 2868325.317308, Cycle Loss:, 0.000000, MSE: 2366520.711538, RMSE: 1538.349996, MAE: 712.190852, rot_MSE: 2109146.500000, rot_RMSE: 1452.290039, rot_MAE: 1252.425293, trans_MSE: 2868325.250000, trans_RMSE: 1693.613037, trans_MAE: 930.209534
B--------->A
EPOCH:: 1, Loss: 2868325.317308, MSE: 2366520.625000, RMSE: 1538.349968, MAE: 705.467853, rot_MSE: 2109146.250000, rot_RMSE: 1452.290039, rot_MAE: 1252.425293, trans_MSE: 2878024.500000, trans_RMSE: 1696.474121, trans_MAE: 915.804016
==TEST==
A--------->B
EPOCH:: 1, Loss: 5402358.552570, Cycle Loss: 0.000000, MSE: 2322483.269860, RMSE: 1523.969576, MAE: 695.524467, rot_MSE: 2223529.750000, rot_RMSE: 1491.150513, rot_MAE: 1279.576172, trans_MSE: 5402358.000000, trans_RMSE: 2324.297363, trans_MAE: 999.556458
B--------->A
EPOCH:: 1, Loss: 5402358.552570, MSE: 2322483.079439, RMSE: 1523.969514, MAE: 690.786283, rot_MSE: 2223530.000000, rot_RMSE: 1491.150513, rot_MAE: 1279.576172, trans_MSE: 5428911.500000, trans_RMSE: 2330.002441, trans_MAE: 969.703979
==BEST TEST==
A--------->B
EPOCH:: 1, Loss: 5003372.449766, Cycle Loss: 0.000000, MSE: 2293808.560748, RMSE: 1514.532456, MAE: 694.335918, rot_MSE: 2234426.500000, rot_RMSE: 1494.799805, rot_MAE: 1282.575562, trans_MSE: 5003372.000000, trans_RMSE: 2236.821777, trans_MAE: 1014.542419
B--------->A
EPOCH:: 1, Loss: 5003372.449766, MSE: 2293808.613318, RMSE: 1514.532474, MAE: 682.740011, rot_MSE: 2234426.750000, rot_RMSE: 1494.799927, rot_MAE: 1282.575562, trans_MSE: 4995265.000000, trans_RMSE: 2235.009033, trans_MAE: 978.926025
==TRAIN==
A--------->B
EPOCH:: 2, Loss: 2420287.149038, Cycle Loss:, 0.000000, MSE: 2405877.538462, RMSE: 1551.089146, MAE: 708.148414, rot_MSE: 2096088.625000, rot_RMSE: 1447.787476, rot_MAE: 1249.434326, trans_MSE: 2420286.750000, trans_RMSE: 1555.727051, trans_MAE: 811.533081
B--------->A
EPOCH:: 2, Loss: 2420287.149038, MSE: 2405877.581731, RMSE: 1551.089160, MAE: 706.478971, rot_MSE: 2096088.625000, rot_RMSE: 1447.787476, rot_MAE: 1249.434326, trans_MSE: 2435562.500000, trans_RMSE: 1560.628906, trans_MAE: 801.590820
==TEST==
A--------->B
EPOCH:: 2, Loss: 2976113.996495, Cycle Loss: 0.000000, MSE: 2352110.545561, RMSE: 1533.659201, MAE: 699.406616, rot_MSE: 2218296.000000, rot_RMSE: 1489.394531, rot_MAE: 1278.746216, trans_MSE: 2976113.750000, trans_RMSE: 1725.141602, trans_MAE: 842.086853
B--------->A
EPOCH:: 2, Loss: 2976113.996495, MSE: 2352110.748832, RMSE: 1533.659268, MAE: 692.739767, rot_MSE: 2218296.000000, rot_RMSE: 1489.394531, rot_MAE: 1278.746216, trans_MSE: 2984893.250000, trans_RMSE: 1727.684326, trans_MAE: 820.421326
==BEST TEST==
A--------->B
EPOCH:: 2, Loss: 2976113.996495, Cycle Loss: 0.000000, MSE: 2352110.545561, RMSE: 1533.659201, MAE: 699.406616, rot_MSE: 2218296.000000, rot_RMSE: 1489.394531, rot_MAE: 1278.746216, trans_MSE: 2976113.750000, trans_RMSE: 1725.141602, trans_MAE: 842.086853
B--------->A
EPOCH:: 2, Loss: 2976113.996495, MSE: 2352110.748832, RMSE: 1533.659268, MAE: 692.739767, rot_MSE: 2218296.000000, rot_RMSE: 1489.394531, rot_MAE: 1278.746216, trans_MSE: 2984893.250000, trans_RMSE: 1727.684326, trans_MAE: 820.421326
==TRAIN==
A--------->B
EPOCH:: 3, Loss: 2581453.230769, Cycle Loss:, 0.000000, MSE: 2418334.355769, RMSE: 1555.099468, MAE: 708.531851, rot_MSE: 2095643.125000, rot_RMSE: 1447.633667, rot_MAE: 1250.804321, trans_MSE: 2581453.250000, trans_RMSE: 1606.690186, trans_MAE: 818.259644
B--------->A
EPOCH:: 3, Loss: 2581453.230769, MSE: 2418334.365385, RMSE: 1555.099471, MAE: 709.426551, rot_MSE: 2095643.125000, rot_RMSE: 1447.633667, rot_MAE: 1250.804199, trans_MSE: 2587748.500000, trans_RMSE: 1608.648071, trans_MAE: 808.617371
==TEST==
A--------->B
EPOCH:: 3, Loss: 2833301.620619, Cycle Loss: 0.000000, MSE: 2371858.382593, RMSE: 1540.083888, MAE: 703.845200, rot_MSE: 2214939.000000, rot_RMSE: 1488.267090, rot_MAE: 1278.089722, trans_MSE: 2833301.250000, trans_RMSE: 1683.241333, trans_MAE: 755.944519
B--------->A
EPOCH:: 3, Loss: 2833301.620619, MSE: 2371858.528037, RMSE: 1540.083935, MAE: 692.973067, rot_MSE: 2214939.000000, rot_RMSE: 1488.267090, rot_MAE: 1278.089722, trans_MSE: 2845633.750000, trans_RMSE: 1686.900635, trans_MAE: 723.969360
==BEST TEST==
A--------->B
EPOCH:: 3, Loss: 2833301.620619, Cycle Loss: 0.000000, MSE: 2371858.382593, RMSE: 1540.083888, MAE: 703.845200, rot_MSE: 2214939.000000, rot_RMSE: 1488.267090, rot_MAE: 1278.089722, trans_MSE: 2833301.250000, trans_RMSE: 1683.241333, trans_MAE: 755.944519
B--------->A
EPOCH:: 3, Loss: 2833301.620619, MSE: 2371858.528037, RMSE: 1540.083935, MAE: 692.973067, rot_MSE: 2214939.000000, rot_RMSE: 1488.267090, rot_MAE: 1278.089722, trans_MSE: 2845633.750000, trans_RMSE: 1686.900635, trans_MAE: 723.969360
==TRAIN==
A--------->B
EPOCH:: 4, Loss: 2368846.096154, Cycle Loss:, 0.000000, MSE: 2436196.504808, RMSE: 1560.831991, MAE: 709.526919, rot_MSE: 2085521.625000, rot_RMSE: 1444.133545, rot_MAE: 1246.129150, trans_MSE: 2368846.000000, trans_RMSE: 1539.105591, trans_MAE: 761.508606
B--------->A
EPOCH:: 4, Loss: 2368846.096154, MSE: 2436196.548077, RMSE: 1560.832005, MAE: 704.479370, rot_MSE: 2085521.875000, rot_RMSE: 1444.133667, rot_MAE: 1246.129150, trans_MSE: 2376901.750000, trans_RMSE: 1541.720337, trans_MAE: 761.569885
==TEST==
A--------->B
EPOCH:: 4, Loss: 1777538.815129, Cycle Loss: 0.000000, MSE: 2321927.891355, RMSE: 1523.787351, MAE: 695.902991, rot_MSE: 2208626.000000, rot_RMSE: 1486.144653, rot_MAE: 1275.462891, trans_MSE: 1777538.625000, trans_RMSE: 1333.243652, trans_MAE: 705.801819
B--------->A
EPOCH:: 4, Loss: 1777538.815129, MSE: 2321927.915304, RMSE: 1523.787359, MAE: 688.096817, rot_MSE: 2208626.000000, rot_RMSE: 1486.144653, rot_MAE: 1275.462769, trans_MSE: 1785480.750000, trans_RMSE: 1336.218872, trans_MAE: 689.714355
==BEST TEST==
A--------->B
EPOCH:: 4, Loss: 1777538.815129, Cycle Loss: 0.000000, MSE: 2321927.891355, RMSE: 1523.787351, MAE: 695.902991, rot_MSE: 2208626.000000, rot_RMSE: 1486.144653, rot_MAE: 1275.462891, trans_MSE: 1777538.625000, trans_RMSE: 1333.243652, trans_MAE: 705.801819
B--------->A
EPOCH:: 4, Loss: 1777538.815129, MSE: 2321927.915304, RMSE: 1523.787359, MAE: 688.096817, rot_MSE: 2208626.000000, rot_RMSE: 1486.144653, rot_MAE: 1275.462891, trans_MSE: 1785480.750000, trans_RMSE: 1336.218872, trans_MAE: 689.714355
==TRAIN==
A--------->B
EPOCH:: 5, Loss: 2309344.615385, Cycle Loss:, 0.000000, MSE: 2346964.692308, RMSE: 1531.980644, MAE: 694.807378, rot_MSE: 2100934.500000, rot_RMSE: 1449.460083, rot_MAE: 1250.767578, trans_MSE: 2309344.500000, trans_RMSE: 1519.652710, trans_MAE: 776.354309
B--------->A
EPOCH:: 5, Loss: 2309344.615385, MSE: 2346964.586538, RMSE: 1531.980609, MAE: 695.329613, rot_MSE: 2100934.250000, rot_RMSE: 1449.459961, rot_MAE: 1250.767578, trans_MSE: 2325206.500000, trans_RMSE: 1524.862793, trans_MAE: 763.915955
==TEST==
A--------->B
EPOCH:: 5, Loss: 2136910.373248, Cycle Loss: 0.000000, MSE: 2295334.109229, RMSE: 1515.036009, MAE: 694.451954, rot_MSE: 2206700.750000, rot_RMSE: 1485.496826, rot_MAE: 1275.480957, trans_MSE: 2136910.250000, trans_RMSE: 1461.817505, trans_MAE: 694.143921
B--------->A
EPOCH:: 5, Loss: 2136910.373248, MSE: 2295334.157710, RMSE: 1515.036025, MAE: 680.515055, rot_MSE: 2206700.750000, rot_RMSE: 1485.496826, rot_MAE: 1275.480957, trans_MSE: 2140651.750000, trans_RMSE: 1463.096680, trans_MAE: 692.092163
==BEST TEST==
A--------->B
EPOCH:: 5, Loss: 1777538.815129, Cycle Loss: 0.000000, MSE: 2321927.891355, RMSE: 1523.787351, MAE: 695.902991, rot_MSE: 2208626.000000, rot_RMSE: 1486.144653, rot_MAE: 1275.462891, trans_MSE: 1777538.625000, trans_RMSE: 1333.243652, trans_MAE: 705.801819
B--------->A
EPOCH:: 5, Loss: 1777538.815129, MSE: 2321927.915304, RMSE: 1523.787359, MAE: 688.096817, rot_MSE: 2208626.000000, rot_RMSE: 1486.144653, rot_MAE: 1275.462891, trans_MSE: 1785480.750000, trans_RMSE: 1336.218872, trans_MAE: 689.714355
Namespace(exp_name='exp', model='dcp', emb_nn='dgcnn', pointer='transformer', head='svd', emb_dims=512, n_blocks=1, n_heads=4, ff_dims=1024, dropout=0.0, batch_size=32, test_batch_size=10, epochs=250, use_sgd=False, lr=0.001, momentum=0.9, no_cuda=False, seed=1234, eval=False, cycle=True, num_points=1024, model_path='', train_path='/mnt/d/SICK/pay-10-bucks/DCPwithIntensity/dataset', test_path='/mnt/d/SICK/pay-10-bucks/DCPwithIntensity/dataset', use_intensity=True, num_workers=4)
Using 4 input channels.
Loading custom test data...
Train data: 483 pairs, Test data: 121 pairs
Namespace(exp_name='exp', model='dcp', emb_nn='dgcnn', pointer='transformer', head='svd', emb_dims=512, n_blocks=1, n_heads=4, ff_dims=1024, dropout=0.0, batch_size=32, test_batch_size=10, epochs=250, use_sgd=False, lr=0.001, momentum=0.9, no_cuda=False, seed=1234, eval=False, cycle=True, num_points=1024, model_path='', train_path='/mnt/d/SICK/pay-10-bucks/DCPwithIntensity/dataset', test_path='/mnt/d/SICK/pay-10-bucks/DCPwithIntensity/dataset', use_intensity=True, num_workers=4)
Using 4 input channels.
Loading custom test data...
Train data: 483 pairs, Test data: 121 pairs
Namespace(exp_name='exp', model='dcp', emb_nn='dgcnn', pointer='transformer', head='svd', emb_dims=512, n_blocks=1, n_heads=4, ff_dims=1024, dropout=0.0, batch_size=16, test_batch_size=10, epochs=250, use_sgd=False, lr=0.001, momentum=0.9, no_cuda=False, seed=1234, eval=False, cycle=True, num_points=1024, model_path='', train_path='/mnt/d/SICK/pay-10-bucks/DCPwithIntensity/dataset', test_path='/mnt/d/SICK/pay-10-bucks/DCPwithIntensity/dataset', use_intensity=True, num_workers=4)
Using 4 input channels.
Loading custom test data...
Train data: 483 pairs, Test data: 121 pairs
Namespace(exp_name='exp', model='dcp', emb_nn='dgcnn', pointer='transformer', head='svd', emb_dims=512, n_blocks=1, n_heads=4, ff_dims=1024, dropout=0.0, batch_size=8, test_batch_size=10, epochs=250, use_sgd=False, lr=0.001, momentum=0.9, no_cuda=False, seed=1234, eval=False, cycle=True, num_points=1024, model_path='', train_path='/mnt/d/SICK/pay-10-bucks/DCPwithIntensity/dataset', test_path='/mnt/d/SICK/pay-10-bucks/DCPwithIntensity/dataset', use_intensity=True, num_workers=4)
Using 4 input channels.
Train data: 483 pairs, Test data: 121 pairs
Namespace(exp_name='exp', model='dcp', emb_nn='dgcnn', pointer='transformer', head='svd', emb_dims=512, n_blocks=1, n_heads=4, ff_dims=1024, dropout=0.0, batch_size=4, test_batch_size=5, epochs=250, use_sgd=False, lr=0.001, momentum=0.9, no_cuda=False, seed=1234, eval=False, cycle=True, num_points=1024, model_path='', train_path='/mnt/d/SICK/pay-10-bucks/DCPwithIntensity/dataset', test_path='/mnt/d/SICK/pay-10-bucks/DCPwithIntensity/dataset', use_intensity=True, num_workers=4)
Using 4 input channels.
Train data: 483 pairs, Test data: 121 pairs
Namespace(exp_name='exp', model='dcp', emb_nn='dgcnn', pointer='transformer', head='svd', emb_dims=512, n_blocks=1, n_heads=4, ff_dims=1024, dropout=0.0, batch_size=4, test_batch_size=5, epochs=250, use_sgd=False, lr=0.001, momentum=0.9, no_cuda=False, seed=1234, eval=False, cycle=True, num_points=1024, model_path='', train_path='/mnt/d/SICK/pay-10-bucks/DCPwithIntensity/dataset', test_path='/mnt/d/SICK/pay-10-bucks/DCPwithIntensity/dataset', use_intensity=True, num_workers=4)
Using 4 input channels.
Train data: 483 pairs, Test data: 121 pairs
==TRAIN==
A--------->B
EPOCH:: 0, Loss: 164837.310299, Cycle Loss:, 18099.081518, MSE: 1246086.325521, RMSE: 1116.282368, MAE: 572.172315, rot_MSE: 2272834.750000, rot_RMSE: 1507.592407, rot_MAE: 1307.788696, trans_MSE: 146738.078125, trans_RMSE: 383.064056, trans_MAE: 171.649216
B--------->A
EPOCH:: 0, Loss: 164837.310299, MSE: 1174745.292188, RMSE: 1083.856675, MAE: 562.600508, rot_MSE: 2271669.250000, rot_RMSE: 1507.205811, rot_MAE: 1307.769653, trans_MSE: 50679.445312, trans_RMSE: 225.120956, trans_MAE: 105.087540
==TEST==
A--------->B
EPOCH:: 0, Loss: 178645.539803, Cycle Loss: 27498.975236, MSE: 1386972.190987, RMSE: 1177.697835, MAE: 574.931222, rot_MSE: 2209420.750000, rot_RMSE: 1486.411987, rot_MAE: 1275.281494, trans_MSE: 151146.406250, trans_RMSE: 388.775513, trans_MAE: 164.696198
B--------->A
EPOCH:: 0, Loss: 178645.539803, MSE: 1388423.645597, RMSE: 1178.313899, MAE: 580.756891, rot_MSE: 2207762.000000, rot_RMSE: 1485.854004, rot_MAE: 1274.223633, trans_MSE: 149538.828125, trans_RMSE: 386.702515, trans_MAE: 125.179092
==BEST TEST==
A--------->B
EPOCH:: 0, Loss: 178645.539803, Cycle Loss: 27498.975236, MSE: 1386972.190987, RMSE: 1177.697835, MAE: 574.931222, rot_MSE: 2209420.750000, rot_RMSE: 1486.411987, rot_MAE: 1275.281494, trans_MSE: 151146.406250, trans_RMSE: 388.775513, trans_MAE: 164.696198
B--------->A
EPOCH:: 0, Loss: 178645.539803, MSE: 1388423.645597, RMSE: 1178.313899, MAE: 580.756891, rot_MSE: 2207762.000000, rot_RMSE: 1485.854004, rot_MAE: 1274.223633, trans_MSE: 149538.828125, trans_RMSE: 386.702515, trans_MAE: 125.179092
==TRAIN==
A--------->B
EPOCH:: 1, Loss: 111274.753376, Cycle Loss:, 12864.517030, MSE: 1218590.712109, RMSE: 1103.897963, MAE: 569.457182, rot_MSE: 2278548.250000, rot_RMSE: 1509.486084, rot_MAE: 1309.826172, trans_MSE: 98410.054688, trans_RMSE: 313.703766, trans_MAE: 136.290482
B--------->A
EPOCH:: 1, Loss: 111274.753376, MSE: 1171677.687109, RMSE: 1082.440616, MAE: 558.924978, rot_MSE: 2277069.750000, rot_RMSE: 1508.996216, rot_MAE: 1309.387207, trans_MSE: 35875.910156, trans_RMSE: 189.409378, trans_MAE: 83.589401
==TEST==
A--------->B
EPOCH:: 1, Loss: 231444.084352, Cycle Loss: 20808.674071, MSE: 1431279.407089, RMSE: 1196.360902, MAE: 575.512351, rot_MSE: 2209369.500000, rot_RMSE: 1486.394775, rot_MAE: 1274.909546, trans_MSE: 210635.234375, trans_RMSE: 458.950134, trans_MAE: 195.421387
B--------->A
EPOCH:: 1, Loss: 231444.084352, MSE: 1333559.055333, RMSE: 1154.798275, MAE: 570.332464, rot_MSE: 2211247.500000, rot_RMSE: 1487.026367, rot_MAE: 1275.616455, trans_MSE: 77883.101562, trans_RMSE: 279.075439, trans_MAE: 99.261162
==BEST TEST==
A--------->B
EPOCH:: 1, Loss: 178645.539803, Cycle Loss: 27498.975236, MSE: 1386972.190987, RMSE: 1177.697835, MAE: 574.931222, rot_MSE: 2209420.750000, rot_RMSE: 1486.411987, rot_MAE: 1275.281494, trans_MSE: 151146.406250, trans_RMSE: 388.775513, trans_MAE: 164.696198
B--------->A
EPOCH:: 1, Loss: 178645.539803, MSE: 1388423.645597, RMSE: 1178.313899, MAE: 580.756891, rot_MSE: 2207762.000000, rot_RMSE: 1485.854004, rot_MAE: 1274.223633, trans_MSE: 149538.828125, trans_RMSE: 386.702515, trans_MAE: 125.179092
==TRAIN==
A--------->B
EPOCH:: 2, Loss: 56196.512632, Cycle Loss:, 7548.798571, MSE: 1173656.860807, RMSE: 1083.354448, MAE: 559.777001, rot_MSE: 2264344.500000, rot_RMSE: 1504.773926, rot_MAE: 1305.166870, trans_MSE: 48647.542969, trans_RMSE: 220.561874, trans_MAE: 105.268509
B--------->A
EPOCH:: 2, Loss: 56196.512632, MSE: 1153198.167448, RMSE: 1073.870647, MAE: 555.497620, rot_MSE: 2265105.500000, rot_RMSE: 1505.026733, rot_MAE: 1305.237549, trans_MSE: 22608.314453, trans_RMSE: 150.360611, trans_MAE: 70.420242
==TEST==
A--------->B
EPOCH:: 2, Loss: 345049.901179, Cycle Loss: 35523.552070, MSE: 1507712.301782, RMSE: 1227.889369, MAE: 574.518236, rot_MSE: 2210276.250000, rot_RMSE: 1486.699829, rot_MAE: 1275.474976, trans_MSE: 309526.218750, trans_RMSE: 556.350830, trans_MAE: 200.270615
B--------->A
EPOCH:: 2, Loss: 345049.901179, MSE: 1361217.429042, RMSE: 1166.712231, MAE: 576.577494, rot_MSE: 2212552.500000, rot_RMSE: 1487.465088, rot_MAE: 1275.650635, trans_MSE: 114840.664062, trans_RMSE: 338.881500, trans_MAE: 111.263390
==BEST TEST==
A--------->B
EPOCH:: 2, Loss: 178645.539803, Cycle Loss: 27498.975236, MSE: 1386972.190987, RMSE: 1177.697835, MAE: 574.931222, rot_MSE: 2209420.750000, rot_RMSE: 1486.411987, rot_MAE: 1275.281494, trans_MSE: 151146.406250, trans_RMSE: 388.775513, trans_MAE: 164.696198
B--------->A
EPOCH:: 2, Loss: 178645.539803, MSE: 1388423.645597, RMSE: 1178.313899, MAE: 580.756891, rot_MSE: 2207762.000000, rot_RMSE: 1485.854004, rot_MAE: 1274.223633, trans_MSE: 149538.828125, trans_RMSE: 386.702515, trans_MAE: 125.179092
==TRAIN==
A--------->B
EPOCH:: 3, Loss: 73307.583303, Cycle Loss:, 9760.010577, MSE: 1194746.461458, RMSE: 1093.044583, MAE: 564.019371, rot_MSE: 2266968.750000, rot_RMSE: 1505.645630, rot_MAE: 1305.526123, trans_MSE: 63547.390625, trans_RMSE: 252.086075, trans_MAE: 118.478058
B--------->A
EPOCH:: 3, Loss: 73307.583303, MSE: 1167849.986719, RMSE: 1080.671082, MAE: 559.979404, rot_MSE: 2267055.500000, rot_RMSE: 1505.674438, rot_MAE: 1305.649780, trans_MSE: 29293.966797, trans_RMSE: 171.154800, trans_MAE: 82.048782
==TEST==
A--------->B
EPOCH:: 3, Loss: 181288.208238, Cycle Loss: 25594.505138, MSE: 1391951.937242, RMSE: 1179.810128, MAE: 578.123055, rot_MSE: 2211550.250000, rot_RMSE: 1487.128174, rot_MAE: 1275.500488, trans_MSE: 155693.531250, trans_RMSE: 394.580200, trans_MAE: 153.548355
B--------->A
EPOCH:: 3, Loss: 181288.208238, MSE: 1332136.540031, RMSE: 1154.182195, MAE: 571.007469, rot_MSE: 2210345.500000, rot_RMSE: 1486.723022, rot_MAE: 1274.934570, trans_MSE: 75000.296875, trans_RMSE: 273.861816, trans_MAE: 98.674393
==BEST TEST==
A--------->B
EPOCH:: 3, Loss: 178645.539803, Cycle Loss: 27498.975236, MSE: 1386972.190987, RMSE: 1177.697835, MAE: 574.931222, rot_MSE: 2209420.750000, rot_RMSE: 1486.411987, rot_MAE: 1275.281494, trans_MSE: 151146.406250, trans_RMSE: 388.775513, trans_MAE: 164.696198
B--------->A
EPOCH:: 3, Loss: 178645.539803, MSE: 1388423.645597, RMSE: 1178.313899, MAE: 580.756891, rot_MSE: 2207762.000000, rot_RMSE: 1485.854004, rot_MAE: 1274.223633, trans_MSE: 149538.828125, trans_RMSE: 386.702515, trans_MAE: 125.179092
==TRAIN==
A--------->B
EPOCH:: 4, Loss: 92535.817416, Cycle Loss:, 12196.314014, MSE: 1205842.261458, RMSE: 1098.108493, MAE: 569.341885, rot_MSE: 2270997.000000, rot_RMSE: 1506.982788, rot_MAE: 1306.851685, trans_MSE: 80339.335938, trans_RMSE: 283.441956, trans_MAE: 123.049652
B--------->A
EPOCH:: 4, Loss: 92535.817416, MSE: 1166968.800000, RMSE: 1080.263301, MAE: 556.513265, rot_MSE: 2270274.250000, rot_RMSE: 1506.742920, rot_MAE: 1306.918579, trans_MSE: 28847.605469, trans_RMSE: 169.845825, trans_MAE: 78.520485
==TEST==
A--------->B
EPOCH:: 4, Loss: 282985.934179, Cycle Loss: 35042.686793, MSE: 1459655.270467, RMSE: 1208.161939, MAE: 564.630394, rot_MSE: 2206856.000000, rot_RMSE: 1485.549072, rot_MAE: 1273.488892, trans_MSE: 247943.093750, trans_RMSE: 497.938843, trans_MAE: 194.142685
B--------->A
EPOCH:: 4, Loss: 282985.934179, MSE: 1336647.853048, RMSE: 1156.134877, MAE: 567.537731, rot_MSE: 2206640.750000, rot_RMSE: 1485.476562, rot_MAE: 1274.032959, trans_MSE: 79836.804688, trans_RMSE: 282.554077, trans_MAE: 95.343620
==BEST TEST==
A--------->B
EPOCH:: 4, Loss: 178645.539803, Cycle Loss: 27498.975236, MSE: 1386972.190987, RMSE: 1177.697835, MAE: 574.931222, rot_MSE: 2209420.750000, rot_RMSE: 1486.411987, rot_MAE: 1275.281494, trans_MSE: 151146.406250, trans_RMSE: 388.775513, trans_MAE: 164.696198
B--------->A
EPOCH:: 4, Loss: 178645.539803, MSE: 1388423.645597, RMSE: 1178.313899, MAE: 580.756891, rot_MSE: 2207762.000000, rot_RMSE: 1485.854004, rot_MAE: 1274.223633, trans_MSE: 149538.828125, trans_RMSE: 386.702515, trans_MAE: 125.179092
==TRAIN==
A--------->B
EPOCH:: 5, Loss: 58637.786139, Cycle Loss:, 6864.986878, MSE: 1174278.796875, RMSE: 1083.641452, MAE: 559.733919, rot_MSE: 2270319.250000, rot_RMSE: 1506.757812, rot_MAE: 1307.418701, trans_MSE: 51772.621094, trans_RMSE: 227.535980, trans_MAE: 106.063713
B--------->A
EPOCH:: 5, Loss: 58637.786139, MSE: 1146658.339779, RMSE: 1070.821339, MAE: 551.024708, rot_MSE: 2270395.250000, rot_RMSE: 1506.783081, rot_MAE: 1307.295166, trans_MSE: 15142.099609, trans_RMSE: 123.053238, trans_MAE: 66.580208
==TEST==
A--------->B
EPOCH:: 5, Loss: 199404.007198, Cycle Loss: 20123.503883, MSE: 1407864.130876, RMSE: 1186.534505, MAE: 568.426051, rot_MSE: 2208168.500000, rot_RMSE: 1485.990723, rot_MAE: 1274.017212, trans_MSE: 179280.343750, trans_RMSE: 423.415100, trans_MAE: 162.558823
B--------->A
EPOCH:: 5, Loss: 199404.007198, MSE: 1349711.213520, RMSE: 1161.770723, MAE: 571.615049, rot_MSE: 2208970.500000, rot_RMSE: 1486.260620, rot_MAE: 1274.513794, trans_MSE: 102027.578125, trans_RMSE: 319.417572, trans_MAE: 88.049339
==BEST TEST==
A--------->B
EPOCH:: 5, Loss: 178645.539803, Cycle Loss: 27498.975236, MSE: 1386972.190987, RMSE: 1177.697835, MAE: 574.931222, rot_MSE: 2209420.750000, rot_RMSE: 1486.411987, rot_MAE: 1275.281494, trans_MSE: 151146.406250, trans_RMSE: 388.775513, trans_MAE: 164.696198
B--------->A
EPOCH:: 5, Loss: 178645.539803, MSE: 1388423.645597, RMSE: 1178.313899, MAE: 580.756891, rot_MSE: 2207762.000000, rot_RMSE: 1485.854004, rot_MAE: 1274.223633, trans_MSE: 149538.828125, trans_RMSE: 386.702515, trans_MAE: 125.179092
==TRAIN==
A--------->B
EPOCH:: 6, Loss: 35567.788376, Cycle Loss:, 4447.474765, MSE: 1170452.268750, RMSE: 1081.874424, MAE: 560.285559, rot_MSE: 2270604.000000, rot_RMSE: 1506.852295, rot_MAE: 1306.624512, trans_MSE: 31120.138672, trans_RMSE: 176.409012, trans_MAE: 88.064095
B--------->A
EPOCH:: 6, Loss: 35567.788376, MSE: 1156226.559635, RMSE: 1075.279759, MAE: 555.350011, rot_MSE: 2268724.500000, rot_RMSE: 1506.228516, rot_MAE: 1305.877197, trans_MSE: 11210.484375, trans_RMSE: 105.879578, trans_MAE: 59.463516
==TEST==
A--------->B
EPOCH:: 6, Loss: 266026.064007, Cycle Loss: 25215.578969, MSE: 1453836.610795, RMSE: 1205.751471, MAE: 568.141050, rot_MSE: 2209713.000000, rot_RMSE: 1486.510376, rot_MAE: 1274.487549, trans_MSE: 240810.312500, trans_RMSE: 490.724274, trans_MAE: 180.826294
B--------->A
EPOCH:: 6, Loss: 266026.064007, MSE: 1343546.843750, RMSE: 1159.114681, MAE: 569.477005, rot_MSE: 2208888.250000, rot_RMSE: 1486.232910, rot_MAE: 1274.242920, trans_MSE: 93270.625000, trans_RMSE: 305.402405, trans_MAE: 84.879875
==BEST TEST==
A--------->B
EPOCH:: 6, Loss: 178645.539803, Cycle Loss: 27498.975236, MSE: 1386972.190987, RMSE: 1177.697835, MAE: 574.931222, rot_MSE: 2209420.750000, rot_RMSE: 1486.411987, rot_MAE: 1275.281494, trans_MSE: 151146.406250, trans_RMSE: 388.775513, trans_MAE: 164.696198
B--------->A
EPOCH:: 6, Loss: 178645.539803, MSE: 1388423.645597, RMSE: 1178.313899, MAE: 580.756891, rot_MSE: 2207762.000000, rot_RMSE: 1485.854004, rot_MAE: 1274.223633, trans_MSE: 149538.828125, trans_RMSE: 386.702515, trans_MAE: 125.179092
==TRAIN==
A--------->B
EPOCH:: 7, Loss: 31825.495263, Cycle Loss:, 4154.172818, MSE: 1152330.786458, RMSE: 1073.466714, MAE: 557.242783, rot_MSE: 2275161.000000, rot_RMSE: 1508.363647, rot_MAE: 1309.001587, trans_MSE: 27671.146484, trans_RMSE: 166.346466, trans_MAE: 84.711136
B--------->A
EPOCH:: 7, Loss: 31825.495263, MSE: 1142167.875716, RMSE: 1068.722544, MAE: 551.559415, rot_MSE: 2276889.000000, rot_RMSE: 1508.936401, rot_MAE: 1309.270508, trans_MSE: 13438.707031, trans_RMSE: 115.925438, trans_MAE: 59.781227
==TEST==
A--------->B
EPOCH:: 7, Loss: 97286.473259, Cycle Loss: 13751.987198, MSE: 1337499.087293, RMSE: 1156.502956, MAE: 563.470859, rot_MSE: 2209354.500000, rot_RMSE: 1486.389771, rot_MAE: 1274.336914, trans_MSE: 83534.312500, trans_RMSE: 289.023041, trans_MAE: 119.558281
B--------->A
EPOCH:: 7, Loss: 97286.473259, MSE: 1326199.661674, RMSE: 1151.607425, MAE: 565.714905, rot_MSE: 2208729.750000, rot_RMSE: 1486.179565, rot_MAE: 1274.428589, trans_MSE: 67384.945312, trans_RMSE: 259.586090, trans_MAE: 84.245728
==BEST TEST==
A--------->B
EPOCH:: 7, Loss: 97286.473259, Cycle Loss: 13751.987198, MSE: 1337499.087293, RMSE: 1156.502956, MAE: 563.470859, rot_MSE: 2209354.500000, rot_RMSE: 1486.389771, rot_MAE: 1274.336914, trans_MSE: 83534.312500, trans_RMSE: 289.023041, trans_MAE: 119.558281
B--------->A
EPOCH:: 7, Loss: 97286.473259, MSE: 1326199.661674, RMSE: 1151.607425, MAE: 565.714905, rot_MSE: 2208729.750000, rot_RMSE: 1486.179565, rot_MAE: 1274.428589, trans_MSE: 67384.945312, trans_RMSE: 259.586090, trans_MAE: 84.245728
==TRAIN==
A--------->B
EPOCH:: 8, Loss: 28803.763820, Cycle Loss:, 3743.577377, MSE: 1151405.528125, RMSE: 1073.035660, MAE: 558.050963, rot_MSE: 2265275.500000, rot_RMSE: 1505.083252, rot_MAE: 1305.883179, trans_MSE: 25060.007812, trans_RMSE: 158.303528, trans_MAE: 81.598015
B--------->A
EPOCH:: 8, Loss: 28803.763820, MSE: 1142504.429948, RMSE: 1068.879989, MAE: 549.579819, rot_MSE: 2266204.750000, rot_RMSE: 1505.391846, rot_MAE: 1305.766968, trans_MSE: 13504.244141, trans_RMSE: 116.207764, trans_MAE: 56.146561
==TEST==
A--------->B
EPOCH:: 8, Loss: 138679.206722, Cycle Loss: 13460.204703, MSE: 1368769.433239, RMSE: 1169.944201, MAE: 565.150588, rot_MSE: 2209030.000000, rot_RMSE: 1486.280640, rot_MAE: 1274.192383, trans_MSE: 125218.843750, trans_RMSE: 353.862732, trans_MAE: 135.829025
B--------->A
EPOCH:: 8, Loss: 138679.206722, MSE: 1332515.713004, RMSE: 1154.346444, MAE: 566.294836, rot_MSE: 2208694.000000, rot_RMSE: 1486.167603, rot_MAE: 1274.103516, trans_MSE: 80098.585938, trans_RMSE: 283.016937, trans_MAE: 85.779106
==BEST TEST==
A--------->B
EPOCH:: 8, Loss: 97286.473259, Cycle Loss: 13751.987198, MSE: 1337499.087293, RMSE: 1156.502956, MAE: 563.470859, rot_MSE: 2209354.500000, rot_RMSE: 1486.389771, rot_MAE: 1274.336914, trans_MSE: 83534.312500, trans_RMSE: 289.023041, trans_MAE: 119.558281
B--------->A
EPOCH:: 8, Loss: 97286.473259, MSE: 1326199.661674, RMSE: 1151.607425, MAE: 565.714905, rot_MSE: 2208729.750000, rot_RMSE: 1486.179565, rot_MAE: 1274.428589, trans_MSE: 67384.945312, trans_RMSE: 259.586090, trans_MAE: 84.245728
==TRAIN==
A--------->B
EPOCH:: 9, Loss: 27243.409379, Cycle Loss:, 4226.947859, MSE: 1163519.631901, RMSE: 1078.665672, MAE: 559.768547, rot_MSE: 2272142.000000, rot_RMSE: 1507.362549, rot_MAE: 1307.631470, trans_MSE: 23016.291016, trans_RMSE: 151.711212, trans_MAE: 78.970009
B--------->A
EPOCH:: 9, Loss: 27243.409379, MSE: 1157864.996224, RMSE: 1076.041354, MAE: 553.032537, rot_MSE: 2271890.500000, rot_RMSE: 1507.279175, rot_MAE: 1307.487305, trans_MSE: 17191.195312, trans_RMSE: 131.115204, trans_MAE: 56.451683
==TEST==
A--------->B
EPOCH:: 9, Loss: 132700.173416, Cycle Loss: 16346.213663, MSE: 1360509.087939, RMSE: 1166.408628, MAE: 561.830246, rot_MSE: 2205872.000000, rot_RMSE: 1485.217773, rot_MAE: 1273.209717, trans_MSE: 116353.804688, trans_RMSE: 341.106720, trans_MAE: 130.700668
B--------->A
EPOCH:: 9, Loss: 132700.173416, MSE: 1323321.082515, RMSE: 1150.356937, MAE: 562.422777, rot_MSE: 2207135.000000, rot_RMSE: 1485.642944, rot_MAE: 1273.800171, trans_MSE: 68769.539062, trans_RMSE: 262.239471, trans_MAE: 77.050278
==BEST TEST==
A--------->B
EPOCH:: 9, Loss: 97286.473259, Cycle Loss: 13751.987198, MSE: 1337499.087293, RMSE: 1156.502956, MAE: 563.470859, rot_MSE: 2209354.500000, rot_RMSE: 1486.389771, rot_MAE: 1274.336914, trans_MSE: 83534.312500, trans_RMSE: 289.023041, trans_MAE: 119.558281
B--------->A
EPOCH:: 9, Loss: 97286.473259, MSE: 1326199.661674, RMSE: 1151.607425, MAE: 565.714905, rot_MSE: 2208729.750000, rot_RMSE: 1486.179565, rot_MAE: 1274.428589, trans_MSE: 67384.945312, trans_RMSE: 259.586090, trans_MAE: 84.245728
==TRAIN==
A--------->B
EPOCH:: 10, Loss: 26870.561506, Cycle Loss:, 3131.507355, MSE: 1164275.185026, RMSE: 1079.015841, MAE: 560.226850, rot_MSE: 2273045.250000, rot_RMSE: 1507.662231, rot_MAE: 1308.561279, trans_MSE: 23738.886719, trans_RMSE: 154.074295, trans_MAE: 78.856979
B--------->A
EPOCH:: 10, Loss: 26870.561506, MSE: 1152106.940625, RMSE: 1073.362446, MAE: 553.324273, rot_MSE: 2272070.500000, rot_RMSE: 1507.338867, rot_MAE: 1307.871704, trans_MSE: 7910.669434, trans_RMSE: 88.941948, trans_MAE: 52.853821
==TEST==
A--------->B
EPOCH:: 10, Loss: 91445.677877, Cycle Loss: 10676.118731, MSE: 1334411.070958, RMSE: 1155.167118, MAE: 564.164298, rot_MSE: 2207777.000000, rot_RMSE: 1485.859009, rot_MAE: 1274.038086, trans_MSE: 80769.398438, trans_RMSE: 284.199585, trans_MAE: 115.921738
B--------->A
EPOCH:: 10, Loss: 91445.677877, MSE: 1297924.435628, RMSE: 1139.264866, MAE: 563.424244, rot_MSE: 2206991.500000, rot_RMSE: 1485.594604, rot_MAE: 1273.791992, trans_MSE: 32618.443359, trans_RMSE: 180.605774, trans_MAE: 74.327866
==BEST TEST==
A--------->B
EPOCH:: 10, Loss: 91445.677877, Cycle Loss: 10676.118731, MSE: 1334411.070958, RMSE: 1155.167118, MAE: 564.164298, rot_MSE: 2207777.000000, rot_RMSE: 1485.859009, rot_MAE: 1274.038086, trans_MSE: 80769.398438, trans_RMSE: 284.199585, trans_MAE: 115.921738
B--------->A
EPOCH:: 10, Loss: 91445.677877, MSE: 1297924.435628, RMSE: 1139.264866, MAE: 563.424244, rot_MSE: 2206991.500000, rot_RMSE: 1485.594604, rot_MAE: 1273.791992, trans_MSE: 32618.443359, trans_RMSE: 180.605774, trans_MAE: 74.327866
==TRAIN==
A--------->B
EPOCH:: 11, Loss: 21814.859168, Cycle Loss:, 2744.227910, MSE: 1160867.179362, RMSE: 1077.435464, MAE: 559.692680, rot_MSE: 2266022.500000, rot_RMSE: 1505.331299, rot_MAE: 1305.290771, trans_MSE: 19070.458984, trans_RMSE: 138.095825, trans_MAE: 73.769417
B--------->A
EPOCH:: 11, Loss: 21814.859168, MSE: 1152855.735417, RMSE: 1073.711197, MAE: 551.083967, rot_MSE: 2265803.750000, rot_RMSE: 1505.258667, rot_MAE: 1304.876221, trans_MSE: 9738.217773, trans_RMSE: 98.682411, trans_MAE: 55.597733
==TEST==
A--------->B
EPOCH:: 11, Loss: 148730.555570, Cycle Loss: 15113.445814, MSE: 1373832.615509, RMSE: 1172.106060, MAE: 560.964493, rot_MSE: 2208550.250000, rot_RMSE: 1486.119141, rot_MAE: 1273.882446, trans_MSE: 133616.921875, trans_RMSE: 365.536499, trans_MAE: 136.917694
B--------->A
EPOCH:: 11, Loss: 148730.555570, MSE: 1304261.748515, RMSE: 1142.042796, MAE: 566.559697, rot_MSE: 2207099.750000, rot_RMSE: 1485.631104, rot_MAE: 1273.624634, trans_MSE: 40898.445312, trans_RMSE: 202.233643, trans_MAE: 77.175468
==BEST TEST==
A--------->B
EPOCH:: 11, Loss: 91445.677877, Cycle Loss: 10676.118731, MSE: 1334411.070958, RMSE: 1155.167118, MAE: 564.164298, rot_MSE: 2207777.000000, rot_RMSE: 1485.859009, rot_MAE: 1274.038086, trans_MSE: 80769.398438, trans_RMSE: 284.199585, trans_MAE: 115.921738
B--------->A
EPOCH:: 11, Loss: 91445.677877, MSE: 1297924.435628, RMSE: 1139.264866, MAE: 563.424244, rot_MSE: 2206991.500000, rot_RMSE: 1485.594604, rot_MAE: 1273.791992, trans_MSE: 32618.443359, trans_RMSE: 180.605774, trans_MAE: 74.327866
==TRAIN==
A--------->B
EPOCH:: 12, Loss: 20994.131526, Cycle Loss:, 2936.196275, MSE: 1137063.010156, RMSE: 1066.331567, MAE: 555.988617, rot_MSE: 2265781.500000, rot_RMSE: 1505.251343, rot_MAE: 1305.521973, trans_MSE: 18057.763672, trans_RMSE: 134.379181, trans_MAE: 72.135788
B--------->A
EPOCH:: 12, Loss: 20994.131526, MSE: 1130143.562695, RMSE: 1063.082105, MAE: 549.589399, rot_MSE: 2266269.250000, rot_RMSE: 1505.413330, rot_MAE: 1305.269775, trans_MSE: 10018.721680, trans_RMSE: 100.093567, trans_MAE: 53.068554
==TEST==
A--------->B
EPOCH:: 12, Loss: 118873.300038, Cycle Loss: 15961.041186, MSE: 1352179.801911, RMSE: 1162.832663, MAE: 562.493498, rot_MSE: 2209628.500000, rot_RMSE: 1486.481934, rot_MAE: 1274.563232, trans_MSE: 102912.085938, trans_RMSE: 320.799133, trans_MAE: 127.339233
B--------->A
EPOCH:: 12, Loss: 118873.300038, MSE: 1324513.975077, RMSE: 1150.875308, MAE: 565.850213, rot_MSE: 2206384.500000, rot_RMSE: 1485.390381, rot_MAE: 1273.666138, trans_MSE: 65202.792969, trans_RMSE: 255.348373, trans_MAE: 84.997498
==BEST TEST==
A--------->B
EPOCH:: 12, Loss: 91445.677877, Cycle Loss: 10676.118731, MSE: 1334411.070958, RMSE: 1155.167118, MAE: 564.164298, rot_MSE: 2207777.000000, rot_RMSE: 1485.859009, rot_MAE: 1274.038086, trans_MSE: 80769.398438, trans_RMSE: 284.199585, trans_MAE: 115.921738
B--------->A
EPOCH:: 12, Loss: 91445.677877, MSE: 1297924.435628, RMSE: 1139.264866, MAE: 563.424244, rot_MSE: 2206991.500000, rot_RMSE: 1485.594604, rot_MAE: 1273.791992, trans_MSE: 32618.443359, trans_RMSE: 180.605774, trans_MAE: 74.327866
==TRAIN==
A--------->B
EPOCH:: 13, Loss: 24578.618218, Cycle Loss:, 2815.259049, MSE: 1161914.896094, RMSE: 1077.921563, MAE: 559.489060, rot_MSE: 2272480.250000, rot_RMSE: 1507.474854, rot_MAE: 1307.223633, trans_MSE: 21763.185547, trans_RMSE: 147.523514, trans_MAE: 77.709053
B--------->A
EPOCH:: 13, Loss: 24578.618218, MSE: 1151522.703971, RMSE: 1073.090259, MAE: 553.194093, rot_MSE: 2273228.500000, rot_RMSE: 1507.722900, rot_MAE: 1307.138672, trans_MSE: 7677.483398, trans_RMSE: 87.621246, trans_MAE: 51.971138
==TEST==
A--------->B
EPOCH:: 13, Loss: 288457.716458, Cycle Loss: 33390.534235, MSE: 1463383.007167, RMSE: 1209.703686, MAE: 571.878483, rot_MSE: 2211003.250000, rot_RMSE: 1486.944214, rot_MAE: 1275.342651, trans_MSE: 255067.000000, trans_RMSE: 505.041595, trans_MAE: 169.853775
B--------->A
EPOCH:: 13, Loss: 288457.716458, MSE: 1400880.185563, RMSE: 1183.587844, MAE: 573.017455, rot_MSE: 2206012.000000, rot_RMSE: 1485.265015, rot_MAE: 1273.165283, trans_MSE: 170233.968750, trans_RMSE: 412.594208, trans_MAE: 112.155769
==BEST TEST==
A--------->B
EPOCH:: 13, Loss: 91445.677877, Cycle Loss: 10676.118731, MSE: 1334411.070958, RMSE: 1155.167118, MAE: 564.164298, rot_MSE: 2207777.000000, rot_RMSE: 1485.859009, rot_MAE: 1274.038086, trans_MSE: 80769.398438, trans_RMSE: 284.199585, trans_MAE: 115.921738
B--------->A
EPOCH:: 13, Loss: 91445.677877, MSE: 1297924.435628, RMSE: 1139.264866, MAE: 563.424244, rot_MSE: 2206991.500000, rot_RMSE: 1485.594604, rot_MAE: 1273.791992, trans_MSE: 32618.443359, trans_RMSE: 180.605774, trans_MAE: 74.327866
==TRAIN==
A--------->B
EPOCH:: 14, Loss: 16652.517534, Cycle Loss:, 2074.019645, MSE: 1156110.968424, RMSE: 1075.226008, MAE: 557.711573, rot_MSE: 2265866.250000, rot_RMSE: 1505.279419, rot_MAE: 1305.656006, trans_MSE: 14578.328125, trans_RMSE: 120.740746, trans_MAE: 66.256012
B--------->A
EPOCH:: 14, Loss: 16652.517534, MSE: 1149976.259701, RMSE: 1072.369460, MAE: 552.385707, rot_MSE: 2265482.750000, rot_RMSE: 1505.152100, rot_MAE: 1305.048462, trans_MSE: 6469.640137, trans_RMSE: 80.434074, trans_MAE: 48.725380
==TEST==
A--------->B
EPOCH:: 14, Loss: 92131.000291, Cycle Loss: 10272.188328, MSE: 1337183.736247, RMSE: 1156.366610, MAE: 559.885076, rot_MSE: 2207082.750000, rot_RMSE: 1485.625366, rot_MAE: 1273.962769, trans_MSE: 81858.656250, trans_RMSE: 286.109528, trans_MAE: 114.243347
B--------->A
EPOCH:: 14, Loss: 92131.000291, MSE: 1295554.975723, RMSE: 1138.224484, MAE: 562.239722, rot_MSE: 2205190.250000, rot_RMSE: 1484.988281, rot_MAE: 1273.350342, trans_MSE: 27013.503906, trans_RMSE: 164.357849, trans_MAE: 68.819313
==BEST TEST==
A--------->B
EPOCH:: 14, Loss: 91445.677877, Cycle Loss: 10676.118731, MSE: 1334411.070958, RMSE: 1155.167118, MAE: 564.164298, rot_MSE: 2207777.000000, rot_RMSE: 1485.859009, rot_MAE: 1274.038086, trans_MSE: 80769.398438, trans_RMSE: 284.199585, trans_MAE: 115.921738
B--------->A
EPOCH:: 14, Loss: 91445.677877, MSE: 1297924.435628, RMSE: 1139.264866, MAE: 563.424244, rot_MSE: 2206991.500000, rot_RMSE: 1485.594604, rot_MAE: 1273.791992, trans_MSE: 32618.443359, trans_RMSE: 180.605774, trans_MAE: 74.327866
==TRAIN==
A--------->B
EPOCH:: 15, Loss: 21747.268810, Cycle Loss:, 2822.979867, MSE: 1160356.956771, RMSE: 1077.198662, MAE: 559.258569, rot_MSE: 2266811.500000, rot_RMSE: 1505.593384, rot_MAE: 1305.623901, trans_MSE: 18924.123047, trans_RMSE: 137.564972, trans_MAE: 71.836220
B--------->A
EPOCH:: 15, Loss: 21747.268810, MSE: 1151515.527214, RMSE: 1073.086915, MAE: 551.340844, rot_MSE: 2267743.750000, rot_RMSE: 1505.902954, rot_MAE: 1305.758667, trans_MSE: 7376.449219, trans_RMSE: 85.886261, trans_MAE: 49.553364
==TEST==
A--------->B
EPOCH:: 15, Loss: 262368.524065, Cycle Loss: 29155.041513, MSE: 1450614.464553, RMSE: 1204.414573, MAE: 566.524985, rot_MSE: 2205106.000000, rot_RMSE: 1484.959961, rot_MAE: 1272.835449, trans_MSE: 233213.312500, trans_RMSE: 482.921631, trans_MAE: 169.195221
B--------->A
EPOCH:: 15, Loss: 262368.524065, MSE: 1354771.364928, RMSE: 1163.946461, MAE: 569.877417, rot_MSE: 2205357.750000, rot_RMSE: 1485.044678, rot_MAE: 1273.067505, trans_MSE: 111318.125000, trans_RMSE: 333.643707, trans_MAE: 95.122139
==BEST TEST==
A--------->B
EPOCH:: 15, Loss: 91445.677877, Cycle Loss: 10676.118731, MSE: 1334411.070958, RMSE: 1155.167118, MAE: 564.164298, rot_MSE: 2207777.000000, rot_RMSE: 1485.859009, rot_MAE: 1274.038086, trans_MSE: 80769.398438, trans_RMSE: 284.199585, trans_MAE: 115.921738
B--------->A
EPOCH:: 15, Loss: 91445.677877, MSE: 1297924.435628, RMSE: 1139.264866, MAE: 563.424244, rot_MSE: 2206991.500000, rot_RMSE: 1485.594604, rot_MAE: 1273.791992, trans_MSE: 32618.443359, trans_RMSE: 180.605774, trans_MAE: 74.327866
==TRAIN==
A--------->B
EPOCH:: 16, Loss: 20867.472942, Cycle Loss:, 2931.620800, MSE: 1148928.607813, RMSE: 1071.880874, MAE: 556.415784, rot_MSE: 2271619.000000, rot_RMSE: 1507.189087, rot_MAE: 1308.048218, trans_MSE: 17935.681641, trans_RMSE: 133.924164, trans_MAE: 68.909225
B--------->A
EPOCH:: 16, Loss: 20867.472942, MSE: 1141377.101432, RMSE: 1068.352517, MAE: 549.144585, rot_MSE: 2272132.000000, rot_RMSE: 1507.359253, rot_MAE: 1307.876953, trans_MSE: 9237.936523, trans_RMSE: 96.114182, trans_MAE: 49.574772
==TEST==
A--------->B
EPOCH:: 16, Loss: 166344.676370, Cycle Loss: 14336.979648, MSE: 1385961.975529, RMSE: 1177.268863, MAE: 561.872639, rot_MSE: 2206159.250000, rot_RMSE: 1485.314575, rot_MAE: 1272.932739, trans_MSE: 152007.531250, trans_RMSE: 389.881439, trans_MAE: 140.488953
B--------->A
EPOCH:: 16, Loss: 166344.676370, MSE: 1348912.843815, RMSE: 1161.427072, MAE: 567.838125, rot_MSE: 2204460.250000, rot_RMSE: 1484.742432, rot_MAE: 1273.018555, trans_MSE: 101290.250000, trans_RMSE: 318.261292, trans_MAE: 92.728783
==BEST TEST==
A--------->B
EPOCH:: 16, Loss: 91445.677877, Cycle Loss: 10676.118731, MSE: 1334411.070958, RMSE: 1155.167118, MAE: 564.164298, rot_MSE: 2207777.000000, rot_RMSE: 1485.859009, rot_MAE: 1274.038086, trans_MSE: 80769.398438, trans_RMSE: 284.199585, trans_MAE: 115.921738
B--------->A
EPOCH:: 16, Loss: 91445.677877, MSE: 1297924.435628, RMSE: 1139.264866, MAE: 563.424244, rot_MSE: 2206991.500000, rot_RMSE: 1485.594604, rot_MAE: 1273.791992, trans_MSE: 32618.443359, trans_RMSE: 180.605774, trans_MAE: 74.327866
==TRAIN==
A--------->B
EPOCH:: 17, Loss: 19362.590446, Cycle Loss:, 2318.505818, MSE: 1148580.753776, RMSE: 1071.718598, MAE: 556.029953, rot_MSE: 2267902.500000, rot_RMSE: 1505.955688, rot_MAE: 1306.514893, trans_MSE: 17043.912109, trans_RMSE: 130.552338, trans_MAE: 69.111076
B--------->A
EPOCH:: 17, Loss: 19362.590446, MSE: 1140149.968229, RMSE: 1067.778052, MAE: 549.676242, rot_MSE: 2267202.500000, rot_RMSE: 1505.723267, rot_MAE: 1306.128540, trans_MSE: 5949.098145, trans_RMSE: 77.130394, trans_MAE: 46.727551
==TEST==
A--------->B
EPOCH:: 17, Loss: 304803.972289, Cycle Loss: 55398.777985, MSE: 1456616.896371, RMSE: 1206.903847, MAE: 571.788640, rot_MSE: 2208998.000000, rot_RMSE: 1486.269775, rot_MAE: 1274.480103, trans_MSE: 249405.031250, trans_RMSE: 499.404663, trans_MAE: 151.780670
B--------->A
EPOCH:: 17, Loss: 304803.972289, MSE: 1469132.630746, RMSE: 1212.077815, MAE: 583.465094, rot_MSE: 2204900.750000, rot_RMSE: 1484.890869, rot_MAE: 1273.713135, trans_MSE: 262164.468750, trans_RMSE: 512.019958, trans_MAE: 125.743439
==BEST TEST==
A--------->B
EPOCH:: 17, Loss: 91445.677877, Cycle Loss: 10676.118731, MSE: 1334411.070958, RMSE: 1155.167118, MAE: 564.164298, rot_MSE: 2207777.000000, rot_RMSE: 1485.859009, rot_MAE: 1274.038086, trans_MSE: 80769.398438, trans_RMSE: 284.199585, trans_MAE: 115.921738
B--------->A
EPOCH:: 17, Loss: 91445.677877, MSE: 1297924.435628, RMSE: 1139.264866, MAE: 563.424244, rot_MSE: 2206991.500000, rot_RMSE: 1485.594604, rot_MAE: 1273.791992, trans_MSE: 32618.443359, trans_RMSE: 180.605774, trans_MAE: 74.327866
==TRAIN==
A--------->B
EPOCH:: 18, Loss: 13682.994435, Cycle Loss:, 1922.596102, MSE: 1152969.243229, RMSE: 1073.764054, MAE: 558.362407, rot_MSE: 2271657.000000, rot_RMSE: 1507.201660, rot_MAE: 1307.678345, trans_MSE: 11760.230469, trans_RMSE: 108.444595, trans_MAE: 63.236305
B--------->A
EPOCH:: 18, Loss: 13682.994435, MSE: 1148347.599023, RMSE: 1071.609817, MAE: 551.898651, rot_MSE: 2270790.000000, rot_RMSE: 1506.914062, rot_MAE: 1307.098633, trans_MSE: 6911.207031, trans_RMSE: 83.133667, trans_MAE: 47.284668
==TEST==
A--------->B
EPOCH:: 18, Loss: 191811.517256, Cycle Loss: 17943.007413, MSE: 1404202.181043, RMSE: 1184.990372, MAE: 564.234432, rot_MSE: 2208093.250000, rot_RMSE: 1485.965454, rot_MAE: 1273.701538, trans_MSE: 173868.343750, trans_RMSE: 416.975220, trans_MAE: 145.818100
B--------->A
EPOCH:: 18, Loss: 191811.517256, MSE: 1343552.934465, RMSE: 1159.117308, MAE: 565.361717, rot_MSE: 2203742.500000, rot_RMSE: 1484.500732, rot_MAE: 1272.900513, trans_MSE: 94059.445312, trans_RMSE: 306.691132, trans_MAE: 87.276344
==BEST TEST==
A--------->B
EPOCH:: 18, Loss: 91445.677877, Cycle Loss: 10676.118731, MSE: 1334411.070958, RMSE: 1155.167118, MAE: 564.164298, rot_MSE: 2207777.000000, rot_RMSE: 1485.859009, rot_MAE: 1274.038086, trans_MSE: 80769.398438, trans_RMSE: 284.199585, trans_MAE: 115.921738
B--------->A
EPOCH:: 18, Loss: 91445.677877, MSE: 1297924.435628, RMSE: 1139.264866, MAE: 563.424244, rot_MSE: 2206991.500000, rot_RMSE: 1485.594604, rot_MAE: 1273.791992, trans_MSE: 32618.443359, trans_RMSE: 180.605774, trans_MAE: 74.327866
==TRAIN==
A--------->B
EPOCH:: 19, Loss: 13373.785654, Cycle Loss:, 1721.036511, MSE: 1155684.546940, RMSE: 1075.027696, MAE: 559.290835, rot_MSE: 2272466.750000, rot_RMSE: 1507.470337, rot_MAE: 1307.329956, trans_MSE: 11652.578125, trans_RMSE: 107.947105, trans_MAE: 57.922558
B--------->A
EPOCH:: 19, Loss: 13373.785654, MSE: 1151431.340495, RMSE: 1073.047688, MAE: 553.075342, rot_MSE: 2271472.000000, rot_RMSE: 1507.140381, rot_MAE: 1306.836060, trans_MSE: 6749.534180, trans_RMSE: 82.155548, trans_MAE: 45.727039
==TEST==
A--------->B
EPOCH:: 19, Loss: 107570.030450, Cycle Loss: 12162.474946, MSE: 1344172.315857, RMSE: 1159.384456, MAE: 565.629114, rot_MSE: 2208196.250000, rot_RMSE: 1486.000122, rot_MAE: 1274.737793, trans_MSE: 95407.382812, trans_RMSE: 308.880859, trans_MAE: 113.515831
B--------->A
EPOCH:: 19, Loss: 107570.030450, MSE: 1329580.660640, RMSE: 1153.074438, MAE: 564.915504, rot_MSE: 2205083.500000, rot_RMSE: 1484.952393, rot_MAE: 1273.496216, trans_MSE: 73460.406250, trans_RMSE: 271.035797, trans_MAE: 82.722466
==BEST TEST==
A--------->B
EPOCH:: 19, Loss: 91445.677877, Cycle Loss: 10676.118731, MSE: 1334411.070958, RMSE: 1155.167118, MAE: 564.164298, rot_MSE: 2207777.000000, rot_RMSE: 1485.859009, rot_MAE: 1274.038086, trans_MSE: 80769.398438, trans_RMSE: 284.199585, trans_MAE: 115.921738
B--------->A
EPOCH:: 19, Loss: 91445.677877, MSE: 1297924.435628, RMSE: 1139.264866, MAE: 563.424244, rot_MSE: 2206991.500000, rot_RMSE: 1485.594604, rot_MAE: 1273.791992, trans_MSE: 32618.443359, trans_RMSE: 180.605774, trans_MAE: 74.327866
==TRAIN==
A--------->B
EPOCH:: 20, Loss: 14893.196519, Cycle Loss:, 2101.137777, MSE: 1133685.704687, RMSE: 1064.746780, MAE: 553.813120, rot_MSE: 2268892.000000, rot_RMSE: 1506.284180, rot_MAE: 1306.660889, trans_MSE: 12791.890625, trans_RMSE: 113.101242, trans_MAE: 62.639172
B--------->A
EPOCH:: 20, Loss: 14893.196519, MSE: 1128682.669271, RMSE: 1062.394780, MAE: 547.566608, rot_MSE: 2269165.250000, rot_RMSE: 1506.374878, rot_MAE: 1306.350342, trans_MSE: 6879.697266, trans_RMSE: 82.943939, trans_MAE: 47.912251
==TEST==
A--------->B
EPOCH:: 20, Loss: 243311.043743, Cycle Loss: 24105.031403, MSE: 1436678.197379, RMSE: 1198.615116, MAE: 572.037044, rot_MSE: 2212069.500000, rot_RMSE: 1487.302734, rot_MAE: 1276.620483, trans_MSE: 219205.812500, trans_RMSE: 468.194214, trans_MAE: 156.750458
B--------->A
EPOCH:: 20, Loss: 243311.043743, MSE: 1366274.537707, RMSE: 1168.877469, MAE: 571.824101, rot_MSE: 2206841.000000, rot_RMSE: 1485.544067, rot_MAE: 1273.629272, trans_MSE: 126531.937500, trans_RMSE: 355.713287, trans_MAE: 97.027824
==BEST TEST==
A--------->B
EPOCH:: 20, Loss: 91445.677877, Cycle Loss: 10676.118731, MSE: 1334411.070958, RMSE: 1155.167118, MAE: 564.164298, rot_MSE: 2207777.000000, rot_RMSE: 1485.859009, rot_MAE: 1274.038086, trans_MSE: 80769.398438, trans_RMSE: 284.199585, trans_MAE: 115.921738
B--------->A
EPOCH:: 20, Loss: 91445.677877, MSE: 1297924.435628, RMSE: 1139.264866, MAE: 563.424244, rot_MSE: 2206991.500000, rot_RMSE: 1485.594604, rot_MAE: 1273.791992, trans_MSE: 32618.443359, trans_RMSE: 180.605774, trans_MAE: 74.327866
==TRAIN==
A--------->B
EPOCH:: 21, Loss: 26937.560235, Cycle Loss:, 3300.463342, MSE: 1163886.304036, RMSE: 1078.835624, MAE: 559.894465, rot_MSE: 2266616.250000, rot_RMSE: 1505.528564, rot_MAE: 1306.492188, trans_MSE: 23636.921875, trans_RMSE: 153.743042, trans_MAE: 78.665199
B--------->A
EPOCH:: 21, Loss: 26937.560235, MSE: 1152368.687500, RMSE: 1073.484368, MAE: 553.324461, rot_MSE: 2267361.500000, rot_RMSE: 1505.776001, rot_MAE: 1306.519775, trans_MSE: 8329.628906, trans_RMSE: 91.266800, trans_MAE: 50.238644
==TEST==
A--------->B
EPOCH:: 21, Loss: 175410.602664, Cycle Loss: 15255.733644, MSE: 1393299.173295, RMSE: 1180.380944, MAE: 565.731670, rot_MSE: 2211907.750000, rot_RMSE: 1487.248413, rot_MAE: 1275.079834, trans_MSE: 160154.671875, trans_RMSE: 400.193298, trans_MAE: 156.800369
B--------->A
EPOCH:: 21, Loss: 175410.602664, MSE: 1331933.539127, RMSE: 1154.094251, MAE: 566.316334, rot_MSE: 2207483.000000, rot_RMSE: 1485.760132, rot_MAE: 1274.242065, trans_MSE: 79172.921875, trans_RMSE: 281.376831, trans_MAE: 97.898666
==BEST TEST==
A--------->B
EPOCH:: 21, Loss: 91445.677877, Cycle Loss: 10676.118731, MSE: 1334411.070958, RMSE: 1155.167118, MAE: 564.164298, rot_MSE: 2207777.000000, rot_RMSE: 1485.859009, rot_MAE: 1274.038086, trans_MSE: 80769.398438, trans_RMSE: 284.199585, trans_MAE: 115.921738
B--------->A
EPOCH:: 21, Loss: 91445.677877, MSE: 1297924.435628, RMSE: 1139.264866, MAE: 563.424244, rot_MSE: 2206991.500000, rot_RMSE: 1485.594604, rot_MAE: 1273.791992, trans_MSE: 32618.443359, trans_RMSE: 180.605774, trans_MAE: 74.327866
==TRAIN==
A--------->B
EPOCH:: 22, Loss: 16192.736936, Cycle Loss:, 2169.214803, MSE: 1145614.025065, RMSE: 1070.333605, MAE: 556.437049, rot_MSE: 2264815.750000, rot_RMSE: 1504.930420, rot_MAE: 1305.147339, trans_MSE: 14023.339844, trans_RMSE: 118.420181, trans_MAE: 65.376541
B--------->A
EPOCH:: 22, Loss: 16192.736936, MSE: 1140165.404427, RMSE: 1067.785280, MAE: 549.870559, rot_MSE: 2265084.750000, rot_RMSE: 1505.019897, rot_MAE: 1304.757935, trans_MSE: 6379.169922, trans_RMSE: 79.869705, trans_MAE: 47.290398
==TEST==
A--------->B
EPOCH:: 22, Loss: 84114.004968, Cycle Loss: 9492.600375, MSE: 1330133.305462, RMSE: 1153.314053, MAE: 563.723303, rot_MSE: 2211568.750000, rot_RMSE: 1487.134399, rot_MAE: 1275.675415, trans_MSE: 74621.218750, trans_RMSE: 273.168854, trans_MAE: 107.034744
B--------->A
EPOCH:: 22, Loss: 84114.004968, MSE: 1301091.620222, RMSE: 1140.654032, MAE: 565.025572, rot_MSE: 2207009.250000, rot_RMSE: 1485.600586, rot_MAE: 1273.891235, trans_MSE: 33905.722656, trans_RMSE: 184.135071, trans_MAE: 71.180901
==BEST TEST==
A--------->B
EPOCH:: 22, Loss: 84114.004968, Cycle Loss: 9492.600375, MSE: 1330133.305462, RMSE: 1153.314053, MAE: 563.723303, rot_MSE: 2211568.750000, rot_RMSE: 1487.134399, rot_MAE: 1275.675415, trans_MSE: 74621.218750, trans_RMSE: 273.168854, trans_MAE: 107.034744
B--------->A
EPOCH:: 22, Loss: 84114.004968, MSE: 1301091.620222, RMSE: 1140.654032, MAE: 565.025572, rot_MSE: 2207009.250000, rot_RMSE: 1485.600586, rot_MAE: 1273.891235, trans_MSE: 33905.722656, trans_RMSE: 184.135071, trans_MAE: 71.180901
==TRAIN==
A--------->B
EPOCH:: 23, Loss: 11941.631377, Cycle Loss:, 1669.266217, MSE: 1127241.591732, RMSE: 1061.716342, MAE: 551.624103, rot_MSE: 2273047.000000, rot_RMSE: 1507.662720, rot_MAE: 1308.895508, trans_MSE: 10272.188477, trans_RMSE: 101.351807, trans_MAE: 58.071266
B--------->A
EPOCH:: 23, Loss: 11941.631377, MSE: 1123377.927604, RMSE: 1059.895244, MAE: 545.270644, rot_MSE: 2273756.500000, rot_RMSE: 1507.898071, rot_MAE: 1308.702271, trans_MSE: 4938.003906, trans_RMSE: 70.270935, trans_MAE: 44.322624
==TEST==
A--------->B
EPOCH:: 23, Loss: 96043.954005, Cycle Loss: 11092.933141, MSE: 1338110.921165, RMSE: 1156.767445, MAE: 564.840193, rot_MSE: 2207963.000000, rot_RMSE: 1485.921631, rot_MAE: 1274.412842, trans_MSE: 84950.851562, trans_RMSE: 291.463287, trans_MAE: 118.376564
B--------->A
EPOCH:: 23, Loss: 96043.954005, MSE: 1313239.945442, RMSE: 1145.966817, MAE: 563.670619, rot_MSE: 2205812.250000, rot_RMSE: 1485.197754, rot_MAE: 1273.538818, trans_MSE: 49765.996094, trans_RMSE: 223.082932, trans_MAE: 74.991661
==BEST TEST==
A--------->B
EPOCH:: 23, Loss: 84114.004968, Cycle Loss: 9492.600375, MSE: 1330133.305462, RMSE: 1153.314053, MAE: 563.723303, rot_MSE: 2211568.750000, rot_RMSE: 1487.134399, rot_MAE: 1275.675415, trans_MSE: 74621.218750, trans_RMSE: 273.168854, trans_MAE: 107.034744
B--------->A
EPOCH:: 23, Loss: 84114.004968, MSE: 1301091.620222, RMSE: 1140.654032, MAE: 565.025572, rot_MSE: 2207009.250000, rot_RMSE: 1485.600586, rot_MAE: 1273.891235, trans_MSE: 33905.722656, trans_RMSE: 184.135071, trans_MAE: 71.180901
==TRAIN==
A--------->B
EPOCH:: 24, Loss: 19466.206768, Cycle Loss:, 2470.611952, MSE: 1148111.304167, RMSE: 1071.499559, MAE: 557.183805, rot_MSE: 2276665.500000, rot_RMSE: 1508.862305, rot_MAE: 1309.592651, trans_MSE: 16995.419922, trans_RMSE: 130.366486, trans_MAE: 65.876297
B--------->A
EPOCH:: 24, Loss: 19466.206768, MSE: 1140623.853906, RMSE: 1067.999932, MAE: 548.839526, rot_MSE: 2276452.000000, rot_RMSE: 1508.791626, rot_MAE: 1309.051270, trans_MSE: 7710.147949, trans_RMSE: 87.807449, trans_MAE: 47.710037
==TEST==
A--------->B
EPOCH:: 24, Loss: 125516.458414, Cycle Loss: 10936.622066, MSE: 1358676.575349, RMSE: 1165.622827, MAE: 563.610516, rot_MSE: 2209140.000000, rot_RMSE: 1486.317627, rot_MAE: 1274.289307, trans_MSE: 114579.671875, trans_RMSE: 338.496185, trans_MAE: 127.351219
B--------->A
EPOCH:: 24, Loss: 125516.458414, MSE: 1332763.181947, RMSE: 1154.453629, MAE: 566.761829, rot_MSE: 2204646.750000, rot_RMSE: 1484.805298, rot_MAE: 1272.739624, trans_MSE: 78778.031250, trans_RMSE: 280.674255, trans_MAE: 86.397125
==BEST TEST==
A--------->B
EPOCH:: 24, Loss: 84114.004968, Cycle Loss: 9492.600375, MSE: 1330133.305462, RMSE: 1153.314053, MAE: 563.723303, rot_MSE: 2211568.750000, rot_RMSE: 1487.134399, rot_MAE: 1275.675415, trans_MSE: 74621.218750, trans_RMSE: 273.168854, trans_MAE: 107.034744
B--------->A
EPOCH:: 24, Loss: 84114.004968, MSE: 1301091.620222, RMSE: 1140.654032, MAE: 565.025572, rot_MSE: 2207009.250000, rot_RMSE: 1485.600586, rot_MAE: 1273.891235, trans_MSE: 33905.722656, trans_RMSE: 184.135071, trans_MAE: 71.180901
==TRAIN==
A--------->B
EPOCH:: 25, Loss: 17939.077088, Cycle Loss:, 2255.968947, MSE: 1157260.961458, RMSE: 1075.760643, MAE: 558.989514, rot_MSE: 2264343.000000, rot_RMSE: 1504.773438, rot_MAE: 1304.828491, trans_MSE: 15682.936523, trans_RMSE: 125.231529, trans_MAE: 66.888298
B--------->A
EPOCH:: 25, Loss: 17939.077088, MSE: 1149730.406510, RMSE: 1072.254823, MAE: 550.525304, rot_MSE: 2264532.000000, rot_RMSE: 1504.836182, rot_MAE: 1304.578613, trans_MSE: 5669.004883, trans_RMSE: 75.292793, trans_MAE: 45.339211
==TEST==
A--------->B
EPOCH:: 25, Loss: 71086.078064, Cycle Loss: 10455.456798, MSE: 1320304.202673, RMSE: 1149.044909, MAE: 561.696848, rot_MSE: 2208800.250000, rot_RMSE: 1486.203247, rot_MAE: 1274.604370, trans_MSE: 60630.457031, trans_RMSE: 246.232529, trans_MAE: 112.846375
B--------->A
EPOCH:: 25, Loss: 71086.078064, MSE: 1319605.486377, RMSE: 1148.740826, MAE: 564.166487, rot_MSE: 2206794.000000, rot_RMSE: 1485.528198, rot_MAE: 1273.832275, trans_MSE: 57403.339844, trans_RMSE: 239.589935, trans_MAE: 88.056526
==BEST TEST==
A--------->B
EPOCH:: 25, Loss: 71086.078064, Cycle Loss: 10455.456798, MSE: 1320304.202673, RMSE: 1149.044909, MAE: 561.696848, rot_MSE: 2208800.250000, rot_RMSE: 1486.203247, rot_MAE: 1274.604370, trans_MSE: 60630.457031, trans_RMSE: 246.232529, trans_MAE: 112.846375
B--------->A
EPOCH:: 25, Loss: 71086.078064, MSE: 1319605.486377, RMSE: 1148.740826, MAE: 564.166487, rot_MSE: 2206794.000000, rot_RMSE: 1485.528198, rot_MAE: 1273.832275, trans_MSE: 57403.339844, trans_RMSE: 239.589935, trans_MAE: 88.056526
==TRAIN==
A--------->B
EPOCH:: 26, Loss: 10664.833430, Cycle Loss:, 1522.476056, MSE: 1153739.696354, RMSE: 1074.122757, MAE: 558.637640, rot_MSE: 2272918.500000, rot_RMSE: 1507.620117, rot_MAE: 1308.227905, trans_MSE: 9142.181641, trans_RMSE: 95.614754, trans_MAE: 55.621876
B--------->A
EPOCH:: 26, Loss: 10664.833430, MSE: 1150739.514063, RMSE: 1072.725274, MAE: 550.190379, rot_MSE: 2271849.000000, rot_RMSE: 1507.265381, rot_MAE: 1307.469238, trans_MSE: 5384.706543, trans_RMSE: 73.380562, trans_MAE: 43.499645
==TEST==
A--------->B
EPOCH:: 26, Loss: 199392.457666, Cycle Loss: 29288.225305, MSE: 1400462.512849, RMSE: 1183.411388, MAE: 565.493378, rot_MSE: 2208211.750000, rot_RMSE: 1486.005249, rot_MAE: 1273.522095, trans_MSE: 170104.046875, trans_RMSE: 412.436707, trans_MAE: 144.768097
B--------->A
EPOCH:: 26, Loss: 199392.457666, MSE: 1352848.158381, RMSE: 1163.120010, MAE: 569.843742, rot_MSE: 2205971.500000, rot_RMSE: 1485.251343, rot_MAE: 1273.436157, trans_MSE: 103031.296875, trans_RMSE: 320.984894, trans_MAE: 88.799202
==BEST TEST==
A--------->B
EPOCH:: 26, Loss: 71086.078064, Cycle Loss: 10455.456798, MSE: 1320304.202673, RMSE: 1149.044909, MAE: 561.696848, rot_MSE: 2208800.250000, rot_RMSE: 1486.203247, rot_MAE: 1274.604370, trans_MSE: 60630.457031, trans_RMSE: 246.232529, trans_MAE: 112.846375
B--------->A
EPOCH:: 26, Loss: 71086.078064, MSE: 1319605.486377, RMSE: 1148.740826, MAE: 564.166487, rot_MSE: 2206794.000000, rot_RMSE: 1485.528198, rot_MAE: 1273.832275, trans_MSE: 57403.339844, trans_RMSE: 239.589935, trans_MAE: 88.056526
==TRAIN==
A--------->B
EPOCH:: 27, Loss: 8919.406555, Cycle Loss:, 1297.865974, MSE: 1126765.576432, RMSE: 1061.492146, MAE: 553.511692, rot_MSE: 2270042.750000, rot_RMSE: 1506.666138, rot_MAE: 1307.473633, trans_MSE: 7621.366699, trans_RMSE: 87.300438, trans_MAE: 52.331879
B--------->A
EPOCH:: 27, Loss: 8919.406555, MSE: 1124237.037370, RMSE: 1060.300447, MAE: 545.533120, rot_MSE: 2268585.750000, rot_RMSE: 1506.182495, rot_MAE: 1306.605957, trans_MSE: 4158.824707, trans_RMSE: 64.488953, trans_MAE: 40.472809
==TEST==
A--------->B
EPOCH:: 27, Loss: 67625.781184, Cycle Loss: 9115.117515, MSE: 1318195.405863, RMSE: 1148.126912, MAE: 566.166521, rot_MSE: 2208983.750000, rot_RMSE: 1486.265015, rot_MAE: 1274.584839, trans_MSE: 58510.496094, trans_RMSE: 241.889435, trans_MAE: 98.140015
B--------->A
EPOCH:: 27, Loss: 67625.781184, MSE: 1318202.351950, RMSE: 1148.129937, MAE: 562.325597, rot_MSE: 2204506.750000, rot_RMSE: 1484.758179, rot_MAE: 1273.065430, trans_MSE: 56401.984375, trans_RMSE: 237.491013, trans_MAE: 73.642609
==BEST TEST==
A--------->B
EPOCH:: 27, Loss: 67625.781184, Cycle Loss: 9115.117515, MSE: 1318195.405863, RMSE: 1148.126912, MAE: 566.166521, rot_MSE: 2208983.750000, rot_RMSE: 1486.265015, rot_MAE: 1274.584839, trans_MSE: 58510.496094, trans_RMSE: 241.889435, trans_MAE: 98.140015
B--------->A
EPOCH:: 27, Loss: 67625.781184, MSE: 1318202.351950, RMSE: 1148.129937, MAE: 562.325597, rot_MSE: 2204506.750000, rot_RMSE: 1484.758179, rot_MAE: 1273.065430, trans_MSE: 56401.984375, trans_RMSE: 237.491013, trans_MAE: 73.642609
==TRAIN==
A--------->B
EPOCH:: 28, Loss: 16630.597733, Cycle Loss:, 1893.918309, MSE: 1158130.398828, RMSE: 1076.164671, MAE: 558.834379, rot_MSE: 2268136.000000, rot_RMSE: 1506.033203, rot_MAE: 1306.412964, trans_MSE: 14736.505859, trans_RMSE: 121.394012, trans_MAE: 63.807518
B--------->A
EPOCH:: 28, Loss: 16630.597733, MSE: 1150839.053646, RMSE: 1072.771669, MAE: 552.621697, rot_MSE: 2266274.500000, rot_RMSE: 1505.415039, rot_MAE: 1305.590820, trans_MSE: 5183.644043, trans_RMSE: 71.997528, trans_MAE: 43.282448
==TEST==
A--------->B
EPOCH:: 28, Loss: 253113.566113, Cycle Loss: 35706.991237, MSE: 1435874.577544, RMSE: 1198.279841, MAE: 571.722593, rot_MSE: 2210403.250000, rot_RMSE: 1486.742554, rot_MAE: 1274.495361, trans_MSE: 217406.390625, trans_RMSE: 466.268585, trans_MAE: 147.526047
B--------->A
EPOCH:: 28, Loss: 253113.566113, MSE: 1379676.516593, RMSE: 1174.596321, MAE: 569.248825, rot_MSE: 2208811.000000, rot_RMSE: 1486.206909, rot_MAE: 1274.048218, trans_MSE: 138593.984375, trans_RMSE: 372.282135, trans_MAE: 105.493004
==BEST TEST==
A--------->B
EPOCH:: 28, Loss: 67625.781184, Cycle Loss: 9115.117515, MSE: 1318195.405863, RMSE: 1148.126912, MAE: 566.166521, rot_MSE: 2208983.750000, rot_RMSE: 1486.265015, rot_MAE: 1274.584839, trans_MSE: 58510.496094, trans_RMSE: 241.889435, trans_MAE: 98.140015
B--------->A
EPOCH:: 28, Loss: 67625.781184, MSE: 1318202.351950, RMSE: 1148.129937, MAE: 562.325597, rot_MSE: 2204506.750000, rot_RMSE: 1484.758179, rot_MAE: 1273.065430, trans_MSE: 56401.984375, trans_RMSE: 237.491013, trans_MAE: 73.642609
==TRAIN==
A--------->B
EPOCH:: 29, Loss: 11051.627649, Cycle Loss:, 1439.295080, MSE: 1116457.413542, RMSE: 1056.625484, MAE: 552.409018, rot_MSE: 2267836.750000, rot_RMSE: 1505.933838, rot_MAE: 1306.089722, trans_MSE: 9612.160156, trans_RMSE: 98.041626, trans_MAE: 55.700378
B--------->A
EPOCH:: 29, Loss: 11051.627649, MSE: 1112241.704297, RMSE: 1054.628704, MAE: 544.232687, rot_MSE: 2267585.750000, rot_RMSE: 1505.850464, rot_MAE: 1305.523926, trans_MSE: 4043.406250, trans_RMSE: 63.587784, trans_MAE: 39.668003
==TEST==
A--------->B
EPOCH:: 29, Loss: 135721.141923, Cycle Loss: 18313.330049, MSE: 1359980.934853, RMSE: 1166.182205, MAE: 564.957276, rot_MSE: 2208762.250000, rot_RMSE: 1486.190552, rot_MAE: 1273.849731, trans_MSE: 117407.632812, trans_RMSE: 342.647980, trans_MAE: 120.222191
B--------->A
EPOCH:: 29, Loss: 135721.141923, MSE: 1347725.685111, RMSE: 1160.915882, MAE: 565.477102, rot_MSE: 2205537.000000, rot_RMSE: 1485.105103, rot_MAE: 1272.502075, trans_MSE: 98088.515625, trans_RMSE: 313.190857, trans_MAE: 87.605080
==BEST TEST==
A--------->B
EPOCH:: 29, Loss: 67625.781184, Cycle Loss: 9115.117515, MSE: 1318195.405863, RMSE: 1148.126912, MAE: 566.166521, rot_MSE: 2208983.750000, rot_RMSE: 1486.265015, rot_MAE: 1274.584839, trans_MSE: 58510.496094, trans_RMSE: 241.889435, trans_MAE: 98.140015
B--------->A
EPOCH:: 29, Loss: 67625.781184, MSE: 1318202.351950, RMSE: 1148.129937, MAE: 562.325597, rot_MSE: 2204506.750000, rot_RMSE: 1484.758179, rot_MAE: 1273.065430, trans_MSE: 56401.984375, trans_RMSE: 237.491013, trans_MAE: 73.642609
==TRAIN==
A--------->B
EPOCH:: 30, Loss: 7116.564336, Cycle Loss:, 934.286800, MSE: 1150568.817578, RMSE: 1072.645709, MAE: 557.452521, rot_MSE: 2261951.250000, rot_RMSE: 1503.978516, rot_MAE: 1303.659058, trans_MSE: 6182.104004, trans_RMSE: 78.626358, trans_MAE: 45.496605
B--------->A
EPOCH:: 30, Loss: 7116.564336, MSE: 1148095.630469, RMSE: 1071.492245, MAE: 549.784907, rot_MSE: 2262364.500000, rot_RMSE: 1504.115845, rot_MAE: 1303.582642, trans_MSE: 2927.950928, trans_RMSE: 54.110542, trans_MAE: 34.325249
==TEST==
A--------->B
EPOCH:: 30, Loss: 46123.894836, Cycle Loss: 8149.836277, MSE: 1302275.055914, RMSE: 1141.172667, MAE: 562.491099, rot_MSE: 2209715.750000, rot_RMSE: 1486.511230, rot_MAE: 1275.103516, trans_MSE: 37973.882812, trans_RMSE: 194.868881, trans_MAE: 85.936096
B--------->A
EPOCH:: 30, Loss: 46123.894836, MSE: 1320063.347495, RMSE: 1148.940097, MAE: 560.022273, rot_MSE: 2206410.000000, rot_RMSE: 1485.398926, rot_MAE: 1273.881226, trans_MSE: 59686.191406, trans_RMSE: 244.307571, trans_MAE: 80.560188
==BEST TEST==
A--------->B
EPOCH:: 30, Loss: 46123.894836, Cycle Loss: 8149.836277, MSE: 1302275.055914, RMSE: 1141.172667, MAE: 562.491099, rot_MSE: 2209715.750000, rot_RMSE: 1486.511230, rot_MAE: 1275.103516, trans_MSE: 37973.882812, trans_RMSE: 194.868881, trans_MAE: 85.936096
B--------->A
EPOCH:: 30, Loss: 46123.894836, MSE: 1320063.347495, RMSE: 1148.940097, MAE: 560.022273, rot_MSE: 2206410.000000, rot_RMSE: 1485.398926, rot_MAE: 1273.881226, trans_MSE: 59686.191406, trans_RMSE: 244.307571, trans_MAE: 80.560188
==TRAIN==
A--------->B
EPOCH:: 31, Loss: 7591.245365, Cycle Loss:, 1005.855949, MSE: 1152132.279883, RMSE: 1073.374250, MAE: 558.386071, rot_MSE: 2269437.750000, rot_RMSE: 1506.465332, rot_MAE: 1306.943970, trans_MSE: 6585.215332, trans_RMSE: 81.149338, trans_MAE: 47.413216
B--------->A
EPOCH:: 31, Loss: 7591.245365, MSE: 1149417.736654, RMSE: 1072.109013, MAE: 550.188179, rot_MSE: 2268496.250000, rot_RMSE: 1506.152832, rot_MAE: 1306.371704, trans_MSE: 3013.078125, trans_RMSE: 54.891514, trans_MAE: 35.911568
==TEST==
A--------->B
EPOCH:: 31, Loss: 49438.211224, Cycle Loss: 7758.975745, MSE: 1303518.460292, RMSE: 1141.717329, MAE: 560.443338, rot_MSE: 2207519.500000, rot_RMSE: 1485.772339, rot_MAE: 1273.566284, trans_MSE: 41679.054688, trans_RMSE: 204.154480, trans_MAE: 79.639320
B--------->A
EPOCH:: 31, Loss: 49438.211224, MSE: 1302868.128422, RMSE: 1141.432490, MAE: 561.038699, rot_MSE: 2203433.000000, rot_RMSE: 1484.396484, rot_MAE: 1271.934692, trans_MSE: 38659.472656, trans_RMSE: 196.620117, trans_MAE: 70.712769
==BEST TEST==
A--------->B
EPOCH:: 31, Loss: 46123.894836, Cycle Loss: 8149.836277, MSE: 1302275.055914, RMSE: 1141.172667, MAE: 562.491099, rot_MSE: 2209715.750000, rot_RMSE: 1486.511230, rot_MAE: 1275.103516, trans_MSE: 37973.882812, trans_RMSE: 194.868881, trans_MAE: 85.936096
B--------->A
EPOCH:: 31, Loss: 46123.894836, MSE: 1320063.347495, RMSE: 1148.940097, MAE: 560.022273, rot_MSE: 2206410.000000, rot_RMSE: 1485.398926, rot_MAE: 1273.881226, trans_MSE: 59686.191406, trans_RMSE: 244.307571, trans_MAE: 80.560188
==TRAIN==
A--------->B
EPOCH:: 32, Loss: 6563.479272, Cycle Loss:, 891.620219, MSE: 1135837.273047, RMSE: 1065.756667, MAE: 554.345638, rot_MSE: 2267796.000000, rot_RMSE: 1505.920288, rot_MAE: 1305.676514, trans_MSE: 5671.684570, trans_RMSE: 75.310585, trans_MAE: 43.953434
B--------->A
EPOCH:: 32, Loss: 6563.479272, MSE: 1134025.705339, RMSE: 1064.906430, MAE: 546.905884, rot_MSE: 2267625.500000, rot_RMSE: 1505.863647, rot_MAE: 1305.462769, trans_MSE: 3065.936523, trans_RMSE: 55.370899, trans_MAE: 35.823551
==TEST==
A--------->B
EPOCH:: 32, Loss: 83574.444354, Cycle Loss: 14903.381633, MSE: 1323075.453512, RMSE: 1150.250170, MAE: 562.384954, rot_MSE: 2207058.000000, rot_RMSE: 1485.617065, rot_MAE: 1273.388184, trans_MSE: 68670.882812, trans_RMSE: 262.051300, trans_MAE: 93.382164
B--------->A
EPOCH:: 32, Loss: 83574.444354, MSE: 1326175.786351, RMSE: 1151.597059, MAE: 562.705479, rot_MSE: 2203894.250000, rot_RMSE: 1484.551880, rot_MAE: 1272.808105, trans_MSE: 68985.328125, trans_RMSE: 262.650574, trans_MAE: 79.232582
==BEST TEST==
A--------->B
EPOCH:: 32, Loss: 46123.894836, Cycle Loss: 8149.836277, MSE: 1302275.055914, RMSE: 1141.172667, MAE: 562.491099, rot_MSE: 2209715.750000, rot_RMSE: 1486.511230, rot_MAE: 1275.103516, trans_MSE: 37973.882812, trans_RMSE: 194.868881, trans_MAE: 85.936096
B--------->A
EPOCH:: 32, Loss: 46123.894836, MSE: 1320063.347495, RMSE: 1148.940097, MAE: 560.022273, rot_MSE: 2206410.000000, rot_RMSE: 1485.398926, rot_MAE: 1273.881226, trans_MSE: 59686.191406, trans_RMSE: 244.307571, trans_MAE: 80.560188
==TRAIN==
A--------->B
EPOCH:: 33, Loss: 4356.305503, Cycle Loss:, 607.106147, MSE: 1132671.075521, RMSE: 1064.270208, MAE: 554.626913, rot_MSE: 2269509.250000, rot_RMSE: 1506.489014, rot_MAE: 1306.813721, trans_MSE: 3749.025635, trans_RMSE: 61.229286, trans_MAE: 38.540554
B--------->A
EPOCH:: 33, Loss: 4356.305503, MSE: 1131837.655339, RMSE: 1063.878591, MAE: 547.805607, rot_MSE: 2268088.250000, rot_RMSE: 1506.017334, rot_MAE: 1306.097168, trans_MSE: 2446.818115, trans_RMSE: 49.465321, trans_MAE: 33.269794
==TEST==
A--------->B
EPOCH:: 33, Loss: 85959.358648, Cycle Loss: 11135.928810, MSE: 1327916.316051, RMSE: 1152.352514, MAE: 562.838818, rot_MSE: 2207398.750000, rot_RMSE: 1485.731689, rot_MAE: 1274.253784, trans_MSE: 74823.242188, trans_RMSE: 273.538361, trans_MAE: 89.592773
B--------->A
EPOCH:: 33, Loss: 85959.358648, MSE: 1328203.035834, RMSE: 1152.476913, MAE: 562.923545, rot_MSE: 2201352.250000, rot_RMSE: 1483.695435, rot_MAE: 1271.409302, trans_MSE: 73488.343750, trans_RMSE: 271.087341, trans_MAE: 77.486496
==BEST TEST==
A--------->B
EPOCH:: 33, Loss: 46123.894836, Cycle Loss: 8149.836277, MSE: 1302275.055914, RMSE: 1141.172667, MAE: 562.491099, rot_MSE: 2209715.750000, rot_RMSE: 1486.511230, rot_MAE: 1275.103516, trans_MSE: 37973.882812, trans_RMSE: 194.868881, trans_MAE: 85.936096
B--------->A
EPOCH:: 33, Loss: 46123.894836, MSE: 1320063.347495, RMSE: 1148.940097, MAE: 560.022273, rot_MSE: 2206410.000000, rot_RMSE: 1485.398926, rot_MAE: 1273.881226, trans_MSE: 59686.191406, trans_RMSE: 244.307571, trans_MAE: 80.560188
==TRAIN==
A--------->B
EPOCH:: 34, Loss: 4769.631218, Cycle Loss:, 680.684359, MSE: 1150370.152539, RMSE: 1072.553100, MAE: 558.763028, rot_MSE: 2274501.750000, rot_RMSE: 1508.145142, rot_MAE: 1309.063477, trans_MSE: 4088.770752, trans_RMSE: 63.943497, trans_MAE: 38.678715
B--------->A
EPOCH:: 34, Loss: 4769.631218, MSE: 1149390.159440, RMSE: 1072.096152, MAE: 550.862614, rot_MSE: 2273399.500000, rot_RMSE: 1507.779663, rot_MAE: 1308.568359, trans_MSE: 2824.876709, trans_RMSE: 53.149570, trans_MAE: 33.215252
==TEST==
A--------->B
EPOCH:: 34, Loss: 25428.326385, Cycle Loss: 3225.244628, MSE: 1290696.474367, RMSE: 1136.088234, MAE: 563.930898, rot_MSE: 2206361.000000, rot_RMSE: 1485.382446, rot_MAE: 1273.913574, trans_MSE: 22202.904297, trans_RMSE: 149.006393, trans_MAE: 68.402550
B--------->A
EPOCH:: 34, Loss: 25428.326385, MSE: 1288227.881973, RMSE: 1135.001270, MAE: 559.736493, rot_MSE: 2202158.000000, rot_RMSE: 1483.967041, rot_MAE: 1272.506836, trans_MSE: 17956.025391, trans_RMSE: 134.000092, trans_MAE: 55.242844
==BEST TEST==
A--------->B
EPOCH:: 34, Loss: 25428.326385, Cycle Loss: 3225.244628, MSE: 1290696.474367, RMSE: 1136.088234, MAE: 563.930898, rot_MSE: 2206361.000000, rot_RMSE: 1485.382446, rot_MAE: 1273.913574, trans_MSE: 22202.904297, trans_RMSE: 149.006393, trans_MAE: 68.402550
B--------->A
EPOCH:: 34, Loss: 25428.326385, MSE: 1288227.881973, RMSE: 1135.001270, MAE: 559.736493, rot_MSE: 2202158.000000, rot_RMSE: 1483.967041, rot_MAE: 1272.506836, trans_MSE: 17956.025391, trans_RMSE: 134.000092, trans_MAE: 55.242844
==TRAIN==
A--------->B
EPOCH:: 35, Loss: 2827.142843, Cycle Loss:, 420.552841, MSE: 1147732.385938, RMSE: 1071.322727, MAE: 556.753009, rot_MSE: 2269414.500000, rot_RMSE: 1506.457642, rot_MAE: 1306.574097, trans_MSE: 2406.418457, trans_RMSE: 49.055260, trans_MAE: 32.049419
B--------->A
EPOCH:: 35, Loss: 2827.142843, MSE: 1147343.952409, RMSE: 1071.141425, MAE: 548.354805, rot_MSE: 2268873.500000, rot_RMSE: 1506.278076, rot_MAE: 1306.348511, trans_MSE: 1933.067139, trans_RMSE: 43.966660, trans_MAE: 28.785854
==TEST==
A--------->B
EPOCH:: 35, Loss: 12300.191055, Cycle Loss: 1959.643751, MSE: 1282228.234633, RMSE: 1132.355172, MAE: 562.022092, rot_MSE: 2205186.500000, rot_RMSE: 1484.987061, rot_MAE: 1273.315430, trans_MSE: 10340.384766, trans_RMSE: 101.687683, trans_MAE: 54.432358
B--------->A
EPOCH:: 35, Loss: 12300.191055, MSE: 1280879.555656, RMSE: 1131.759496, MAE: 559.608677, rot_MSE: 2201511.500000, rot_RMSE: 1483.749146, rot_MAE: 1272.187866, trans_MSE: 8226.812500, trans_RMSE: 90.701775, trans_MAE: 43.881821
==BEST TEST==
A--------->B
EPOCH:: 35, Loss: 12300.191055, Cycle Loss: 1959.643751, MSE: 1282228.234633, RMSE: 1132.355172, MAE: 562.022092, rot_MSE: 2205186.500000, rot_RMSE: 1484.987061, rot_MAE: 1273.315430, trans_MSE: 10340.384766, trans_RMSE: 101.687683, trans_MAE: 54.432358
B--------->A
EPOCH:: 35, Loss: 12300.191055, MSE: 1280879.555656, RMSE: 1131.759496, MAE: 559.608677, rot_MSE: 2201511.500000, rot_RMSE: 1483.749146, rot_MAE: 1272.187866, trans_MSE: 8226.812500, trans_RMSE: 90.701775, trans_MAE: 43.881821
==TRAIN==
A--------->B
EPOCH:: 36, Loss: 3062.042756, Cycle Loss:, 464.093743, MSE: 1148380.179948, RMSE: 1071.625018, MAE: 557.329844, rot_MSE: 2265176.250000, rot_RMSE: 1505.050293, rot_MAE: 1305.241089, trans_MSE: 2597.776855, trans_RMSE: 50.968391, trans_MAE: 31.189470
B--------->A
EPOCH:: 36, Loss: 3062.042756, MSE: 1148063.455990, RMSE: 1071.477231, MAE: 549.712420, rot_MSE: 2264097.000000, rot_RMSE: 1504.691650, rot_MAE: 1304.732178, trans_MSE: 2154.441406, trans_RMSE: 46.415962, trans_MAE: 29.217600
==TEST==
A--------->B
EPOCH:: 36, Loss: 18936.254963, Cycle Loss: 2450.708785, MSE: 1285710.271565, RMSE: 1133.891649, MAE: 560.990521, rot_MSE: 2203417.500000, rot_RMSE: 1484.391235, rot_MAE: 1273.091309, trans_MSE: 16485.380859, trans_RMSE: 128.395401, trans_MAE: 64.954140
B--------->A
EPOCH:: 36, Loss: 18936.254963, MSE: 1280341.302621, RMSE: 1131.521676, MAE: 559.702744, rot_MSE: 2198818.000000, rot_RMSE: 1482.841187, rot_MAE: 1271.897461, trans_MSE: 8758.421875, trans_RMSE: 93.586441, trans_MAE: 47.158806
==BEST TEST==
A--------->B
EPOCH:: 36, Loss: 12300.191055, Cycle Loss: 1959.643751, MSE: 1282228.234633, RMSE: 1132.355172, MAE: 562.022092, rot_MSE: 2205186.500000, rot_RMSE: 1484.987061, rot_MAE: 1273.315430, trans_MSE: 10340.384766, trans_RMSE: 101.687683, trans_MAE: 54.432358
B--------->A
EPOCH:: 36, Loss: 12300.191055, MSE: 1280879.555656, RMSE: 1131.759496, MAE: 559.608677, rot_MSE: 2201511.500000, rot_RMSE: 1483.749146, rot_MAE: 1272.187866, trans_MSE: 8226.812500, trans_RMSE: 90.701775, trans_MAE: 43.881821
==TRAIN==
A--------->B
EPOCH:: 37, Loss: 3156.008605, Cycle Loss:, 443.747921, MSE: 1148889.268359, RMSE: 1071.862523, MAE: 557.744624, rot_MSE: 2277859.500000, rot_RMSE: 1509.257935, rot_MAE: 1310.006958, trans_MSE: 2712.084473, trans_RMSE: 52.077679, trans_MAE: 31.878239
B--------->A
EPOCH:: 37, Loss: 3156.008605, MSE: 1147877.711458, RMSE: 1071.390550, MAE: 549.572547, rot_MSE: 2277834.750000, rot_RMSE: 1509.249756, rot_MAE: 1309.932983, trans_MSE: 1572.420288, trans_RMSE: 39.653755, trans_MAE: 26.553505
==TEST==
A--------->B
EPOCH:: 37, Loss: 22295.039809, Cycle Loss: 3366.176699, MSE: 1288131.621449, RMSE: 1134.958863, MAE: 563.422841, rot_MSE: 2203135.000000, rot_RMSE: 1484.296143, rot_MAE: 1272.272461, trans_MSE: 18928.693359, trans_RMSE: 137.581589, trans_MAE: 62.549576
B--------->A
EPOCH:: 37, Loss: 22295.039809, MSE: 1285020.812371, RMSE: 1133.587585, MAE: 559.461100, rot_MSE: 2197068.250000, rot_RMSE: 1482.251099, rot_MAE: 1270.765625, trans_MSE: 14591.385742, trans_RMSE: 120.794807, trans_MAE: 55.162018
==BEST TEST==
A--------->B
EPOCH:: 37, Loss: 12300.191055, Cycle Loss: 1959.643751, MSE: 1282228.234633, RMSE: 1132.355172, MAE: 562.022092, rot_MSE: 2205186.500000, rot_RMSE: 1484.987061, rot_MAE: 1273.315430, trans_MSE: 10340.384766, trans_RMSE: 101.687683, trans_MAE: 54.432358
B--------->A
EPOCH:: 37, Loss: 12300.191055, MSE: 1280879.555656, RMSE: 1131.759496, MAE: 559.608677, rot_MSE: 2201511.500000, rot_RMSE: 1483.749146, rot_MAE: 1272.187866, trans_MSE: 8226.812500, trans_RMSE: 90.701775, trans_MAE: 43.881821
==TRAIN==
A--------->B
EPOCH:: 38, Loss: 2878.819208, Cycle Loss:, 392.071747, MSE: 1125408.144401, RMSE: 1060.852555, MAE: 553.845892, rot_MSE: 2268890.000000, rot_RMSE: 1506.283447, rot_MAE: 1306.223511, trans_MSE: 2486.575684, trans_RMSE: 49.865578, trans_MAE: 30.211000
B--------->A
EPOCH:: 38, Loss: 2878.819208, MSE: 1124650.130729, RMSE: 1060.495229, MAE: 545.428296, rot_MSE: 2268159.250000, rot_RMSE: 1506.040894, rot_MAE: 1305.921143, trans_MSE: 1523.608154, trans_RMSE: 39.033424, trans_MAE: 27.007547
==TEST==
A--------->B
EPOCH:: 38, Loss: 41597.551840, Cycle Loss: 5703.449197, MSE: 1300095.756779, RMSE: 1140.217416, MAE: 564.241832, rot_MSE: 2202803.750000, rot_RMSE: 1484.184570, rot_MAE: 1271.879883, trans_MSE: 35893.917969, trans_RMSE: 189.456909, trans_MAE: 66.618965
B--------->A
EPOCH:: 38, Loss: 41597.551840, MSE: 1298428.252195, RMSE: 1139.485960, MAE: 560.360072, rot_MSE: 2196017.750000, rot_RMSE: 1481.896729, rot_MAE: 1270.585205, trans_MSE: 32110.576172, trans_RMSE: 179.194244, trans_MAE: 61.319229
==BEST TEST==
A--------->B
EPOCH:: 38, Loss: 12300.191055, Cycle Loss: 1959.643751, MSE: 1282228.234633, RMSE: 1132.355172, MAE: 562.022092, rot_MSE: 2205186.500000, rot_RMSE: 1484.987061, rot_MAE: 1273.315430, trans_MSE: 10340.384766, trans_RMSE: 101.687683, trans_MAE: 54.432358
B--------->A
EPOCH:: 38, Loss: 12300.191055, MSE: 1280879.555656, RMSE: 1131.759496, MAE: 559.608677, rot_MSE: 2201511.500000, rot_RMSE: 1483.749146, rot_MAE: 1272.187866, trans_MSE: 8226.812500, trans_RMSE: 90.701775, trans_MAE: 43.881821
Namespace(exp_name='exp', model='dcp', emb_nn='dgcnn', pointer='transformer', head='svd', emb_dims=512, n_blocks=1, n_heads=4, ff_dims=1024, dropout=0.0, batch_size=4, test_batch_size=5, epochs=250, use_sgd=False, lr=0.001, momentum=0.9, no_cuda=False, seed=1234, eval=False, cycle=True, num_points=1024, model_path='', train_path='/mnt/d/SICK/pay-10-bucks/DCPwithIntensity/dataset', test_path='/mnt/d/SICK/pay-10-bucks/DCPwithIntensity/dataset', use_intensity=True, num_workers=4)
Using 4 input channels.
Train data: 483 pairs, Test data: 121 pairs
Namespace(exp_name='exp', model='dcp', emb_nn='dgcnn', pointer='transformer', head='svd', emb_dims=512, n_blocks=1, n_heads=4, ff_dims=1024, dropout=0.0, batch_size=4, test_batch_size=5, epochs=250, use_sgd=False, lr=0.001, momentum=0.9, no_cuda=False, seed=1234, eval=False, cycle=True, num_points=1024, model_path='', train_path='/mnt/d/SICK/pay-10-bucks/DCPwithIntensity/dataset', test_path='/mnt/d/SICK/pay-10-bucks/DCPwithIntensity/dataset', use_intensity=True, num_workers=4)
Using 4 input channels.
Train data: 483 pairs, Test data: 121 pairs
Namespace(exp_name='exp', model='dcp', emb_nn='dgcnn', pointer='transformer', head='svd', emb_dims=512, n_blocks=1, n_heads=4, ff_dims=1024, dropout=0.0, batch_size=4, test_batch_size=5, epochs=250, use_sgd=False, lr=0.001, momentum=0.9, no_cuda=False, seed=1234, eval=False, cycle=True, num_points=1024, model_path='', train_path='/mnt/d/SICK/pay-10-bucks/DCPwithIntensity/dataset', test_path='/mnt/d/SICK/pay-10-bucks/DCPwithIntensity/dataset', use_intensity=True, num_workers=4)
Using 4 input channels.
Train data: 483 pairs, Test data: 121 pairs
Namespace(exp_name='exp', model='dcp', emb_nn='dgcnn', pointer='transformer', head='svd', emb_dims=512, n_blocks=1, n_heads=4, ff_dims=1024, dropout=0.0, batch_size=4, test_batch_size=5, epochs=250, use_sgd=False, lr=0.001, momentum=0.9, no_cuda=False, seed=1234, eval=False, cycle=True, num_points=1024, model_path='', train_path='/mnt/d/SICK/pay-10-bucks/DCPwithIntensity/dataset', test_path='/mnt/d/SICK/pay-10-bucks/DCPwithIntensity/dataset', use_intensity=True, num_workers=4)
Using 4 input channels.
Train data: 483 pairs, Test data: 121 pairs
Namespace(exp_name='exp', model='dcp', emb_nn='dgcnn', pointer='transformer', head='svd', emb_dims=512, n_blocks=1, n_heads=4, ff_dims=1024, dropout=0.0, batch_size=4, test_batch_size=5, epochs=250, use_sgd=False, lr=0.001, momentum=0.9, no_cuda=False, seed=1234, eval=False, cycle=True, num_points=1024, model_path='', train_path='/mnt/d/SICK/pay-10-bucks/DCPwithIntensity/dataset', test_path='/mnt/d/SICK/pay-10-bucks/DCPwithIntensity/dataset', use_intensity=True, num_workers=4)
Using 4 input channels.
Train data: 483 pairs, Test data: 121 pairs
Namespace(exp_name='exp', model='dcp', emb_nn='dgcnn', pointer='transformer', head='svd', emb_dims=512, n_blocks=1, n_heads=4, ff_dims=1024, dropout=0.0, batch_size=4, test_batch_size=5, epochs=250, use_sgd=False, lr=0.001, momentum=0.9, no_cuda=False, seed=1234, eval=False, cycle=True, num_points=1024, model_path='', train_path='/mnt/d/SICK/pay-10-bucks/DCPwithIntensity/dataset', test_path='/mnt/d/SICK/pay-10-bucks/DCPwithIntensity/dataset', use_intensity=True, num_workers=4)
Using 4 input channels.
Train data: 483 pairs, Test data: 121 pairs
Namespace(exp_name='exp', model='dcp', emb_nn='dgcnn', pointer='transformer', head='svd', emb_dims=512, n_blocks=1, n_heads=4, ff_dims=1024, dropout=0.0, batch_size=4, test_batch_size=5, epochs=250, use_sgd=False, lr=0.001, momentum=0.9, no_cuda=False, seed=1234, eval=False, cycle=True, num_points=1024, model_path='', train_path='/mnt/d/SICK/pay-10-bucks/DCPwithIntensity/dataset', test_path='/mnt/d/SICK/pay-10-bucks/DCPwithIntensity/dataset', use_intensity=True, num_workers=4)
Using 4 input channels.
Train data: 483 pairs, Test data: 121 pairs
==TRAIN==
A--------->B
EPOCH:: 0, Loss: 204944.337150, Cycle Loss:, 22689.679905, MSE: 1285198.571940, RMSE: 1133.665988, MAE: 572.631732, rot_MSE: 2272294.000000, rot_RMSE: 1507.412964, rot_MAE: 1307.204590, trans_MSE: 182254.515625, trans_RMSE: 426.912781, trans_MAE: 175.119644
B--------->A
EPOCH:: 0, Loss: 204944.337150, MSE: 1179034.202214, RMSE: 1085.833414, MAE: 560.660717, rot_MSE: 2273295.750000, rot_RMSE: 1507.745239, rot_MAE: 1307.588135, trans_MSE: 41730.554688, trans_RMSE: 204.280579, trans_MAE: 97.116898
==TEST==
A--------->B
EPOCH:: 0, Loss: 438981.369895, Cycle Loss: 38467.322985, MSE: 1574078.371513, RMSE: 1254.622800, MAE: 588.810420, rot_MSE: 2207423.750000, rot_RMSE: 1485.740112, rot_MAE: 1273.698853, trans_MSE: 400513.843750, trans_RMSE: 632.861633, trans_MAE: 239.819092
B--------->A
EPOCH:: 0, Loss: 438981.369895, MSE: 1344586.476562, RMSE: 1159.563054, MAE: 569.926466, rot_MSE: 2204844.250000, rot_RMSE: 1484.871826, rot_MAE: 1273.248657, trans_MSE: 93539.109375, trans_RMSE: 305.841644, trans_MAE: 91.768448
==BEST TEST==
A--------->B
EPOCH:: 0, Loss: 438981.369895, Cycle Loss: 38467.322985, MSE: 1574078.371513, RMSE: 1254.622800, MAE: 588.810420, rot_MSE: 2207423.750000, rot_RMSE: 1485.740112, rot_MAE: 1273.698853, trans_MSE: 400513.843750, trans_RMSE: 632.861633, trans_MAE: 239.819092
B--------->A
EPOCH:: 0, Loss: 438981.369895, MSE: 1344586.476562, RMSE: 1159.563054, MAE: 569.926466, rot_MSE: 2204844.250000, rot_RMSE: 1484.871826, rot_MAE: 1273.248657, trans_MSE: 93539.109375, trans_RMSE: 305.841644, trans_MAE: 91.768448
==TRAIN==
A--------->B
EPOCH:: 1, Loss: 112090.082360, Cycle Loss:, 12866.464477, MSE: 1210374.914583, RMSE: 1100.170403, MAE: 565.517581, rot_MSE: 2272077.250000, rot_RMSE: 1507.341064, rot_MAE: 1307.418457, trans_MSE: 99223.453125, trans_RMSE: 314.997559, trans_MAE: 135.908264
B--------->A
EPOCH:: 1, Loss: 112090.082360, MSE: 1153655.921224, RMSE: 1074.083759, MAE: 558.117261, rot_MSE: 2271844.000000, rot_RMSE: 1507.263794, rot_MAE: 1307.493042, trans_MSE: 25123.175781, trans_RMSE: 158.502914, trans_MAE: 79.449539
==TEST==
A--------->B
EPOCH:: 1, Loss: 296334.098516, Cycle Loss: 29834.688285, MSE: 1473500.744770, RMSE: 1213.878390, MAE: 572.843415, rot_MSE: 2205125.750000, rot_RMSE: 1484.966553, rot_MAE: 1273.411133, trans_MSE: 266499.250000, trans_RMSE: 516.235657, trans_MAE: 187.273056
B--------->A
EPOCH:: 1, Loss: 296334.098516, MSE: 1326704.219331, RMSE: 1151.826471, MAE: 567.762845, rot_MSE: 2206420.000000, rot_RMSE: 1485.402344, rot_MAE: 1273.736084, trans_MSE: 71458.000000, trans_RMSE: 267.316284, trans_MAE: 87.610535
==BEST TEST==
A--------->B
EPOCH:: 1, Loss: 296334.098516, Cycle Loss: 29834.688285, MSE: 1473500.744770, RMSE: 1213.878390, MAE: 572.843415, rot_MSE: 2205125.750000, rot_RMSE: 1484.966553, rot_MAE: 1273.411133, trans_MSE: 266499.250000, trans_RMSE: 516.235657, trans_MAE: 187.273056
B--------->A
EPOCH:: 1, Loss: 296334.098516, MSE: 1326704.219331, RMSE: 1151.826471, MAE: 567.762845, rot_MSE: 2206420.000000, rot_RMSE: 1485.402344, rot_MAE: 1273.736084, trans_MSE: 71458.000000, trans_RMSE: 267.316284, trans_MAE: 87.610535
==TRAIN==
A--------->B
EPOCH:: 2, Loss: 46948.596798, Cycle Loss:, 6370.546224, MSE: 1156478.432682, RMSE: 1075.396872, MAE: 558.210690, rot_MSE: 2271449.000000, rot_RMSE: 1507.132690, rot_MAE: 1307.011108, trans_MSE: 40577.882812, trans_RMSE: 201.439529, trans_MAE: 100.072136
B--------->A
EPOCH:: 2, Loss: 46948.596798, MSE: 1138491.516797, RMSE: 1067.001179, MAE: 554.958770, rot_MSE: 2271106.500000, rot_RMSE: 1507.019043, rot_MAE: 1306.823120, trans_MSE: 16348.822266, trans_RMSE: 127.862511, trans_MAE: 63.583996
==TEST==
A--------->B
EPOCH:: 2, Loss: 207133.492920, Cycle Loss: 19200.873273, MSE: 1415128.308949, RMSE: 1189.591656, MAE: 572.915071, rot_MSE: 2212351.000000, rot_RMSE: 1487.397339, rot_MAE: 1275.841309, trans_MSE: 187932.453125, trans_RMSE: 433.511780, trans_MAE: 174.217545
B--------->A
EPOCH:: 2, Loss: 207133.492920, MSE: 1298595.655540, RMSE: 1139.559413, MAE: 568.427637, rot_MSE: 2212337.500000, rot_RMSE: 1487.392822, rot_MAE: 1275.680176, trans_MSE: 33823.929688, trans_RMSE: 183.912827, trans_MAE: 82.737892
==BEST TEST==
A--------->B
EPOCH:: 2, Loss: 207133.492920, Cycle Loss: 19200.873273, MSE: 1415128.308949, RMSE: 1189.591656, MAE: 572.915071, rot_MSE: 2212351.000000, rot_RMSE: 1487.397339, rot_MAE: 1275.841309, trans_MSE: 187932.453125, trans_RMSE: 433.511780, trans_MAE: 174.217545
B--------->A
EPOCH:: 2, Loss: 207133.492920, MSE: 1298595.655540, RMSE: 1139.559413, MAE: 568.427637, rot_MSE: 2212337.500000, rot_RMSE: 1487.392822, rot_MAE: 1275.680176, trans_MSE: 33823.929688, trans_RMSE: 183.912827, trans_MAE: 82.737892
==TRAIN==
A--------->B
EPOCH:: 3, Loss: 62896.266121, Cycle Loss:, 7237.757062, MSE: 1189718.671484, RMSE: 1090.742257, MAE: 563.857691, rot_MSE: 2275338.250000, rot_RMSE: 1508.422485, rot_MAE: 1308.561279, trans_MSE: 55658.343750, trans_RMSE: 235.920212, trans_MAE: 105.753975
B--------->A
EPOCH:: 3, Loss: 62896.266121, MSE: 1158743.018359, RMSE: 1076.449264, MAE: 560.490016, rot_MSE: 2276045.500000, rot_RMSE: 1508.656860, rot_MAE: 1308.815430, trans_MSE: 14608.141602, trans_RMSE: 120.864143, trans_MAE: 63.868206
==TEST==
A--------->B
EPOCH:: 3, Loss: 187635.532789, Cycle Loss: 20537.338946, MSE: 1399699.054946, RMSE: 1183.088777, MAE: 568.977064, rot_MSE: 2209733.000000, rot_RMSE: 1486.517090, rot_MAE: 1275.463013, trans_MSE: 167098.031250, trans_RMSE: 408.776276, trans_MAE: 164.998520
B--------->A
EPOCH:: 3, Loss: 187635.532789, MSE: 1312317.521888, RMSE: 1145.564281, MAE: 569.295090, rot_MSE: 2210326.500000, rot_RMSE: 1486.716675, rot_MAE: 1274.951050, trans_MSE: 52520.335938, trans_RMSE: 229.173157, trans_MAE: 86.035675
==BEST TEST==
A--------->B
EPOCH:: 3, Loss: 187635.532789, Cycle Loss: 20537.338946, MSE: 1399699.054946, RMSE: 1183.088777, MAE: 568.977064, rot_MSE: 2209733.000000, rot_RMSE: 1486.517090, rot_MAE: 1275.463013, trans_MSE: 167098.031250, trans_RMSE: 408.776276, trans_MAE: 164.998520
B--------->A
EPOCH:: 3, Loss: 187635.532789, MSE: 1312317.521888, RMSE: 1145.564281, MAE: 569.295090, rot_MSE: 2210326.500000, rot_RMSE: 1486.716675, rot_MAE: 1274.951050, trans_MSE: 52520.335938, trans_RMSE: 229.173157, trans_MAE: 86.035675
==TRAIN==
A--------->B
EPOCH:: 4, Loss: 62563.828075, Cycle Loss:, 10095.335929, MSE: 1188157.506120, RMSE: 1090.026379, MAE: 564.051963, rot_MSE: 2268844.500000, rot_RMSE: 1506.268433, rot_MAE: 1305.936890, trans_MSE: 52468.332031, trans_RMSE: 229.059662, trans_MAE: 106.828568
B--------->A
EPOCH:: 4, Loss: 62563.828075, MSE: 1179681.335938, RMSE: 1086.131362, MAE: 561.253426, rot_MSE: 2268537.000000, rot_RMSE: 1506.166382, rot_MAE: 1305.994141, trans_MSE: 41108.640625, trans_RMSE: 202.752655, trans_MAE: 73.051582
==TEST==
A--------->B
EPOCH:: 4, Loss: 207227.422045, Cycle Loss: 23743.179676, MSE: 1411529.244899, RMSE: 1188.077962, MAE: 561.602266, rot_MSE: 2217466.000000, rot_RMSE: 1489.115845, rot_MAE: 1277.343994, trans_MSE: 183484.062500, trans_RMSE: 428.350403, trans_MAE: 168.408585
B--------->A
EPOCH:: 4, Loss: 207227.422045, MSE: 1319491.838197, RMSE: 1148.691359, MAE: 571.230717, rot_MSE: 2217364.000000, rot_RMSE: 1489.081543, rot_MAE: 1277.185547, trans_MSE: 61990.425781, trans_RMSE: 248.978760, trans_MAE: 90.288506
==BEST TEST==
A--------->B
EPOCH:: 4, Loss: 187635.532789, Cycle Loss: 20537.338946, MSE: 1399699.054946, RMSE: 1183.088777, MAE: 568.977064, rot_MSE: 2209733.000000, rot_RMSE: 1486.517090, rot_MAE: 1275.463013, trans_MSE: 167098.031250, trans_RMSE: 408.776276, trans_MAE: 164.998520
B--------->A
EPOCH:: 4, Loss: 187635.532789, MSE: 1312317.521888, RMSE: 1145.564281, MAE: 569.295090, rot_MSE: 2210326.500000, rot_RMSE: 1486.716675, rot_MAE: 1274.951050, trans_MSE: 52520.335938, trans_RMSE: 229.173157, trans_MAE: 86.035675
==TRAIN==
A--------->B
EPOCH:: 5, Loss: 51817.683892, Cycle Loss:, 6933.937490, MSE: 1181134.488672, RMSE: 1086.800114, MAE: 561.852313, rot_MSE: 2274932.500000, rot_RMSE: 1508.287964, rot_MAE: 1308.578247, trans_MSE: 44883.585938, trans_RMSE: 211.857468, trans_MAE: 97.030037
B--------->A
EPOCH:: 5, Loss: 51817.683892, MSE: 1162613.766406, RMSE: 1078.245689, MAE: 558.436257, rot_MSE: 2278405.250000, rot_RMSE: 1509.438721, rot_MAE: 1309.679565, trans_MSE: 20559.035156, trans_RMSE: 143.384216, trans_MAE: 59.267181
==TEST==
A--------->B
EPOCH:: 5, Loss: 49335.276094, Cycle Loss: 6414.991509, MSE: 1305998.488443, RMSE: 1142.802909, MAE: 564.343213, rot_MSE: 2212534.750000, rot_RMSE: 1487.459106, rot_MAE: 1275.923218, trans_MSE: 42920.117188, trans_RMSE: 207.171707, trans_MAE: 102.529335
B--------->A
EPOCH:: 5, Loss: 49335.276094, MSE: 1298951.457580, RMSE: 1139.715516, MAE: 565.819374, rot_MSE: 2210527.000000, rot_RMSE: 1486.784058, rot_MAE: 1274.984863, trans_MSE: 33961.191406, trans_RMSE: 184.285629, trans_MAE: 70.788300
==BEST TEST==
A--------->B
EPOCH:: 5, Loss: 49335.276094, Cycle Loss: 6414.991509, MSE: 1305998.488443, RMSE: 1142.802909, MAE: 564.343213, rot_MSE: 2212534.750000, rot_RMSE: 1487.459106, rot_MAE: 1275.923218, trans_MSE: 42920.117188, trans_RMSE: 207.171707, trans_MAE: 102.529335
B--------->A
EPOCH:: 5, Loss: 49335.276094, MSE: 1298951.457580, RMSE: 1139.715516, MAE: 565.819374, rot_MSE: 2210527.000000, rot_RMSE: 1486.784058, rot_MAE: 1274.984863, trans_MSE: 33961.191406, trans_RMSE: 184.285629, trans_MAE: 70.788300
==TRAIN==
A--------->B
EPOCH:: 6, Loss: 40917.426127, Cycle Loss:, 6146.038794, MSE: 1173979.041146, RMSE: 1083.503134, MAE: 561.857434, rot_MSE: 2271784.000000, rot_RMSE: 1507.243896, rot_MAE: 1307.203247, trans_MSE: 34771.226562, trans_RMSE: 186.470444, trans_MAE: 88.624771
B--------->A
EPOCH:: 6, Loss: 40917.426127, MSE: 1165873.758854, RMSE: 1079.756342, MAE: 558.914078, rot_MSE: 2273576.250000, rot_RMSE: 1507.838257, rot_MAE: 1307.642822, trans_MSE: 24224.232422, trans_RMSE: 155.641357, trans_MAE: 58.060917
==TEST==
A--------->B
EPOCH:: 6, Loss: 124914.082837, Cycle Loss: 14416.610343, MSE: 1358195.081289, RMSE: 1165.416270, MAE: 560.135341, rot_MSE: 2214451.750000, rot_RMSE: 1488.103394, rot_MAE: 1276.772949, trans_MSE: 110497.296875, trans_RMSE: 332.411346, trans_MAE: 132.171738
B--------->A
EPOCH:: 6, Loss: 124914.082837, MSE: 1303001.539256, RMSE: 1141.490928, MAE: 568.998422, rot_MSE: 2210360.250000, rot_RMSE: 1486.728027, rot_MAE: 1275.125488, trans_MSE: 39091.808594, trans_RMSE: 197.716492, trans_MAE: 72.293472
==BEST TEST==
A--------->B
EPOCH:: 6, Loss: 49335.276094, Cycle Loss: 6414.991509, MSE: 1305998.488443, RMSE: 1142.802909, MAE: 564.343213, rot_MSE: 2212534.750000, rot_RMSE: 1487.459106, rot_MAE: 1275.923218, trans_MSE: 42920.117188, trans_RMSE: 207.171707, trans_MAE: 102.529335
B--------->A
EPOCH:: 6, Loss: 49335.276094, MSE: 1298951.457580, RMSE: 1139.715516, MAE: 565.819374, rot_MSE: 2210527.000000, rot_RMSE: 1486.784058, rot_MAE: 1274.984863, trans_MSE: 33961.191406, trans_RMSE: 184.285629, trans_MAE: 70.788300
==TRAIN==
A--------->B
EPOCH:: 7, Loss: 29145.956864, Cycle Loss:, 3866.463383, MSE: 1165528.814583, RMSE: 1079.596598, MAE: 560.582534, rot_MSE: 2270693.250000, rot_RMSE: 1506.881958, rot_MAE: 1306.080322, trans_MSE: 25279.339844, trans_RMSE: 158.994781, trans_MAE: 82.183998
B--------->A
EPOCH:: 7, Loss: 29145.956864, MSE: 1157742.428255, RMSE: 1075.984400, MAE: 557.935329, rot_MSE: 2271701.750000, rot_RMSE: 1507.216553, rot_MAE: 1306.261475, trans_MSE: 14897.523438, trans_RMSE: 122.055412, trans_MAE: 55.365398
==TEST==
A--------->B
EPOCH:: 7, Loss: 73258.368206, Cycle Loss: 7697.990994, MSE: 1322807.619770, RMSE: 1150.133740, MAE: 560.075751, rot_MSE: 2213065.750000, rot_RMSE: 1487.637695, rot_MAE: 1275.873047, trans_MSE: 65560.210938, trans_RMSE: 256.047272, trans_MAE: 114.102112
B--------->A
EPOCH:: 7, Loss: 73258.368206, MSE: 1289931.942988, RMSE: 1135.751708, MAE: 563.855900, rot_MSE: 2209969.250000, rot_RMSE: 1486.596558, rot_MAE: 1274.842773, trans_MSE: 22731.716797, trans_RMSE: 150.770416, trans_MAE: 63.613029
==BEST TEST==
A--------->B
EPOCH:: 7, Loss: 49335.276094, Cycle Loss: 6414.991509, MSE: 1305998.488443, RMSE: 1142.802909, MAE: 564.343213, rot_MSE: 2212534.750000, rot_RMSE: 1487.459106, rot_MAE: 1275.923218, trans_MSE: 42920.117188, trans_RMSE: 207.171707, trans_MAE: 102.529335
B--------->A
EPOCH:: 7, Loss: 49335.276094, MSE: 1298951.457580, RMSE: 1139.715516, MAE: 565.819374, rot_MSE: 2210527.000000, rot_RMSE: 1486.784058, rot_MAE: 1274.984863, trans_MSE: 33961.191406, trans_RMSE: 184.285629, trans_MAE: 70.788300
==TRAIN==
A--------->B
EPOCH:: 8, Loss: 31794.724716, Cycle Loss:, 3743.707863, MSE: 1168669.072656, RMSE: 1081.049986, MAE: 561.632747, rot_MSE: 2273429.250000, rot_RMSE: 1507.789551, rot_MAE: 1307.410400, trans_MSE: 28050.861328, trans_RMSE: 167.483917, trans_MAE: 82.238777
B--------->A
EPOCH:: 8, Loss: 31794.724716, MSE: 1153268.817578, RMSE: 1073.903542, MAE: 557.870459, rot_MSE: 2276144.000000, rot_RMSE: 1508.689453, rot_MAE: 1308.284302, trans_MSE: 8402.628906, trans_RMSE: 91.665855, trans_MAE: 52.197407
==TEST==
A--------->B
EPOCH:: 8, Loss: 135318.836022, Cycle Loss: 13320.365152, MSE: 1364830.598140, RMSE: 1168.259645, MAE: 564.513448, rot_MSE: 2213952.250000, rot_RMSE: 1487.935547, rot_MAE: 1276.226440, trans_MSE: 121998.304688, trans_RMSE: 349.282562, trans_MAE: 136.808731
B--------->A
EPOCH:: 8, Loss: 135318.836022, MSE: 1303413.497417, RMSE: 1141.671361, MAE: 568.504026, rot_MSE: 2210837.250000, rot_RMSE: 1486.888428, rot_MAE: 1275.163086, trans_MSE: 39635.722656, trans_RMSE: 199.087219, trans_MAE: 73.107155
==BEST TEST==
A--------->B
EPOCH:: 8, Loss: 49335.276094, Cycle Loss: 6414.991509, MSE: 1305998.488443, RMSE: 1142.802909, MAE: 564.343213, rot_MSE: 2212534.750000, rot_RMSE: 1487.459106, rot_MAE: 1275.923218, trans_MSE: 42920.117188, trans_RMSE: 207.171707, trans_MAE: 102.529335
B--------->A
EPOCH:: 8, Loss: 49335.276094, MSE: 1298951.457580, RMSE: 1139.715516, MAE: 565.819374, rot_MSE: 2210527.000000, rot_RMSE: 1486.784058, rot_MAE: 1274.984863, trans_MSE: 33961.191406, trans_RMSE: 184.285629, trans_MAE: 70.788300
==TRAIN==
A--------->B
EPOCH:: 9, Loss: 32669.972389, Cycle Loss:, 3803.067536, MSE: 1169316.506250, RMSE: 1081.349391, MAE: 560.493865, rot_MSE: 2272627.250000, rot_RMSE: 1507.523560, rot_MAE: 1306.744873, trans_MSE: 28866.736328, trans_RMSE: 169.902130, trans_MAE: 85.450378
B--------->A
EPOCH:: 9, Loss: 32669.972389, MSE: 1154246.318229, RMSE: 1074.358561, MAE: 558.569159, rot_MSE: 2275291.500000, rot_RMSE: 1508.406982, rot_MAE: 1307.559448, trans_MSE: 8820.139648, trans_RMSE: 93.915596, trans_MAE: 52.567242
==TEST==
A--------->B
EPOCH:: 9, Loss: 137149.597293, Cycle Loss: 10624.580641, MSE: 1370486.104403, RMSE: 1170.677626, MAE: 569.795230, rot_MSE: 2215777.750000, rot_RMSE: 1488.548828, rot_MAE: 1277.223389, trans_MSE: 126524.828125, trans_RMSE: 355.703278, trans_MAE: 138.554733
B--------->A
EPOCH:: 9, Loss: 137149.597293, MSE: 1306047.855114, RMSE: 1142.824508, MAE: 566.221320, rot_MSE: 2213641.750000, rot_RMSE: 1487.831177, rot_MAE: 1275.957764, trans_MSE: 46283.453125, trans_RMSE: 215.135895, trans_MAE: 78.872665
==BEST TEST==
A--------->B
EPOCH:: 9, Loss: 49335.276094, Cycle Loss: 6414.991509, MSE: 1305998.488443, RMSE: 1142.802909, MAE: 564.343213, rot_MSE: 2212534.750000, rot_RMSE: 1487.459106, rot_MAE: 1275.923218, trans_MSE: 42920.117188, trans_RMSE: 207.171707, trans_MAE: 102.529335
B--------->A
EPOCH:: 9, Loss: 49335.276094, MSE: 1298951.457580, RMSE: 1139.715516, MAE: 565.819374, rot_MSE: 2210527.000000, rot_RMSE: 1486.784058, rot_MAE: 1274.984863, trans_MSE: 33961.191406, trans_RMSE: 184.285629, trans_MAE: 70.788300
==TRAIN==
A--------->B
EPOCH:: 10, Loss: 17648.736094, Cycle Loss:, 2381.842266, MSE: 1149443.290755, RMSE: 1072.120931, MAE: 558.571338, rot_MSE: 2277612.500000, rot_RMSE: 1509.176147, rot_MAE: 1309.259521, trans_MSE: 15266.723633, trans_RMSE: 123.558586, trans_MAE: 67.219887
B--------->A
EPOCH:: 10, Loss: 17648.736094, MSE: 1143422.899740, RMSE: 1069.309543, MAE: 555.164094, rot_MSE: 2279949.500000, rot_RMSE: 1509.950195, rot_MAE: 1310.039917, trans_MSE: 7509.906738, trans_RMSE: 86.659721, trans_MAE: 47.432205
==TEST==
A--------->B
EPOCH:: 10, Loss: 79598.026904, Cycle Loss: 8854.074147, MSE: 1327495.355759, RMSE: 1152.169847, MAE: 559.339329, rot_MSE: 2214034.250000, rot_RMSE: 1487.963135, rot_MAE: 1276.494507, trans_MSE: 70743.781250, trans_RMSE: 265.977020, trans_MAE: 113.269173
B--------->A
EPOCH:: 10, Loss: 79598.026904, MSE: 1292105.633716, RMSE: 1136.708245, MAE: 564.807281, rot_MSE: 2213997.250000, rot_RMSE: 1487.950684, rot_MAE: 1276.019165, trans_MSE: 24346.082031, trans_RMSE: 156.032318, trans_MAE: 61.485043
==BEST TEST==
A--------->B
EPOCH:: 10, Loss: 49335.276094, Cycle Loss: 6414.991509, MSE: 1305998.488443, RMSE: 1142.802909, MAE: 564.343213, rot_MSE: 2212534.750000, rot_RMSE: 1487.459106, rot_MAE: 1275.923218, trans_MSE: 42920.117188, trans_RMSE: 207.171707, trans_MAE: 102.529335
B--------->A
EPOCH:: 10, Loss: 49335.276094, MSE: 1298951.457580, RMSE: 1139.715516, MAE: 565.819374, rot_MSE: 2210527.000000, rot_RMSE: 1486.784058, rot_MAE: 1274.984863, trans_MSE: 33961.191406, trans_RMSE: 184.285629, trans_MAE: 70.788300
==TRAIN==
A--------->B
EPOCH:: 11, Loss: 16607.224131, Cycle Loss:, 2174.624507, MSE: 1145707.164583, RMSE: 1070.377113, MAE: 557.341226, rot_MSE: 2276962.750000, rot_RMSE: 1508.960815, rot_MAE: 1309.558105, trans_MSE: 14432.436523, trans_RMSE: 120.135078, trans_MAE: 66.746140
B--------->A
EPOCH:: 11, Loss: 16607.224131, MSE: 1138382.701302, RMSE: 1066.950187, MAE: 553.041357, rot_MSE: 2279074.250000, rot_RMSE: 1509.660278, rot_MAE: 1310.238037, trans_MSE: 5137.354004, trans_RMSE: 71.675339, trans_MAE: 46.753235
==TEST==
A--------->B
EPOCH:: 11, Loss: 110052.646767, Cycle Loss: 12460.113354, MSE: 1348589.223657, RMSE: 1161.287744, MAE: 562.038470, rot_MSE: 2215133.250000, rot_RMSE: 1488.332397, rot_MAE: 1276.907349, trans_MSE: 97592.351562, trans_RMSE: 312.397736, trans_MAE: 119.166283
B--------->A
EPOCH:: 11, Loss: 110052.646767, MSE: 1294809.178784, RMSE: 1137.896823, MAE: 565.891352, rot_MSE: 2212792.750000, rot_RMSE: 1487.545898, rot_MAE: 1275.789307, trans_MSE: 27333.917969, trans_RMSE: 165.329727, trans_MAE: 65.701324
==BEST TEST==
A--------->B
EPOCH:: 11, Loss: 49335.276094, Cycle Loss: 6414.991509, MSE: 1305998.488443, RMSE: 1142.802909, MAE: 564.343213, rot_MSE: 2212534.750000, rot_RMSE: 1487.459106, rot_MAE: 1275.923218, trans_MSE: 42920.117188, trans_RMSE: 207.171707, trans_MAE: 102.529335
B--------->A
EPOCH:: 11, Loss: 49335.276094, MSE: 1298951.457580, RMSE: 1139.715516, MAE: 565.819374, rot_MSE: 2210527.000000, rot_RMSE: 1486.784058, rot_MAE: 1274.984863, trans_MSE: 33961.191406, trans_RMSE: 184.285629, trans_MAE: 70.788300
==TRAIN==
A--------->B
EPOCH:: 12, Loss: 15325.201379, Cycle Loss:, 2045.638091, MSE: 1157501.398047, RMSE: 1075.872389, MAE: 560.495253, rot_MSE: 2283107.500000, rot_RMSE: 1510.995483, rot_MAE: 1311.681152, trans_MSE: 13279.391602, trans_RMSE: 115.236244, trans_MAE: 65.675957
B--------->A
EPOCH:: 12, Loss: 15325.201379, MSE: 1151942.768685, RMSE: 1073.285968, MAE: 556.011153, rot_MSE: 2284673.750000, rot_RMSE: 1511.513672, rot_MAE: 1312.111938, trans_MSE: 6549.644531, trans_RMSE: 80.929871, trans_MAE: 47.704205
==TEST==
A--------->B
EPOCH:: 12, Loss: 136129.880357, Cycle Loss: 14820.984109, MSE: 1365043.731082, RMSE: 1168.350860, MAE: 561.668482, rot_MSE: 2214075.000000, rot_RMSE: 1487.976807, rot_MAE: 1276.444336, trans_MSE: 121308.718750, trans_RMSE: 348.294006, trans_MAE: 136.931351
B--------->A
EPOCH:: 12, Loss: 136129.880357, MSE: 1293596.937565, RMSE: 1137.364030, MAE: 564.941765, rot_MSE: 2213045.000000, rot_RMSE: 1487.630615, rot_MAE: 1275.804565, trans_MSE: 25654.947266, trans_RMSE: 160.171616, trans_MAE: 62.673824
==BEST TEST==
A--------->B
EPOCH:: 12, Loss: 49335.276094, Cycle Loss: 6414.991509, MSE: 1305998.488443, RMSE: 1142.802909, MAE: 564.343213, rot_MSE: 2212534.750000, rot_RMSE: 1487.459106, rot_MAE: 1275.923218, trans_MSE: 42920.117188, trans_RMSE: 207.171707, trans_MAE: 102.529335
B--------->A
EPOCH:: 12, Loss: 49335.276094, MSE: 1298951.457580, RMSE: 1139.715516, MAE: 565.819374, rot_MSE: 2210527.000000, rot_RMSE: 1486.784058, rot_MAE: 1274.984863, trans_MSE: 33961.191406, trans_RMSE: 184.285629, trans_MAE: 70.788300
==TRAIN==
A--------->B
EPOCH:: 13, Loss: 26812.085965, Cycle Loss:, 3534.780033, MSE: 1164600.228255, RMSE: 1079.166451, MAE: 560.638509, rot_MSE: 2270288.000000, rot_RMSE: 1506.747437, rot_MAE: 1306.614258, trans_MSE: 23277.142578, trans_RMSE: 152.568481, trans_MAE: 77.768280
B--------->A
EPOCH:: 13, Loss: 26812.085965, MSE: 1153958.639323, RMSE: 1074.224669, MAE: 554.796548, rot_MSE: 2272120.250000, rot_RMSE: 1507.355347, rot_MAE: 1307.274170, trans_MSE: 8783.212891, trans_RMSE: 93.718796, trans_MAE: 52.149940
==TEST==
A--------->B
EPOCH:: 13, Loss: 164047.618697, Cycle Loss: 12943.995560, MSE: 1387156.519305, RMSE: 1177.776090, MAE: 563.022771, rot_MSE: 2212890.750000, rot_RMSE: 1487.578857, rot_MAE: 1275.588867, trans_MSE: 151103.453125, trans_RMSE: 388.720276, trans_MAE: 145.484055
B--------->A
EPOCH:: 13, Loss: 164047.618697, MSE: 1298902.356211, RMSE: 1139.693975, MAE: 567.723274, rot_MSE: 2209920.750000, rot_RMSE: 1486.580200, rot_MAE: 1274.477051, trans_MSE: 33889.132812, trans_RMSE: 184.090012, trans_MAE: 70.639687
==BEST TEST==
A--------->B
EPOCH:: 13, Loss: 49335.276094, Cycle Loss: 6414.991509, MSE: 1305998.488443, RMSE: 1142.802909, MAE: 564.343213, rot_MSE: 2212534.750000, rot_RMSE: 1487.459106, rot_MAE: 1275.923218, trans_MSE: 42920.117188, trans_RMSE: 207.171707, trans_MAE: 102.529335
B--------->A
EPOCH:: 13, Loss: 49335.276094, MSE: 1298951.457580, RMSE: 1139.715516, MAE: 565.819374, rot_MSE: 2210527.000000, rot_RMSE: 1486.784058, rot_MAE: 1274.984863, trans_MSE: 33961.191406, trans_RMSE: 184.285629, trans_MAE: 70.788300
==TRAIN==
A--------->B
EPOCH:: 14, Loss: 18265.944547, Cycle Loss:, 2368.862738, MSE: 1160458.887891, RMSE: 1077.245974, MAE: 560.852549, rot_MSE: 2274432.750000, rot_RMSE: 1508.122314, rot_MAE: 1308.275146, trans_MSE: 15896.921875, trans_RMSE: 126.082993, trans_MAE: 70.148842
B--------->A
EPOCH:: 14, Loss: 18265.944547, MSE: 1154381.792643, RMSE: 1074.421608, MAE: 555.702218, rot_MSE: 2275295.750000, rot_RMSE: 1508.408325, rot_MAE: 1308.280029, trans_MSE: 7704.674805, trans_RMSE: 87.776276, trans_MAE: 50.164257
==TEST==
A--------->B
EPOCH:: 14, Loss: 107959.237428, Cycle Loss: 10860.870395, MSE: 1347290.740380, RMSE: 1160.728539, MAE: 559.070672, rot_MSE: 2212713.500000, rot_RMSE: 1487.519287, rot_MAE: 1275.743652, trans_MSE: 97098.195312, trans_RMSE: 311.605835, trans_MAE: 130.015137
B--------->A
EPOCH:: 14, Loss: 107959.237428, MSE: 1296136.430850, RMSE: 1138.479877, MAE: 567.747174, rot_MSE: 2209861.500000, rot_RMSE: 1486.560303, rot_MAE: 1274.444214, trans_MSE: 30540.812500, trans_RMSE: 174.759293, trans_MAE: 72.381462
==BEST TEST==
A--------->B
EPOCH:: 14, Loss: 49335.276094, Cycle Loss: 6414.991509, MSE: 1305998.488443, RMSE: 1142.802909, MAE: 564.343213, rot_MSE: 2212534.750000, rot_RMSE: 1487.459106, rot_MAE: 1275.923218, trans_MSE: 42920.117188, trans_RMSE: 207.171707, trans_MAE: 102.529335
B--------->A
EPOCH:: 14, Loss: 49335.276094, MSE: 1298951.457580, RMSE: 1139.715516, MAE: 565.819374, rot_MSE: 2210527.000000, rot_RMSE: 1486.784058, rot_MAE: 1274.984863, trans_MSE: 33961.191406, trans_RMSE: 184.285629, trans_MAE: 70.788300
==TRAIN==
A--------->B
EPOCH:: 15, Loss: 18590.032547, Cycle Loss:, 2171.139596, MSE: 1160694.066146, RMSE: 1077.355125, MAE: 559.721432, rot_MSE: 2281079.000000, rot_RMSE: 1510.324097, rot_MAE: 1310.705322, trans_MSE: 16418.726562, trans_RMSE: 128.135574, trans_MAE: 67.354416
B--------->A
EPOCH:: 15, Loss: 18590.032547, MSE: 1152128.205339, RMSE: 1073.372352, MAE: 556.283293, rot_MSE: 2282191.000000, rot_RMSE: 1510.692261, rot_MAE: 1311.144653, trans_MSE: 5197.025879, trans_RMSE: 72.090401, trans_MAE: 45.941124
==TEST==
A--------->B
EPOCH:: 15, Loss: 50310.230284, Cycle Loss: 5196.038458, MSE: 1308723.074832, RMSE: 1143.994351, MAE: 563.120677, rot_MSE: 2209212.250000, rot_RMSE: 1486.341919, rot_MAE: 1274.883545, trans_MSE: 45114.031250, trans_RMSE: 212.400635, trans_MAE: 95.999794
B--------->A
EPOCH:: 15, Loss: 50310.230284, MSE: 1287451.739476, RMSE: 1134.659305, MAE: 561.234997, rot_MSE: 2209227.500000, rot_RMSE: 1486.347046, rot_MAE: 1274.086914, trans_MSE: 18419.333984, trans_RMSE: 135.717850, trans_MAE: 59.053864
==BEST TEST==
A--------->B
EPOCH:: 15, Loss: 49335.276094, Cycle Loss: 6414.991509, MSE: 1305998.488443, RMSE: 1142.802909, MAE: 564.343213, rot_MSE: 2212534.750000, rot_RMSE: 1487.459106, rot_MAE: 1275.923218, trans_MSE: 42920.117188, trans_RMSE: 207.171707, trans_MAE: 102.529335
B--------->A
EPOCH:: 15, Loss: 49335.276094, MSE: 1298951.457580, RMSE: 1139.715516, MAE: 565.819374, rot_MSE: 2210527.000000, rot_RMSE: 1486.784058, rot_MAE: 1274.984863, trans_MSE: 33961.191406, trans_RMSE: 184.285629, trans_MAE: 70.788300
==TRAIN==
A--------->B
EPOCH:: 16, Loss: 27698.155206, Cycle Loss:, 3517.607533, MSE: 1165471.420964, RMSE: 1079.570017, MAE: 563.052817, rot_MSE: 2266325.250000, rot_RMSE: 1505.431885, rot_MAE: 1305.604492, trans_MSE: 24180.382812, trans_RMSE: 155.500427, trans_MAE: 84.509270
B--------->A
EPOCH:: 16, Loss: 27698.155206, MSE: 1153362.435286, RMSE: 1073.947129, MAE: 557.484404, rot_MSE: 2267577.000000, rot_RMSE: 1505.847656, rot_MAE: 1305.369019, trans_MSE: 7797.835938, trans_RMSE: 88.305359, trans_MAE: 54.246765
==TEST==
A--------->B
EPOCH:: 16, Loss: 148123.219710, Cycle Loss: 12177.376737, MSE: 1377001.500839, RMSE: 1173.457072, MAE: 564.883378, rot_MSE: 2212370.250000, rot_RMSE: 1487.403809, rot_MAE: 1275.563843, trans_MSE: 135945.671875, trans_RMSE: 368.708099, trans_MAE: 140.655624
B--------->A
EPOCH:: 16, Loss: 148123.219710, MSE: 1301510.932270, RMSE: 1140.837820, MAE: 566.853101, rot_MSE: 2211832.250000, rot_RMSE: 1487.223022, rot_MAE: 1274.953125, trans_MSE: 38933.773438, trans_RMSE: 197.316437, trans_MAE: 72.794983
==BEST TEST==
A--------->B
EPOCH:: 16, Loss: 49335.276094, Cycle Loss: 6414.991509, MSE: 1305998.488443, RMSE: 1142.802909, MAE: 564.343213, rot_MSE: 2212534.750000, rot_RMSE: 1487.459106, rot_MAE: 1275.923218, trans_MSE: 42920.117188, trans_RMSE: 207.171707, trans_MAE: 102.529335
B--------->A
EPOCH:: 16, Loss: 49335.276094, MSE: 1298951.457580, RMSE: 1139.715516, MAE: 565.819374, rot_MSE: 2210527.000000, rot_RMSE: 1486.784058, rot_MAE: 1274.984863, trans_MSE: 33961.191406, trans_RMSE: 184.285629, trans_MAE: 70.788300
==TRAIN==
A--------->B
EPOCH:: 17, Loss: 19786.402181, Cycle Loss:, 2307.355741, MSE: 1137602.872917, RMSE: 1066.584677, MAE: 554.489809, rot_MSE: 2272681.250000, rot_RMSE: 1507.541504, rot_MAE: 1307.208740, trans_MSE: 17478.876953, trans_RMSE: 132.207703, trans_MAE: 70.906410
B--------->A
EPOCH:: 17, Loss: 19786.402181, MSE: 1128393.940169, RMSE: 1062.258886, MAE: 552.525545, rot_MSE: 2274766.500000, rot_RMSE: 1508.232910, rot_MAE: 1307.505615, trans_MSE: 4789.177246, trans_RMSE: 69.203880, trans_MAE: 45.905025
==TEST==
A--------->B
EPOCH:: 17, Loss: 175409.076746, Cycle Loss: 21818.927043, MSE: 1389794.253809, RMSE: 1178.895353, MAE: 562.935597, rot_MSE: 2212209.750000, rot_RMSE: 1487.349854, rot_MAE: 1275.372070, trans_MSE: 153589.984375, trans_RMSE: 391.905579, trans_MAE: 146.549576
B--------->A
EPOCH:: 17, Loss: 175409.076746, MSE: 1322316.113830, RMSE: 1149.920047, MAE: 568.184025, rot_MSE: 2210894.750000, rot_RMSE: 1486.907837, rot_MAE: 1274.876953, trans_MSE: 66157.171875, trans_RMSE: 257.210358, trans_MAE: 78.738831
==BEST TEST==
A--------->B
EPOCH:: 17, Loss: 49335.276094, Cycle Loss: 6414.991509, MSE: 1305998.488443, RMSE: 1142.802909, MAE: 564.343213, rot_MSE: 2212534.750000, rot_RMSE: 1487.459106, rot_MAE: 1275.923218, trans_MSE: 42920.117188, trans_RMSE: 207.171707, trans_MAE: 102.529335
B--------->A
EPOCH:: 17, Loss: 49335.276094, MSE: 1298951.457580, RMSE: 1139.715516, MAE: 565.819374, rot_MSE: 2210527.000000, rot_RMSE: 1486.784058, rot_MAE: 1274.984863, trans_MSE: 33961.191406, trans_RMSE: 184.285629, trans_MAE: 70.788300
==TRAIN==
A--------->B
EPOCH:: 18, Loss: 14978.428408, Cycle Loss:, 2355.437672, MSE: 1146314.338802, RMSE: 1070.660702, MAE: 556.376022, rot_MSE: 2271851.500000, rot_RMSE: 1507.266235, rot_MAE: 1307.598389, trans_MSE: 12622.828125, trans_RMSE: 112.351357, trans_MAE: 64.986404
B--------->A
EPOCH:: 18, Loss: 14978.428408, MSE: 1145126.855990, RMSE: 1070.106002, MAE: 551.465032, rot_MSE: 2273065.250000, rot_RMSE: 1507.668823, rot_MAE: 1307.796997, trans_MSE: 12088.637695, trans_RMSE: 109.948341, trans_MAE: 48.857803
==TEST==
A--------->B
EPOCH:: 18, Loss: 86866.481883, Cycle Loss: 7818.897361, MSE: 1332569.064372, RMSE: 1154.369553, MAE: 559.335203, rot_MSE: 2208747.250000, rot_RMSE: 1486.185425, rot_MAE: 1274.505005, trans_MSE: 79047.421875, trans_RMSE: 281.153748, trans_MAE: 115.971504
B--------->A
EPOCH:: 18, Loss: 86866.481883, MSE: 1288931.219202, RMSE: 1135.311067, MAE: 562.690842, rot_MSE: 2210011.250000, rot_RMSE: 1486.610718, rot_MAE: 1274.438477, trans_MSE: 19758.923828, trans_RMSE: 140.566437, trans_MAE: 57.190998
==BEST TEST==
A--------->B
EPOCH:: 18, Loss: 49335.276094, Cycle Loss: 6414.991509, MSE: 1305998.488443, RMSE: 1142.802909, MAE: 564.343213, rot_MSE: 2212534.750000, rot_RMSE: 1487.459106, rot_MAE: 1275.923218, trans_MSE: 42920.117188, trans_RMSE: 207.171707, trans_MAE: 102.529335
B--------->A
EPOCH:: 18, Loss: 49335.276094, MSE: 1298951.457580, RMSE: 1139.715516, MAE: 565.819374, rot_MSE: 2210527.000000, rot_RMSE: 1486.784058, rot_MAE: 1274.984863, trans_MSE: 33961.191406, trans_RMSE: 184.285629, trans_MAE: 70.788300
==TRAIN==
A--------->B
EPOCH:: 19, Loss: 12868.433051, Cycle Loss:, 1701.199049, MSE: 1156265.425195, RMSE: 1075.297831, MAE: 559.879318, rot_MSE: 2276700.750000, rot_RMSE: 1508.874023, rot_MAE: 1308.423706, trans_MSE: 11167.065430, trans_RMSE: 105.674339, trans_MAE: 62.201008
B--------->A
EPOCH:: 19, Loss: 12868.433051, MSE: 1151889.151823, RMSE: 1073.260990, MAE: 556.104661, rot_MSE: 2279113.000000, rot_RMSE: 1509.673096, rot_MAE: 1308.776245, trans_MSE: 5102.628906, trans_RMSE: 71.432686, trans_MAE: 44.870163
==TEST==
A--------->B
EPOCH:: 19, Loss: 162683.996858, Cycle Loss: 14759.151335, MSE: 1384145.996191, RMSE: 1176.497342, MAE: 562.948238, rot_MSE: 2212545.000000, rot_RMSE: 1487.462646, rot_MAE: 1275.512573, trans_MSE: 147924.671875, trans_RMSE: 384.609772, trans_MAE: 134.801880
B--------->A
EPOCH:: 19, Loss: 162683.996858, MSE: 1305033.250517, RMSE: 1142.380519, MAE: 567.149440, rot_MSE: 2211011.000000, rot_RMSE: 1486.946899, rot_MAE: 1274.693970, trans_MSE: 44105.238281, trans_RMSE: 210.012466, trans_MAE: 73.637642
==BEST TEST==
A--------->B
EPOCH:: 19, Loss: 49335.276094, Cycle Loss: 6414.991509, MSE: 1305998.488443, RMSE: 1142.802909, MAE: 564.343213, rot_MSE: 2212534.750000, rot_RMSE: 1487.459106, rot_MAE: 1275.923218, trans_MSE: 42920.117188, trans_RMSE: 207.171707, trans_MAE: 102.529335
B--------->A
EPOCH:: 19, Loss: 49335.276094, MSE: 1298951.457580, RMSE: 1139.715516, MAE: 565.819374, rot_MSE: 2210527.000000, rot_RMSE: 1486.784058, rot_MAE: 1274.984863, trans_MSE: 33961.191406, trans_RMSE: 184.285629, trans_MAE: 70.788300
==TRAIN==
A--------->B
EPOCH:: 20, Loss: 13959.961041, Cycle Loss:, 1890.991843, MSE: 1144329.955859, RMSE: 1069.733591, MAE: 556.219227, rot_MSE: 2275856.250000, rot_RMSE: 1508.594116, rot_MAE: 1308.418579, trans_MSE: 12068.803711, trans_RMSE: 109.858109, trans_MAE: 62.328705
B--------->A
EPOCH:: 20, Loss: 13959.961041, MSE: 1139592.167578, RMSE: 1067.516823, MAE: 552.451175, rot_MSE: 2277936.750000, rot_RMSE: 1509.283569, rot_MAE: 1308.748779, trans_MSE: 5307.187500, trans_RMSE: 72.850449, trans_MAE: 44.203468
==TEST==
A--------->B
EPOCH:: 20, Loss: 70331.496045, Cycle Loss: 9079.371054, MSE: 1320676.841361, RMSE: 1149.207049, MAE: 564.008464, rot_MSE: 2212121.000000, rot_RMSE: 1487.320068, rot_MAE: 1275.720947, trans_MSE: 61251.957031, trans_RMSE: 247.491333, trans_MAE: 112.776169
B--------->A
EPOCH:: 20, Loss: 70331.496045, MSE: 1292220.106147, RMSE: 1136.758596, MAE: 566.675372, rot_MSE: 2210723.500000, rot_RMSE: 1486.850220, rot_MAE: 1274.804199, trans_MSE: 24441.248047, trans_RMSE: 156.336975, trans_MAE: 66.743179
==BEST TEST==
A--------->B
EPOCH:: 20, Loss: 49335.276094, Cycle Loss: 6414.991509, MSE: 1305998.488443, RMSE: 1142.802909, MAE: 564.343213, rot_MSE: 2212534.750000, rot_RMSE: 1487.459106, rot_MAE: 1275.923218, trans_MSE: 42920.117188, trans_RMSE: 207.171707, trans_MAE: 102.529335
B--------->A
EPOCH:: 20, Loss: 49335.276094, MSE: 1298951.457580, RMSE: 1139.715516, MAE: 565.819374, rot_MSE: 2210527.000000, rot_RMSE: 1486.784058, rot_MAE: 1274.984863, trans_MSE: 33961.191406, trans_RMSE: 184.285629, trans_MAE: 70.788300
==TRAIN==
A--------->B
EPOCH:: 21, Loss: 10671.408004, Cycle Loss:, 1635.415297, MSE: 1119172.543229, RMSE: 1057.909516, MAE: 552.981500, rot_MSE: 2272409.000000, rot_RMSE: 1507.451172, rot_MAE: 1307.251587, trans_MSE: 9035.821289, trans_RMSE: 95.056938, trans_MAE: 57.018192
B--------->A
EPOCH:: 21, Loss: 10671.408004, MSE: 1116633.049349, RMSE: 1056.708592, MAE: 550.218468, rot_MSE: 2273809.000000, rot_RMSE: 1507.915405, rot_MAE: 1307.467896, trans_MSE: 6203.564453, trans_RMSE: 78.762711, trans_MAE: 42.085087
==TEST==
A--------->B
EPOCH:: 21, Loss: 85337.915304, Cycle Loss: 9552.216534, MSE: 1331433.040483, RMSE: 1153.877394, MAE: 561.081115, rot_MSE: 2214051.500000, rot_RMSE: 1487.968872, rot_MAE: 1276.422729, trans_MSE: 75785.523438, trans_RMSE: 275.291718, trans_MAE: 114.690773
B--------->A
EPOCH:: 21, Loss: 85337.915304, MSE: 1294406.722430, RMSE: 1137.719967, MAE: 565.413227, rot_MSE: 2212004.250000, rot_RMSE: 1487.280884, rot_MAE: 1275.342773, trans_MSE: 28054.724609, trans_RMSE: 167.495453, trans_MAE: 58.438915
==BEST TEST==
A--------->B
EPOCH:: 21, Loss: 49335.276094, Cycle Loss: 6414.991509, MSE: 1305998.488443, RMSE: 1142.802909, MAE: 564.343213, rot_MSE: 2212534.750000, rot_RMSE: 1487.459106, rot_MAE: 1275.923218, trans_MSE: 42920.117188, trans_RMSE: 207.171707, trans_MAE: 102.529335
B--------->A
EPOCH:: 21, Loss: 49335.276094, MSE: 1298951.457580, RMSE: 1139.715516, MAE: 565.819374, rot_MSE: 2210527.000000, rot_RMSE: 1486.784058, rot_MAE: 1274.984863, trans_MSE: 33961.191406, trans_RMSE: 184.285629, trans_MAE: 70.788300
==TRAIN==
A--------->B
EPOCH:: 22, Loss: 8779.349569, Cycle Loss:, 1146.696569, MSE: 1153257.184245, RMSE: 1073.898126, MAE: 559.306372, rot_MSE: 2277659.500000, rot_RMSE: 1509.191650, rot_MAE: 1308.791260, trans_MSE: 7632.482422, trans_RMSE: 87.364082, trans_MAE: 53.533539
B--------->A
EPOCH:: 22, Loss: 8779.349569, MSE: 1149986.858724, RMSE: 1072.374402, MAE: 556.078448, rot_MSE: 2278290.750000, rot_RMSE: 1509.400757, rot_MAE: 1308.988159, trans_MSE: 3465.035400, trans_RMSE: 58.864552, trans_MAE: 39.642178
==TEST==
A--------->B
EPOCH:: 22, Loss: 35070.155515, Cycle Loss: 4257.687882, MSE: 1297535.508394, RMSE: 1139.094161, MAE: 561.792307, rot_MSE: 2211685.250000, rot_RMSE: 1487.173584, rot_MAE: 1275.724243, trans_MSE: 30812.302734, trans_RMSE: 175.534332, trans_MAE: 85.892700
B--------->A
EPOCH:: 22, Loss: 35070.155515, MSE: 1286019.352596, RMSE: 1134.027933, MAE: 563.863089, rot_MSE: 2210546.500000, rot_RMSE: 1486.790649, rot_MAE: 1274.771729, trans_MSE: 16530.304688, trans_RMSE: 128.570236, trans_MAE: 53.416813
==BEST TEST==
A--------->B
EPOCH:: 22, Loss: 35070.155515, Cycle Loss: 4257.687882, MSE: 1297535.508394, RMSE: 1139.094161, MAE: 561.792307, rot_MSE: 2211685.250000, rot_RMSE: 1487.173584, rot_MAE: 1275.724243, trans_MSE: 30812.302734, trans_RMSE: 175.534332, trans_MAE: 85.892700
B--------->A
EPOCH:: 22, Loss: 35070.155515, MSE: 1286019.352596, RMSE: 1134.027933, MAE: 563.863089, rot_MSE: 2210546.500000, rot_RMSE: 1486.790649, rot_MAE: 1274.771729, trans_MSE: 16530.304688, trans_RMSE: 128.570236, trans_MAE: 53.416813
==TRAIN==
A--------->B
EPOCH:: 23, Loss: 23071.748629, Cycle Loss:, 2430.916440, MSE: 1162189.014844, RMSE: 1078.048707, MAE: 559.834334, rot_MSE: 2267498.250000, rot_RMSE: 1505.821411, rot_MAE: 1305.750610, trans_MSE: 20640.658203, trans_RMSE: 143.668564, trans_MAE: 73.245590
B--------->A
EPOCH:: 23, Loss: 23071.748629, MSE: 1149904.880469, RMSE: 1072.336179, MAE: 557.049514, rot_MSE: 2269340.000000, rot_RMSE: 1506.432861, rot_MAE: 1305.998657, trans_MSE: 4283.687988, trans_RMSE: 65.449890, trans_MAE: 43.305866
==TEST==
A--------->B
EPOCH:: 23, Loss: 161296.540264, Cycle Loss: 19907.336309, MSE: 1380531.452802, RMSE: 1174.960192, MAE: 564.800832, rot_MSE: 2210632.000000, rot_RMSE: 1486.819458, rot_MAE: 1275.069946, trans_MSE: 141389.031250, trans_RMSE: 376.017334, trans_MAE: 136.523270
B--------->A
EPOCH:: 23, Loss: 161296.540264, MSE: 1311533.657606, RMSE: 1145.222100, MAE: 569.076135, rot_MSE: 2210854.750000, rot_RMSE: 1486.894287, rot_MAE: 1274.909912, trans_MSE: 50403.453125, trans_RMSE: 224.507141, trans_MAE: 75.033813
==BEST TEST==
A--------->B
EPOCH:: 23, Loss: 35070.155515, Cycle Loss: 4257.687882, MSE: 1297535.508394, RMSE: 1139.094161, MAE: 561.792307, rot_MSE: 2211685.250000, rot_RMSE: 1487.173584, rot_MAE: 1275.724243, trans_MSE: 30812.302734, trans_RMSE: 175.534332, trans_MAE: 85.892700
B--------->A
EPOCH:: 23, Loss: 35070.155515, MSE: 1286019.352596, RMSE: 1134.027933, MAE: 563.863089, rot_MSE: 2210546.500000, rot_RMSE: 1486.790649, rot_MAE: 1274.771729, trans_MSE: 16530.304688, trans_RMSE: 128.570236, trans_MAE: 53.416813
==TRAIN==
A--------->B
EPOCH:: 24, Loss: 13299.814638, Cycle Loss:, 1743.310529, MSE: 1155816.052148, RMSE: 1075.088858, MAE: 560.138756, rot_MSE: 2275217.250000, rot_RMSE: 1508.382324, rot_MAE: 1308.093750, trans_MSE: 11556.333008, trans_RMSE: 107.500389, trans_MAE: 60.335800
B--------->A
EPOCH:: 24, Loss: 13299.814638, MSE: 1151130.927214, RMSE: 1072.907697, MAE: 556.033613, rot_MSE: 2276537.250000, rot_RMSE: 1508.819824, rot_MAE: 1308.211792, trans_MSE: 5103.381348, trans_RMSE: 71.437958, trans_MAE: 40.584267
==TEST==
A--------->B
EPOCH:: 24, Loss: 75519.394866, Cycle Loss: 8557.313790, MSE: 1324449.361570, RMSE: 1150.847236, MAE: 561.901316, rot_MSE: 2210633.250000, rot_RMSE: 1486.819824, rot_MAE: 1274.707397, trans_MSE: 66961.906250, trans_RMSE: 258.769989, trans_MAE: 107.058929
B--------->A
EPOCH:: 24, Loss: 75519.394866, MSE: 1307700.808497, RMSE: 1143.547467, MAE: 566.754911, rot_MSE: 2209557.500000, rot_RMSE: 1486.458008, rot_MAE: 1274.129639, trans_MSE: 47007.144531, trans_RMSE: 216.811310, trans_MAE: 68.897491
==BEST TEST==
A--------->B
EPOCH:: 24, Loss: 35070.155515, Cycle Loss: 4257.687882, MSE: 1297535.508394, RMSE: 1139.094161, MAE: 561.792307, rot_MSE: 2211685.250000, rot_RMSE: 1487.173584, rot_MAE: 1275.724243, trans_MSE: 30812.302734, trans_RMSE: 175.534332, trans_MAE: 85.892700
B--------->A
EPOCH:: 24, Loss: 35070.155515, MSE: 1286019.352596, RMSE: 1134.027933, MAE: 563.863089, rot_MSE: 2210546.500000, rot_RMSE: 1486.790649, rot_MAE: 1274.771729, trans_MSE: 16530.304688, trans_RMSE: 128.570236, trans_MAE: 53.416813
==TRAIN==
A--------->B
EPOCH:: 25, Loss: 12719.879875, Cycle Loss:, 1643.813262, MSE: 1129712.713281, RMSE: 1062.879444, MAE: 553.418237, rot_MSE: 2273545.250000, rot_RMSE: 1507.828003, rot_MAE: 1308.055786, trans_MSE: 11075.900391, trans_RMSE: 105.242104, trans_MAE: 57.381069
B--------->A
EPOCH:: 25, Loss: 12719.879875, MSE: 1124117.210807, RMSE: 1060.243939, MAE: 550.547696, rot_MSE: 2274404.000000, rot_RMSE: 1508.112671, rot_MAE: 1307.773560, trans_MSE: 3628.398926, trans_RMSE: 60.236195, trans_MAE: 40.196434
==TEST==
A--------->B
EPOCH:: 25, Loss: 29493.035880, Cycle Loss: 3508.687420, MSE: 1293124.532606, RMSE: 1137.156336, MAE: 559.408026, rot_MSE: 2207731.750000, rot_RMSE: 1485.843750, rot_MAE: 1273.971680, trans_MSE: 25984.193359, trans_RMSE: 161.196136, trans_MAE: 83.283066
B--------->A
EPOCH:: 25, Loss: 29493.035880, MSE: 1283048.070442, RMSE: 1132.717118, MAE: 562.793315, rot_MSE: 2207133.250000, rot_RMSE: 1485.642334, rot_MAE: 1273.632812, trans_MSE: 12550.337891, trans_RMSE: 112.028290, trans_MAE: 53.670391
==BEST TEST==
A--------->B
EPOCH:: 25, Loss: 29493.035880, Cycle Loss: 3508.687420, MSE: 1293124.532606, RMSE: 1137.156336, MAE: 559.408026, rot_MSE: 2207731.750000, rot_RMSE: 1485.843750, rot_MAE: 1273.971680, trans_MSE: 25984.193359, trans_RMSE: 161.196136, trans_MAE: 83.283066
B--------->A
EPOCH:: 25, Loss: 29493.035880, MSE: 1283048.070442, RMSE: 1132.717118, MAE: 562.793315, rot_MSE: 2207133.250000, rot_RMSE: 1485.642334, rot_MAE: 1273.632812, trans_MSE: 12550.337891, trans_RMSE: 112.028290, trans_MAE: 53.670391
==TRAIN==
A--------->B
EPOCH:: 26, Loss: 7416.423774, Cycle Loss:, 1072.964078, MSE: 1139757.735742, RMSE: 1067.594369, MAE: 555.910143, rot_MSE: 2277993.500000, rot_RMSE: 1509.302368, rot_MAE: 1310.055542, trans_MSE: 6343.292969, trans_RMSE: 79.644791, trans_MAE: 48.820618
B--------->A
EPOCH:: 26, Loss: 7416.423774, MSE: 1137619.076367, RMSE: 1066.592273, MAE: 553.598846, rot_MSE: 2279685.250000, rot_RMSE: 1509.862671, rot_MAE: 1310.214600, trans_MSE: 3556.496826, trans_RMSE: 59.636372, trans_MAE: 38.946396
==TEST==
A--------->B
EPOCH:: 26, Loss: 46024.120236, Cycle Loss: 5245.119700, MSE: 1304412.972753, RMSE: 1142.109002, MAE: 559.841477, rot_MSE: 2209446.500000, rot_RMSE: 1486.420654, rot_MAE: 1274.699097, trans_MSE: 40778.832031, trans_RMSE: 201.937698, trans_MAE: 84.034462
B--------->A
EPOCH:: 26, Loss: 46024.120236, MSE: 1289439.510976, RMSE: 1135.534901, MAE: 565.446290, rot_MSE: 2207347.250000, rot_RMSE: 1485.714355, rot_MAE: 1273.601562, trans_MSE: 22123.441406, trans_RMSE: 148.739502, trans_MAE: 57.186691
==BEST TEST==
A--------->B
EPOCH:: 26, Loss: 29493.035880, Cycle Loss: 3508.687420, MSE: 1293124.532606, RMSE: 1137.156336, MAE: 559.408026, rot_MSE: 2207731.750000, rot_RMSE: 1485.843750, rot_MAE: 1273.971680, trans_MSE: 25984.193359, trans_RMSE: 161.196136, trans_MAE: 83.283066
B--------->A
EPOCH:: 26, Loss: 29493.035880, MSE: 1283048.070442, RMSE: 1132.717118, MAE: 562.793315, rot_MSE: 2207133.250000, rot_RMSE: 1485.642334, rot_MAE: 1273.632812, trans_MSE: 12550.337891, trans_RMSE: 112.028290, trans_MAE: 53.670391
==TRAIN==
A--------->B
EPOCH:: 27, Loss: 6532.960389, Cycle Loss:, 882.549954, MSE: 1152129.975000, RMSE: 1073.373176, MAE: 559.877120, rot_MSE: 2273880.750000, rot_RMSE: 1507.939209, rot_MAE: 1308.285278, trans_MSE: 5650.248047, trans_RMSE: 75.168129, trans_MAE: 47.372700
B--------->A
EPOCH:: 27, Loss: 6532.960389, MSE: 1149885.406836, RMSE: 1072.327099, MAE: 556.469006, rot_MSE: 2274916.250000, rot_RMSE: 1508.282593, rot_MAE: 1308.170654, trans_MSE: 2710.691650, trans_RMSE: 52.064304, trans_MAE: 35.557800
==TEST==
A--------->B
EPOCH:: 27, Loss: 40972.825487, Cycle Loss: 5170.880441, MSE: 1300452.247934, RMSE: 1140.373732, MAE: 559.676278, rot_MSE: 2209620.000000, rot_RMSE: 1486.479004, rot_MAE: 1274.617554, trans_MSE: 35801.781250, trans_RMSE: 189.213593, trans_MAE: 80.791527
B--------->A
EPOCH:: 27, Loss: 40972.825487, MSE: 1290260.135008, RMSE: 1135.896181, MAE: 567.323279, rot_MSE: 2207640.500000, rot_RMSE: 1485.813110, rot_MAE: 1273.619629, trans_MSE: 23419.230469, trans_RMSE: 153.033432, trans_MAE: 58.889969
==BEST TEST==
A--------->B
EPOCH:: 27, Loss: 29493.035880, Cycle Loss: 3508.687420, MSE: 1293124.532606, RMSE: 1137.156336, MAE: 559.408026, rot_MSE: 2207731.750000, rot_RMSE: 1485.843750, rot_MAE: 1273.971680, trans_MSE: 25984.193359, trans_RMSE: 161.196136, trans_MAE: 83.283066
B--------->A
EPOCH:: 27, Loss: 29493.035880, MSE: 1283048.070442, RMSE: 1132.717118, MAE: 562.793315, rot_MSE: 2207133.250000, rot_RMSE: 1485.642334, rot_MAE: 1273.632812, trans_MSE: 12550.337891, trans_RMSE: 112.028290, trans_MAE: 53.670391
==TRAIN==
A--------->B
EPOCH:: 28, Loss: 4572.403021, Cycle Loss:, 669.897482, MSE: 1150708.235937, RMSE: 1072.710695, MAE: 559.390970, rot_MSE: 2275681.750000, rot_RMSE: 1508.536255, rot_MAE: 1309.296143, trans_MSE: 3902.343750, trans_RMSE: 62.468742, trans_MAE: 40.075401
B--------->A
EPOCH:: 28, Loss: 4572.403021, MSE: 1149365.996094, RMSE: 1072.084883, MAE: 555.715244, rot_MSE: 2275640.250000, rot_RMSE: 1508.522583, rot_MAE: 1309.046387, trans_MSE: 2207.032959, trans_RMSE: 46.979069, trans_MAE: 32.358528
==TEST==
A--------->B
EPOCH:: 28, Loss: 17291.114835, Cycle Loss: 2537.358227, MSE: 1284687.128745, RMSE: 1133.440395, MAE: 558.756066, rot_MSE: 2207467.750000, rot_RMSE: 1485.754883, rot_MAE: 1274.046265, trans_MSE: 14753.597656, trans_RMSE: 121.464386, trans_MAE: 63.092018
B--------->A
EPOCH:: 28, Loss: 17291.114835, MSE: 1279504.625065, RMSE: 1131.151902, MAE: 564.699633, rot_MSE: 2206083.500000, rot_RMSE: 1485.289062, rot_MAE: 1273.085449, trans_MSE: 7900.894531, trans_RMSE: 88.886978, trans_MAE: 49.096905
==BEST TEST==
A--------->B
EPOCH:: 28, Loss: 17291.114835, Cycle Loss: 2537.358227, MSE: 1284687.128745, RMSE: 1133.440395, MAE: 558.756066, rot_MSE: 2207467.750000, rot_RMSE: 1485.754883, rot_MAE: 1274.046265, trans_MSE: 14753.597656, trans_RMSE: 121.464386, trans_MAE: 63.092018
B--------->A
EPOCH:: 28, Loss: 17291.114835, MSE: 1279504.625065, RMSE: 1131.151902, MAE: 564.699633, rot_MSE: 2206083.500000, rot_RMSE: 1485.289062, rot_MAE: 1273.085449, trans_MSE: 7900.894531, trans_RMSE: 88.886978, trans_MAE: 49.096905
==TRAIN==
A--------->B
EPOCH:: 29, Loss: 5594.514370, Cycle Loss:, 755.848229, MSE: 1129378.862500, RMSE: 1062.722383, MAE: 554.960676, rot_MSE: 2276599.500000, rot_RMSE: 1508.840454, rot_MAE: 1308.928711, trans_MSE: 4838.508789, trans_RMSE: 69.559387, trans_MAE: 42.682003
B--------->A
EPOCH:: 29, Loss: 5594.514370, MSE: 1127249.385417, RMSE: 1061.720013, MAE: 551.142415, rot_MSE: 2277041.000000, rot_RMSE: 1508.986694, rot_MAE: 1308.795166, trans_MSE: 2005.901001, trans_RMSE: 44.787285, trans_MAE: 32.452866
==TEST==
A--------->B
EPOCH:: 29, Loss: 10777.064233, Cycle Loss: 1872.695993, MSE: 1280722.282800, RMSE: 1131.690012, MAE: 559.891653, rot_MSE: 2208097.250000, rot_RMSE: 1485.966797, rot_MAE: 1274.324951, trans_MSE: 8904.208984, trans_RMSE: 94.362114, trans_MAE: 58.269791
B--------->A
EPOCH:: 29, Loss: 10777.064233, MSE: 1279920.911867, RMSE: 1131.335897, MAE: 564.396608, rot_MSE: 2205597.500000, rot_RMSE: 1485.125366, rot_MAE: 1273.201050, trans_MSE: 7809.778320, trans_RMSE: 88.372948, trans_MAE: 52.746708
==BEST TEST==
A--------->B
EPOCH:: 29, Loss: 10777.064233, Cycle Loss: 1872.695993, MSE: 1280722.282800, RMSE: 1131.690012, MAE: 559.891653, rot_MSE: 2208097.250000, rot_RMSE: 1485.966797, rot_MAE: 1274.324951, trans_MSE: 8904.208984, trans_RMSE: 94.362114, trans_MAE: 58.269791
B--------->A
EPOCH:: 29, Loss: 10777.064233, MSE: 1279920.911867, RMSE: 1131.335897, MAE: 564.396608, rot_MSE: 2205597.500000, rot_RMSE: 1485.125366, rot_MAE: 1273.201050, trans_MSE: 7809.778320, trans_RMSE: 88.372948, trans_MAE: 52.746708
==TRAIN==
A--------->B
EPOCH:: 30, Loss: 4706.046876, Cycle Loss:, 649.685164, MSE: 1136371.176172, RMSE: 1066.007118, MAE: 555.482731, rot_MSE: 2266387.500000, rot_RMSE: 1505.452637, rot_MAE: 1305.930420, trans_MSE: 4056.205322, trans_RMSE: 63.688347, trans_MAE: 38.272362
B--------->A
EPOCH:: 30, Loss: 4706.046876, MSE: 1134891.093750, RMSE: 1065.312674, MAE: 552.923031, rot_MSE: 2265784.000000, rot_RMSE: 1505.252197, rot_MAE: 1305.512817, trans_MSE: 2096.428223, trans_RMSE: 45.786770, trans_MAE: 32.960434
==TEST==
A--------->B
EPOCH:: 30, Loss: 17611.630168, Cycle Loss: 3513.302578, MSE: 1284994.962552, RMSE: 1133.576183, MAE: 561.350024, rot_MSE: 2212088.500000, rot_RMSE: 1487.309204, rot_MAE: 1275.662476, trans_MSE: 14098.154297, trans_RMSE: 118.735649, trans_MAE: 57.710453
B--------->A
EPOCH:: 30, Loss: 17611.630168, MSE: 1288491.207257, RMSE: 1135.117266, MAE: 565.685118, rot_MSE: 2207315.000000, rot_RMSE: 1485.703491, rot_MAE: 1273.786865, trans_MSE: 19951.808594, trans_RMSE: 141.250870, trans_MAE: 51.617210
==BEST TEST==
A--------->B
EPOCH:: 30, Loss: 10777.064233, Cycle Loss: 1872.695993, MSE: 1280722.282800, RMSE: 1131.690012, MAE: 559.891653, rot_MSE: 2208097.250000, rot_RMSE: 1485.966797, rot_MAE: 1274.324951, trans_MSE: 8904.208984, trans_RMSE: 94.362114, trans_MAE: 58.269791
B--------->A
EPOCH:: 30, Loss: 10777.064233, MSE: 1279920.911867, RMSE: 1131.335897, MAE: 564.396608, rot_MSE: 2205597.500000, rot_RMSE: 1485.125366, rot_MAE: 1273.201050, trans_MSE: 7809.778320, trans_RMSE: 88.372948, trans_MAE: 52.746708
==TRAIN==
A--------->B
EPOCH:: 31, Loss: 2564.715341, Cycle Loss:, 396.923626, MSE: 1149787.188802, RMSE: 1072.281301, MAE: 559.088506, rot_MSE: 2264138.250000, rot_RMSE: 1504.705322, rot_MAE: 1304.730591, trans_MSE: 2167.631348, trans_RMSE: 46.557827, trans_MAE: 31.888639
B--------->A
EPOCH:: 31, Loss: 2564.715341, MSE: 1149449.659115, RMSE: 1072.123901, MAE: 555.754197, rot_MSE: 2264976.250000, rot_RMSE: 1504.983765, rot_MAE: 1304.789551, trans_MSE: 1553.693115, trans_RMSE: 39.416916, trans_MAE: 27.907938
==TEST==
A--------->B
EPOCH:: 31, Loss: 10965.304807, Cycle Loss: 1759.222965, MSE: 1281052.876872, RMSE: 1131.836064, MAE: 560.240948, rot_MSE: 2209378.500000, rot_RMSE: 1486.397827, rot_MAE: 1274.796143, trans_MSE: 9205.910156, trans_RMSE: 95.947433, trans_MAE: 52.086422
B--------->A
EPOCH:: 31, Loss: 10965.304807, MSE: 1278535.682916, RMSE: 1130.723522, MAE: 564.027742, rot_MSE: 2205482.750000, rot_RMSE: 1485.086792, rot_MAE: 1273.157593, trans_MSE: 5920.663086, trans_RMSE: 76.945847, trans_MAE: 41.361591
==BEST TEST==
A--------->B
EPOCH:: 31, Loss: 10777.064233, Cycle Loss: 1872.695993, MSE: 1280722.282800, RMSE: 1131.690012, MAE: 559.891653, rot_MSE: 2208097.250000, rot_RMSE: 1485.966797, rot_MAE: 1274.324951, trans_MSE: 8904.208984, trans_RMSE: 94.362114, trans_MAE: 58.269791
B--------->A
EPOCH:: 31, Loss: 10777.064233, MSE: 1279920.911867, RMSE: 1131.335897, MAE: 564.396608, rot_MSE: 2205597.500000, rot_RMSE: 1485.125366, rot_MAE: 1273.201050, trans_MSE: 7809.778320, trans_RMSE: 88.372948, trans_MAE: 52.746708
==TRAIN==
A--------->B
EPOCH:: 32, Loss: 2221.249519, Cycle Loss:, 334.218301, MSE: 1150082.554427, RMSE: 1072.419020, MAE: 559.654535, rot_MSE: 2262167.500000, rot_RMSE: 1504.050415, rot_MAE: 1304.017822, trans_MSE: 1886.877808, trans_RMSE: 43.438206, trans_MAE: 28.614534
B--------->A
EPOCH:: 32, Loss: 2221.249519, MSE: 1149695.305078, RMSE: 1072.238455, MAE: 555.940922, rot_MSE: 2262140.500000, rot_RMSE: 1504.041382, rot_MAE: 1303.866455, trans_MSE: 1342.169434, trans_RMSE: 36.635632, trans_MAE: 26.800356
==TEST==
A--------->B
EPOCH:: 32, Loss: 7202.248861, Cycle Loss: 1113.912059, MSE: 1278593.074832, RMSE: 1130.748900, MAE: 560.404305, rot_MSE: 2208664.250000, rot_RMSE: 1486.157593, rot_MAE: 1274.668823, trans_MSE: 6088.172363, trans_RMSE: 78.026741, trans_MAE: 47.641884
B--------->A
EPOCH:: 32, Loss: 7202.248861, MSE: 1276740.272469, RMSE: 1129.929322, MAE: 562.815059, rot_MSE: 2204450.250000, rot_RMSE: 1484.739136, rot_MAE: 1272.759155, trans_MSE: 3463.933838, trans_RMSE: 58.855194, trans_MAE: 39.712418
==BEST TEST==
A--------->B
EPOCH:: 32, Loss: 7202.248861, Cycle Loss: 1113.912059, MSE: 1278593.074832, RMSE: 1130.748900, MAE: 560.404305, rot_MSE: 2208664.250000, rot_RMSE: 1486.157593, rot_MAE: 1274.668823, trans_MSE: 6088.172363, trans_RMSE: 78.026741, trans_MAE: 47.641884
B--------->A
EPOCH:: 32, Loss: 7202.248861, MSE: 1276740.272469, RMSE: 1129.929322, MAE: 562.815059, rot_MSE: 2204450.250000, rot_RMSE: 1484.739136, rot_MAE: 1272.759155, trans_MSE: 3463.933838, trans_RMSE: 58.855194, trans_MAE: 39.712418
==TRAIN==
A--------->B
EPOCH:: 33, Loss: 1737.724969, Cycle Loss:, 255.620430, MSE: 1148779.069792, RMSE: 1071.811117, MAE: 559.147171, rot_MSE: 2267264.750000, rot_RMSE: 1505.743896, rot_MAE: 1306.139282, trans_MSE: 1481.948608, trans_RMSE: 38.496086, trans_MAE: 26.176220
B--------->A
EPOCH:: 33, Loss: 1737.724969, MSE: 1148613.894792, RMSE: 1071.734060, MAE: 555.713604, rot_MSE: 2266988.750000, rot_RMSE: 1505.652222, rot_MAE: 1305.778809, trans_MSE: 1228.483154, trans_RMSE: 35.049725, trans_MAE: 24.882053
==TEST==
A--------->B
EPOCH:: 33, Loss: 9977.950511, Cycle Loss: 1648.307420, MSE: 1280784.513494, RMSE: 1131.717506, MAE: 560.419943, rot_MSE: 2209054.250000, rot_RMSE: 1486.288696, rot_MAE: 1274.790161, trans_MSE: 8329.476562, trans_RMSE: 91.265968, trans_MAE: 47.492172
B--------->A
EPOCH:: 33, Loss: 9977.950511, MSE: 1279274.684401, RMSE: 1131.050257, MAE: 561.362157, rot_MSE: 2204263.750000, rot_RMSE: 1484.676270, rot_MAE: 1272.729492, trans_MSE: 6396.801758, trans_RMSE: 79.980011, trans_MAE: 38.907784
==BEST TEST==
A--------->B
EPOCH:: 33, Loss: 7202.248861, Cycle Loss: 1113.912059, MSE: 1278593.074832, RMSE: 1130.748900, MAE: 560.404305, rot_MSE: 2208664.250000, rot_RMSE: 1486.157593, rot_MAE: 1274.668823, trans_MSE: 6088.172363, trans_RMSE: 78.026741, trans_MAE: 47.641884
B--------->A
EPOCH:: 33, Loss: 7202.248861, MSE: 1276740.272469, RMSE: 1129.929322, MAE: 562.815059, rot_MSE: 2204450.250000, rot_RMSE: 1484.739136, rot_MAE: 1272.759155, trans_MSE: 3463.933838, trans_RMSE: 58.855194, trans_MAE: 39.712418
==TRAIN==
A--------->B
EPOCH:: 34, Loss: 1846.874081, Cycle Loss:, 282.745886, MSE: 1138238.737370, RMSE: 1066.882720, MAE: 556.528862, rot_MSE: 2273365.000000, rot_RMSE: 1507.768188, rot_MAE: 1308.534302, trans_MSE: 1563.973999, trans_RMSE: 39.547112, trans_MAE: 25.097902
B--------->A
EPOCH:: 34, Loss: 1846.874081, MSE: 1138093.471224, RMSE: 1066.814638, MAE: 553.210625, rot_MSE: 2272561.750000, rot_RMSE: 1507.501831, rot_MAE: 1308.011841, trans_MSE: 1248.766479, trans_RMSE: 35.337891, trans_MAE: 25.042089
==TEST==
A--------->B
EPOCH:: 34, Loss: 16630.969824, Cycle Loss: 2635.371164, MSE: 1285198.935111, RMSE: 1133.666148, MAE: 560.756900, rot_MSE: 2209334.250000, rot_RMSE: 1486.382935, rot_MAE: 1274.968140, trans_MSE: 13995.430664, trans_RMSE: 118.302284, trans_MAE: 50.056835
B--------->A
EPOCH:: 34, Loss: 16630.969824, MSE: 1282367.802751, RMSE: 1132.416797, MAE: 562.290471, rot_MSE: 2204315.750000, rot_RMSE: 1484.693848, rot_MAE: 1273.055298, trans_MSE: 10235.655273, trans_RMSE: 101.171417, trans_MAE: 40.655807
==BEST TEST==
A--------->B
EPOCH:: 34, Loss: 7202.248861, Cycle Loss: 1113.912059, MSE: 1278593.074832, RMSE: 1130.748900, MAE: 560.404305, rot_MSE: 2208664.250000, rot_RMSE: 1486.157593, rot_MAE: 1274.668823, trans_MSE: 6088.172363, trans_RMSE: 78.026741, trans_MAE: 47.641884
B--------->A
EPOCH:: 34, Loss: 7202.248861, MSE: 1276740.272469, RMSE: 1129.929322, MAE: 562.815059, rot_MSE: 2204450.250000, rot_RMSE: 1484.739136, rot_MAE: 1272.759155, trans_MSE: 3463.933838, trans_RMSE: 58.855194, trans_MAE: 39.712418
==TRAIN==
A--------->B
EPOCH:: 35, Loss: 1610.669243, Cycle Loss:, 230.446050, MSE: 1148201.923698, RMSE: 1071.541844, MAE: 558.655935, rot_MSE: 2267221.500000, rot_RMSE: 1505.729614, rot_MAE: 1305.437622, trans_MSE: 1380.070923, trans_RMSE: 37.149307, trans_MAE: 23.945324
B--------->A
EPOCH:: 35, Loss: 1610.669243, MSE: 1147878.050911, RMSE: 1071.390709, MAE: 555.741512, rot_MSE: 2266139.250000, rot_RMSE: 1505.370117, rot_MAE: 1304.910278, trans_MSE: 1001.790955, trans_RMSE: 31.651081, trans_MAE: 22.690115
==TEST==
A--------->B
EPOCH:: 35, Loss: 8426.948192, Cycle Loss: 1318.573243, MSE: 1279460.634879, RMSE: 1131.132457, MAE: 560.768971, rot_MSE: 2208273.500000, rot_RMSE: 1486.026123, rot_MAE: 1274.348999, trans_MSE: 7108.201172, trans_RMSE: 84.310150, trans_MAE: 48.090897
B--------->A
EPOCH:: 35, Loss: 8426.948192, MSE: 1277630.776666, RMSE: 1130.323306, MAE: 562.297157, rot_MSE: 2202944.000000, rot_RMSE: 1484.231812, rot_MAE: 1272.443359, trans_MSE: 4380.243164, trans_RMSE: 66.183403, trans_MAE: 38.522865
==BEST TEST==
A--------->B
EPOCH:: 35, Loss: 7202.248861, Cycle Loss: 1113.912059, MSE: 1278593.074832, RMSE: 1130.748900, MAE: 560.404305, rot_MSE: 2208664.250000, rot_RMSE: 1486.157593, rot_MAE: 1274.668823, trans_MSE: 6088.172363, trans_RMSE: 78.026741, trans_MAE: 47.641884
B--------->A
EPOCH:: 35, Loss: 7202.248861, MSE: 1276740.272469, RMSE: 1129.929322, MAE: 562.815059, rot_MSE: 2204450.250000, rot_RMSE: 1484.739136, rot_MAE: 1272.759155, trans_MSE: 3463.933838, trans_RMSE: 58.855194, trans_MAE: 39.712418
==TRAIN==
A--------->B
EPOCH:: 36, Loss: 2748.260960, Cycle Loss:, 362.402205, MSE: 1139201.654232, RMSE: 1067.333900, MAE: 555.936683, rot_MSE: 2268186.750000, rot_RMSE: 1506.050049, rot_MAE: 1306.486206, trans_MSE: 2385.711182, trans_RMSE: 48.843742, trans_MAE: 26.748768
B--------->A
EPOCH:: 36, Loss: 2748.260960, MSE: 1138296.275977, RMSE: 1066.909685, MAE: 552.588848, rot_MSE: 2269592.500000, rot_RMSE: 1506.516724, rot_MAE: 1306.594849, trans_MSE: 1153.291260, trans_RMSE: 33.960144, trans_MAE: 23.901196
==TEST==
A--------->B
EPOCH:: 36, Loss: 7047.862981, Cycle Loss: 1124.733967, MSE: 1278734.503809, RMSE: 1130.811436, MAE: 561.793968, rot_MSE: 2203766.500000, rot_RMSE: 1484.508789, rot_MAE: 1272.981201, trans_MSE: 5922.951660, trans_RMSE: 76.960716, trans_MAE: 52.590843
B--------->A
EPOCH:: 36, Loss: 7047.862981, MSE: 1277837.184853, RMSE: 1130.414608, MAE: 563.643374, rot_MSE: 2205146.750000, rot_RMSE: 1484.973633, rot_MAE: 1273.401489, trans_MSE: 4165.365234, trans_RMSE: 64.539642, trans_MAE: 44.803890
==BEST TEST==
A--------->B
EPOCH:: 36, Loss: 7047.862981, Cycle Loss: 1124.733967, MSE: 1278734.503809, RMSE: 1130.811436, MAE: 561.793968, rot_MSE: 2203766.500000, rot_RMSE: 1484.508789, rot_MAE: 1272.981201, trans_MSE: 5922.951660, trans_RMSE: 76.960716, trans_MAE: 52.590843
B--------->A
EPOCH:: 36, Loss: 7047.862981, MSE: 1277837.184853, RMSE: 1130.414608, MAE: 563.643374, rot_MSE: 2205146.750000, rot_RMSE: 1484.973633, rot_MAE: 1273.401489, trans_MSE: 4165.365234, trans_RMSE: 64.539642, trans_MAE: 44.803890
==TRAIN==
A--------->B
EPOCH:: 37, Loss: 2153.845335, Cycle Loss:, 352.860725, MSE: 1148813.693359, RMSE: 1071.827268, MAE: 558.791604, rot_MSE: 2268391.000000, rot_RMSE: 1506.117798, rot_MAE: 1307.003174, trans_MSE: 1800.840942, trans_RMSE: 42.436317, trans_MAE: 24.870335
B--------->A
EPOCH:: 37, Loss: 2153.845335, MSE: 1148598.722526, RMSE: 1071.726981, MAE: 555.530056, rot_MSE: 2270608.000000, rot_RMSE: 1506.853638, rot_MAE: 1307.321411, trans_MSE: 1549.700928, trans_RMSE: 39.366241, trans_MAE: 25.235443
==TEST==
A--------->B
EPOCH:: 37, Loss: 8399.309664, Cycle Loss: 1310.139818, MSE: 1279584.747224, RMSE: 1131.187317, MAE: 561.913026, rot_MSE: 2203292.250000, rot_RMSE: 1484.349121, rot_MAE: 1272.941406, trans_MSE: 7088.978027, trans_RMSE: 84.196068, trans_MAE: 53.342125
B--------->A
EPOCH:: 37, Loss: 8399.309664, MSE: 1278617.330514, RMSE: 1130.759625, MAE: 561.758754, rot_MSE: 2204174.500000, rot_RMSE: 1484.646240, rot_MAE: 1273.403076, trans_MSE: 5295.452637, trans_RMSE: 72.769859, trans_MAE: 48.853394
==BEST TEST==
A--------->B
EPOCH:: 37, Loss: 7047.862981, Cycle Loss: 1124.733967, MSE: 1278734.503809, RMSE: 1130.811436, MAE: 561.793968, rot_MSE: 2203766.500000, rot_RMSE: 1484.508789, rot_MAE: 1272.981201, trans_MSE: 5922.951660, trans_RMSE: 76.960716, trans_MAE: 52.590843
B--------->A
EPOCH:: 37, Loss: 7047.862981, MSE: 1277837.184853, RMSE: 1130.414608, MAE: 563.643374, rot_MSE: 2205146.750000, rot_RMSE: 1484.973633, rot_MAE: 1273.401489, trans_MSE: 4165.365234, trans_RMSE: 64.539642, trans_MAE: 44.803890
==TRAIN==
A--------->B
EPOCH:: 38, Loss: 2110.731975, Cycle Loss:, 318.886614, MSE: 1148549.017578, RMSE: 1071.703792, MAE: 558.435782, rot_MSE: 2264384.750000, rot_RMSE: 1504.787231, rot_MAE: 1305.078125, trans_MSE: 1791.701904, trans_RMSE: 42.328499, trans_MAE: 26.035124
B--------->A
EPOCH:: 38, Loss: 2110.731975, MSE: 1148178.539062, RMSE: 1071.530932, MAE: 555.132026, rot_MSE: 2266116.500000, rot_RMSE: 1505.362549, rot_MAE: 1305.174683, trans_MSE: 1190.772217, trans_RMSE: 34.507568, trans_MAE: 23.292133
==TEST==
A--------->B
EPOCH:: 38, Loss: 10523.710153, Cycle Loss: 1867.507556, MSE: 1280363.960808, RMSE: 1131.531688, MAE: 561.430957, rot_MSE: 2201477.000000, rot_RMSE: 1483.737549, rot_MAE: 1272.583618, trans_MSE: 8656.029297, trans_RMSE: 93.037781, trans_MAE: 47.648075
B--------->A
EPOCH:: 38, Loss: 10523.710153, MSE: 1279154.809982, RMSE: 1130.997263, MAE: 557.669463, rot_MSE: 2203056.750000, rot_RMSE: 1484.269775, rot_MAE: 1273.166016, trans_MSE: 6531.601074, trans_RMSE: 80.818321, trans_MAE: 39.803493
==BEST TEST==
A--------->B
EPOCH:: 38, Loss: 7047.862981, Cycle Loss: 1124.733967, MSE: 1278734.503809, RMSE: 1130.811436, MAE: 561.793968, rot_MSE: 2203766.500000, rot_RMSE: 1484.508789, rot_MAE: 1272.981201, trans_MSE: 5922.951660, trans_RMSE: 76.960716, trans_MAE: 52.590843
B--------->A
EPOCH:: 38, Loss: 7047.862981, MSE: 1277837.184853, RMSE: 1130.414608, MAE: 563.643374, rot_MSE: 2205146.750000, rot_RMSE: 1484.973633, rot_MAE: 1273.401489, trans_MSE: 4165.365234, trans_RMSE: 64.539642, trans_MAE: 44.803890
==TRAIN==
A--------->B
EPOCH:: 39, Loss: 1092.257599, Cycle Loss:, 176.026820, MSE: 1149145.151758, RMSE: 1071.981880, MAE: 559.168821, rot_MSE: 2265138.500000, rot_RMSE: 1505.037720, rot_MAE: 1305.134277, trans_MSE: 916.080200, trans_RMSE: 30.266817, trans_MAE: 20.468891
B--------->A
EPOCH:: 39, Loss: 1092.257599, MSE: 1149094.673828, RMSE: 1071.958336, MAE: 555.591860, rot_MSE: 2266363.500000, rot_RMSE: 1505.444580, rot_MAE: 1305.336792, trans_MSE: 856.025513, trans_RMSE: 29.257914, trans_MAE: 19.575382
==TEST==
A--------->B
EPOCH:: 39, Loss: 6273.087765, Cycle Loss: 941.743408, MSE: 1278055.684272, RMSE: 1130.511249, MAE: 561.055488, rot_MSE: 2203579.500000, rot_RMSE: 1484.445801, rot_MAE: 1272.832153, trans_MSE: 5331.163086, trans_RMSE: 73.014816, trans_MAE: 44.128929
B--------->A
EPOCH:: 39, Loss: 6273.087765, MSE: 1276750.097430, RMSE: 1129.933669, MAE: 557.749968, rot_MSE: 2203852.250000, rot_RMSE: 1484.537720, rot_MAE: 1272.677490, trans_MSE: 3422.063965, trans_RMSE: 58.498409, trans_MAE: 35.968578
==BEST TEST==
A--------->B
EPOCH:: 39, Loss: 6273.087765, Cycle Loss: 941.743408, MSE: 1278055.684272, RMSE: 1130.511249, MAE: 561.055488, rot_MSE: 2203579.500000, rot_RMSE: 1484.445801, rot_MAE: 1272.832153, trans_MSE: 5331.163086, trans_RMSE: 73.014816, trans_MAE: 44.128929
B--------->A
EPOCH:: 39, Loss: 6273.087765, MSE: 1276750.097430, RMSE: 1129.933669, MAE: 557.749968, rot_MSE: 2203852.250000, rot_RMSE: 1484.537720, rot_MAE: 1272.677490, trans_MSE: 3422.063965, trans_RMSE: 58.498409, trans_MAE: 35.968578
==TRAIN==
A--------->B
EPOCH:: 40, Loss: 1740.697646, Cycle Loss:, 250.405080, MSE: 1148942.245964, RMSE: 1071.887236, MAE: 558.401431, rot_MSE: 2268298.250000, rot_RMSE: 1506.087036, rot_MAE: 1305.719238, trans_MSE: 1490.148926, trans_RMSE: 38.602448, trans_MAE: 23.037071
B--------->A
EPOCH:: 40, Loss: 1740.697646, MSE: 1148601.877865, RMSE: 1071.728453, MAE: 554.112611, rot_MSE: 2269780.500000, rot_RMSE: 1506.579102, rot_MAE: 1305.973633, trans_MSE: 987.460266, trans_RMSE: 31.423880, trans_MAE: 21.256668
==TEST==
A--------->B
EPOCH:: 40, Loss: 5431.223933, Cycle Loss: 769.651306, MSE: 1277768.678913, RMSE: 1130.384306, MAE: 560.362302, rot_MSE: 2201577.000000, rot_RMSE: 1483.771240, rot_MAE: 1272.812622, trans_MSE: 4661.398926, trans_RMSE: 68.274437, trans_MAE: 42.009212
B--------->A
EPOCH:: 40, Loss: 5431.223933, MSE: 1276175.713908, RMSE: 1129.679474, MAE: 557.860054, rot_MSE: 2205115.000000, rot_RMSE: 1484.963013, rot_MAE: 1273.142944, trans_MSE: 2411.580811, trans_RMSE: 49.107849, trans_MAE: 32.092220
==BEST TEST==
A--------->B
EPOCH:: 40, Loss: 5431.223933, Cycle Loss: 769.651306, MSE: 1277768.678913, RMSE: 1130.384306, MAE: 560.362302, rot_MSE: 2201577.000000, rot_RMSE: 1483.771240, rot_MAE: 1272.812622, trans_MSE: 4661.398926, trans_RMSE: 68.274437, trans_MAE: 42.009212
B--------->A
EPOCH:: 40, Loss: 5431.223933, MSE: 1276175.713908, RMSE: 1129.679474, MAE: 557.860054, rot_MSE: 2205115.000000, rot_RMSE: 1484.963013, rot_MAE: 1273.142944, trans_MSE: 2411.580811, trans_RMSE: 49.107849, trans_MAE: 32.092220
==TRAIN==
A--------->B
EPOCH:: 41, Loss: 1112.848608, Cycle Loss:, 175.132348, MSE: 1148360.569531, RMSE: 1071.615868, MAE: 558.534278, rot_MSE: 2265327.750000, rot_RMSE: 1505.100586, rot_MAE: 1305.482178, trans_MSE: 937.567993, trans_RMSE: 30.619732, trans_MAE: 18.957893
B--------->A
EPOCH:: 41, Loss: 1112.848608, MSE: 1148299.261458, RMSE: 1071.587263, MAE: 553.415362, rot_MSE: 2265692.500000, rot_RMSE: 1505.221802, rot_MAE: 1305.616943, trans_MSE: 747.401245, trans_RMSE: 27.338640, trans_MAE: 18.372030
==TEST==
A--------->B
EPOCH:: 41, Loss: 7086.961057, Cycle Loss: 938.501598, MSE: 1279140.439179, RMSE: 1130.990910, MAE: 561.699453, rot_MSE: 2207758.000000, rot_RMSE: 1485.852661, rot_MAE: 1273.372925, trans_MSE: 6148.253418, trans_RMSE: 78.410797, trans_MAE: 51.073566
B--------->A
EPOCH:: 41, Loss: 7086.961057, MSE: 1276552.167485, RMSE: 1129.846081, MAE: 559.917728, rot_MSE: 2200862.250000, rot_RMSE: 1483.530273, rot_MAE: 1271.820435, trans_MSE: 3024.228027, trans_RMSE: 54.992981, trans_MAE: 41.223305
==BEST TEST==
A--------->B
EPOCH:: 41, Loss: 5431.223933, Cycle Loss: 769.651306, MSE: 1277768.678913, RMSE: 1130.384306, MAE: 560.362302, rot_MSE: 2201577.000000, rot_RMSE: 1483.771240, rot_MAE: 1272.812622, trans_MSE: 4661.398926, trans_RMSE: 68.274437, trans_MAE: 42.009212
B--------->A
EPOCH:: 41, Loss: 5431.223933, MSE: 1276175.713908, RMSE: 1129.679474, MAE: 557.860054, rot_MSE: 2205115.000000, rot_RMSE: 1484.963013, rot_MAE: 1273.142944, trans_MSE: 2411.580811, trans_RMSE: 49.107849, trans_MAE: 32.092220
==TRAIN==
A--------->B
EPOCH:: 42, Loss: 919.097153, Cycle Loss:, 143.685792, MSE: 1136211.989323, RMSE: 1065.932451, MAE: 555.349862, rot_MSE: 2270284.500000, rot_RMSE: 1506.746338, rot_MAE: 1307.798950, trans_MSE: 775.266296, trans_RMSE: 27.843605, trans_MAE: 18.361929
B--------->A
EPOCH:: 42, Loss: 919.097153, MSE: 1136150.291536, RMSE: 1065.903509, MAE: 550.630897, rot_MSE: 2270981.000000, rot_RMSE: 1506.977417, rot_MAE: 1308.103516, trans_MSE: 712.573120, trans_RMSE: 26.694065, trans_MAE: 17.106922
==TEST==
A--------->B
EPOCH:: 42, Loss: 5431.156830, Cycle Loss: 742.936721, MSE: 1277810.257877, RMSE: 1130.402697, MAE: 560.118130, rot_MSE: 2202855.250000, rot_RMSE: 1484.201904, rot_MAE: 1273.192139, trans_MSE: 4688.049805, trans_RMSE: 68.469337, trans_MAE: 38.120113
B--------->A
EPOCH:: 42, Loss: 5431.156830, MSE: 1276535.876098, RMSE: 1129.838872, MAE: 560.396436, rot_MSE: 2201372.500000, rot_RMSE: 1483.702271, rot_MAE: 1272.316772, trans_MSE: 2828.342773, trans_RMSE: 53.182167, trans_MAE: 29.687407
==BEST TEST==
A--------->B
EPOCH:: 42, Loss: 5431.156830, Cycle Loss: 742.936721, MSE: 1277810.257877, RMSE: 1130.402697, MAE: 560.118130, rot_MSE: 2202855.250000, rot_RMSE: 1484.201904, rot_MAE: 1273.192139, trans_MSE: 4688.049805, trans_RMSE: 68.469337, trans_MAE: 38.120113
B--------->A
EPOCH:: 42, Loss: 5431.156830, MSE: 1276535.876098, RMSE: 1129.838872, MAE: 560.396436, rot_MSE: 2201372.500000, rot_RMSE: 1483.702271, rot_MAE: 1272.316772, trans_MSE: 2828.342773, trans_RMSE: 53.182167, trans_MAE: 29.687407
==TRAIN==
A--------->B
EPOCH:: 43, Loss: 802.711294, Cycle Loss:, 133.164344, MSE: 1124812.362240, RMSE: 1060.571715, MAE: 553.873852, rot_MSE: 2263617.500000, rot_RMSE: 1504.532349, rot_MAE: 1304.796997, trans_MSE: 669.395996, trans_RMSE: 25.872688, trans_MAE: 17.585756
B--------->A
EPOCH:: 43, Loss: 802.711294, MSE: 1124810.008073, RMSE: 1060.570605, MAE: 549.279795, rot_MSE: 2263649.000000, rot_RMSE: 1504.542847, rot_MAE: 1304.599976, trans_MSE: 638.541077, trans_RMSE: 25.269371, trans_MAE: 16.840334
==TEST==
A--------->B
EPOCH:: 43, Loss: 5968.519797, Cycle Loss: 788.170138, MSE: 1277879.074316, RMSE: 1130.433136, MAE: 561.713626, rot_MSE: 2209177.250000, rot_RMSE: 1486.330078, rot_MAE: 1273.668945, trans_MSE: 5180.137207, trans_RMSE: 71.973167, trans_MAE: 45.986012
B--------->A
EPOCH:: 43, Loss: 5968.519797, MSE: 1275731.686080, RMSE: 1129.482929, MAE: 560.511560, rot_MSE: 2201706.750000, rot_RMSE: 1483.814941, rot_MAE: 1271.546509, trans_MSE: 2449.937256, trans_RMSE: 49.496841, trans_MAE: 37.472988
==BEST TEST==
A--------->B
EPOCH:: 43, Loss: 5431.156830, Cycle Loss: 742.936721, MSE: 1277810.257877, RMSE: 1130.402697, MAE: 560.118130, rot_MSE: 2202855.250000, rot_RMSE: 1484.201904, rot_MAE: 1273.192139, trans_MSE: 4688.049805, trans_RMSE: 68.469337, trans_MAE: 38.120113
B--------->A
EPOCH:: 43, Loss: 5431.156830, MSE: 1276535.876098, RMSE: 1129.838872, MAE: 560.396436, rot_MSE: 2201372.500000, rot_RMSE: 1483.702271, rot_MAE: 1272.316772, trans_MSE: 2828.342773, trans_RMSE: 53.182167, trans_MAE: 29.687407
==TRAIN==
A--------->B
EPOCH:: 44, Loss: 731.259436, Cycle Loss:, 116.180712, MSE: 1149082.746615, RMSE: 1071.952773, MAE: 558.715879, rot_MSE: 2269631.250000, rot_RMSE: 1506.529541, rot_MAE: 1306.822632, trans_MSE: 614.929382, trans_RMSE: 24.797770, trans_MAE: 16.279266
B--------->A
EPOCH:: 44, Loss: 731.259436, MSE: 1149036.594271, RMSE: 1071.931245, MAE: 553.391909, rot_MSE: 2270016.250000, rot_RMSE: 1506.657349, rot_MAE: 1306.808472, trans_MSE: 597.024414, trans_RMSE: 24.434084, trans_MAE: 16.272055
==TEST==
A--------->B
EPOCH:: 44, Loss: 5745.906040, Cycle Loss: 762.190516, MSE: 1278158.001227, RMSE: 1130.556501, MAE: 561.929271, rot_MSE: 2206872.750000, rot_RMSE: 1485.554688, rot_MAE: 1273.154175, trans_MSE: 4983.499023, trans_RMSE: 70.593903, trans_MAE: 44.747028
B--------->A
EPOCH:: 44, Loss: 5745.906040, MSE: 1276092.231470, RMSE: 1129.642524, MAE: 561.024771, rot_MSE: 2204626.250000, rot_RMSE: 1484.798340, rot_MAE: 1272.366699, trans_MSE: 2309.197266, trans_RMSE: 48.054108, trans_MAE: 35.916702
==BEST TEST==
A--------->B
EPOCH:: 44, Loss: 5431.156830, Cycle Loss: 742.936721, MSE: 1277810.257877, RMSE: 1130.402697, MAE: 560.118130, rot_MSE: 2202855.250000, rot_RMSE: 1484.201904, rot_MAE: 1273.192139, trans_MSE: 4688.049805, trans_RMSE: 68.469337, trans_MAE: 38.120113
B--------->A
EPOCH:: 44, Loss: 5431.156830, MSE: 1276535.876098, RMSE: 1129.838872, MAE: 560.396436, rot_MSE: 2201372.500000, rot_RMSE: 1483.702271, rot_MAE: 1272.316772, trans_MSE: 2828.342773, trans_RMSE: 53.182167, trans_MAE: 29.687407
==TRAIN==
A--------->B
EPOCH:: 45, Loss: 993.398226, Cycle Loss:, 155.278124, MSE: 1136251.284505, RMSE: 1065.950883, MAE: 555.600660, rot_MSE: 2267444.250000, rot_RMSE: 1505.803467, rot_MAE: 1306.233887, trans_MSE: 837.978149, trans_RMSE: 28.947853, trans_MAE: 16.872564
B--------->A
EPOCH:: 45, Loss: 993.398226, MSE: 1136138.809505, RMSE: 1065.898123, MAE: 550.785934, rot_MSE: 2268893.750000, rot_RMSE: 1506.284790, rot_MAE: 1306.429321, trans_MSE: 679.734314, trans_RMSE: 26.071714, trans_MAE: 16.496571
==TEST==
A--------->B
EPOCH:: 45, Loss: 4297.448376, Cycle Loss: 576.147887, MSE: 1276965.919938, RMSE: 1130.029168, MAE: 561.242367, rot_MSE: 2202504.000000, rot_RMSE: 1484.083496, rot_MAE: 1272.484131, trans_MSE: 3721.115479, trans_RMSE: 61.000946, trans_MAE: 39.008427
B--------->A
EPOCH:: 45, Loss: 4297.448376, MSE: 1275695.657929, RMSE: 1129.466980, MAE: 559.799947, rot_MSE: 2210385.000000, rot_RMSE: 1486.736328, rot_MAE: 1274.154419, trans_MSE: 1752.017578, trans_RMSE: 41.857109, trans_MAE: 28.814512
==BEST TEST==
A--------->B
EPOCH:: 45, Loss: 4297.448376, Cycle Loss: 576.147887, MSE: 1276965.919938, RMSE: 1130.029168, MAE: 561.242367, rot_MSE: 2202504.000000, rot_RMSE: 1484.083496, rot_MAE: 1272.484131, trans_MSE: 3721.115479, trans_RMSE: 61.000946, trans_MAE: 39.008427
B--------->A
EPOCH:: 45, Loss: 4297.448376, MSE: 1275695.657929, RMSE: 1129.466980, MAE: 559.799947, rot_MSE: 2210385.000000, rot_RMSE: 1486.736328, rot_MAE: 1274.154419, trans_MSE: 1752.017578, trans_RMSE: 41.857109, trans_MAE: 28.814512
==TRAIN==
A--------->B
EPOCH:: 46, Loss: 702.706869, Cycle Loss:, 105.969180, MSE: 1149015.844922, RMSE: 1071.921567, MAE: 558.907717, rot_MSE: 2267629.250000, rot_RMSE: 1505.864990, rot_MAE: 1306.475220, trans_MSE: 596.590942, trans_RMSE: 24.425211, trans_MAE: 15.791611
B--------->A
EPOCH:: 46, Loss: 702.706869, MSE: 1149053.681120, RMSE: 1071.939215, MAE: 553.104501, rot_MSE: 2268320.250000, rot_RMSE: 1506.094360, rot_MAE: 1306.610352, trans_MSE: 513.461670, trans_RMSE: 22.659693, trans_MAE: 15.304796
==TEST==
A--------->B
EPOCH:: 46, Loss: 5162.931276, Cycle Loss: 670.234967, MSE: 1277556.193311, RMSE: 1130.290314, MAE: 561.871599, rot_MSE: 2216005.250000, rot_RMSE: 1488.625244, rot_MAE: 1275.209839, trans_MSE: 4492.471680, trans_RMSE: 67.025902, trans_MAE: 42.136223
B--------->A
EPOCH:: 46, Loss: 5162.931276, MSE: 1275586.482244, RMSE: 1129.418648, MAE: 560.997504, rot_MSE: 2204879.000000, rot_RMSE: 1484.883545, rot_MAE: 1272.592896, trans_MSE: 2205.862549, trans_RMSE: 46.966610, trans_MAE: 34.019051
==BEST TEST==
A--------->B
EPOCH:: 46, Loss: 4297.448376, Cycle Loss: 576.147887, MSE: 1276965.919938, RMSE: 1130.029168, MAE: 561.242367, rot_MSE: 2202504.000000, rot_RMSE: 1484.083496, rot_MAE: 1272.484131, trans_MSE: 3721.115479, trans_RMSE: 61.000946, trans_MAE: 39.008427
B--------->A
EPOCH:: 46, Loss: 4297.448376, MSE: 1275695.657929, RMSE: 1129.466980, MAE: 559.799947, rot_MSE: 2210385.000000, rot_RMSE: 1486.736328, rot_MAE: 1274.154419, trans_MSE: 1752.017578, trans_RMSE: 41.857109, trans_MAE: 28.814512
==TRAIN==
A--------->B
EPOCH:: 47, Loss: 693.902967, Cycle Loss:, 116.250969, MSE: 1136068.215951, RMSE: 1065.865008, MAE: 556.103011, rot_MSE: 2272070.000000, rot_RMSE: 1507.338745, rot_MAE: 1307.790771, trans_MSE: 577.507202, trans_RMSE: 24.031380, trans_MAE: 15.394243
B--------->A
EPOCH:: 47, Loss: 693.902967, MSE: 1136183.941211, RMSE: 1065.919294, MAE: 550.894316, rot_MSE: 2271398.000000, rot_RMSE: 1507.115845, rot_MAE: 1307.492188, trans_MSE: 635.683472, trans_RMSE: 25.212765, trans_MAE: 15.506158
==TEST==
A--------->B
EPOCH:: 47, Loss: 3782.528493, Cycle Loss: 529.050110, MSE: 1276647.767497, RMSE: 1129.888387, MAE: 561.365161, rot_MSE: 2207229.000000, rot_RMSE: 1485.674561, rot_MAE: 1273.663452, trans_MSE: 3253.281006, trans_RMSE: 57.037540, trans_MAE: 37.150822
B--------->A
EPOCH:: 47, Loss: 3782.528493, MSE: 1275446.589424, RMSE: 1129.356715, MAE: 559.714099, rot_MSE: 2207569.000000, rot_RMSE: 1485.789062, rot_MAE: 1273.000488, trans_MSE: 1695.871338, trans_RMSE: 41.180958, trans_MAE: 29.329679
==BEST TEST==
A--------->B
EPOCH:: 47, Loss: 3782.528493, Cycle Loss: 529.050110, MSE: 1276647.767497, RMSE: 1129.888387, MAE: 561.365161, rot_MSE: 2207229.000000, rot_RMSE: 1485.674561, rot_MAE: 1273.663452, trans_MSE: 3253.281006, trans_RMSE: 57.037540, trans_MAE: 37.150822
B--------->A
EPOCH:: 47, Loss: 3782.528493, MSE: 1275446.589424, RMSE: 1129.356715, MAE: 559.714099, rot_MSE: 2207569.000000, rot_RMSE: 1485.789062, rot_MAE: 1273.000488, trans_MSE: 1695.871338, trans_RMSE: 41.180958, trans_MAE: 29.329679
==TRAIN==
A--------->B
EPOCH:: 48, Loss: 603.887935, Cycle Loss:, 107.072167, MSE: 1148925.441276, RMSE: 1071.879397, MAE: 558.737038, rot_MSE: 2271742.500000, rot_RMSE: 1507.230103, rot_MAE: 1307.585815, trans_MSE: 496.668915, trans_RMSE: 22.286070, trans_MAE: 15.210999
B--------->A
EPOCH:: 48, Loss: 603.887935, MSE: 1148952.291471, RMSE: 1071.891922, MAE: 553.323997, rot_MSE: 2272619.000000, rot_RMSE: 1507.520752, rot_MAE: 1307.681396, trans_MSE: 540.480164, trans_RMSE: 23.248230, trans_MAE: 14.780894
==TEST==
A--------->B
EPOCH:: 48, Loss: 3320.239295, Cycle Loss: 440.292762, MSE: 1276299.903861, RMSE: 1129.734440, MAE: 561.253164, rot_MSE: 2204797.500000, rot_RMSE: 1484.856079, rot_MAE: 1273.280518, trans_MSE: 2879.759766, trans_RMSE: 53.663395, trans_MAE: 35.418797
B--------->A
EPOCH:: 48, Loss: 3320.239295, MSE: 1275590.582709, RMSE: 1129.420463, MAE: 559.253997, rot_MSE: 2211953.750000, rot_RMSE: 1487.263794, rot_MAE: 1275.848145, trans_MSE: 1644.136719, trans_RMSE: 40.547955, trans_MAE: 28.635401
==BEST TEST==
A--------->B
EPOCH:: 48, Loss: 3320.239295, Cycle Loss: 440.292762, MSE: 1276299.903861, RMSE: 1129.734440, MAE: 561.253164, rot_MSE: 2204797.500000, rot_RMSE: 1484.856079, rot_MAE: 1273.280518, trans_MSE: 2879.759766, trans_RMSE: 53.663395, trans_MAE: 35.418797
B--------->A
EPOCH:: 48, Loss: 3320.239295, MSE: 1275590.582709, RMSE: 1129.420463, MAE: 559.253997, rot_MSE: 2211953.750000, rot_RMSE: 1487.263794, rot_MAE: 1275.848145, trans_MSE: 1644.136719, trans_RMSE: 40.547955, trans_MAE: 28.635401
==TRAIN==
A--------->B
EPOCH:: 49, Loss: 549.077031, Cycle Loss:, 88.985980, MSE: 1134673.297917, RMSE: 1065.210448, MAE: 555.171918, rot_MSE: 2265856.250000, rot_RMSE: 1505.276123, rot_MAE: 1305.378784, trans_MSE: 459.943909, trans_RMSE: 21.446302, trans_MAE: 14.312304
B--------->A
EPOCH:: 49, Loss: 549.077031, MSE: 1134697.618099, RMSE: 1065.221863, MAE: 550.738756, rot_MSE: 2267852.000000, rot_RMSE: 1505.938965, rot_MAE: 1305.835083, trans_MSE: 432.281067, trans_RMSE: 20.791370, trans_MAE: 13.745234
==TEST==
A--------->B
EPOCH:: 49, Loss: 4011.104881, Cycle Loss: 563.638428, MSE: 1276593.074574, RMSE: 1129.864184, MAE: 561.816892, rot_MSE: 2206766.250000, rot_RMSE: 1485.518799, rot_MAE: 1274.134399, trans_MSE: 3447.250244, trans_RMSE: 58.713287, trans_MAE: 38.387085
B--------->A
EPOCH:: 49, Loss: 4011.104881, MSE: 1275303.293130, RMSE: 1129.293272, MAE: 559.982643, rot_MSE: 2212279.000000, rot_RMSE: 1487.373169, rot_MAE: 1275.162354, trans_MSE: 1890.324951, trans_RMSE: 43.477867, trans_MAE: 31.547850
==BEST TEST==
A--------->B
EPOCH:: 49, Loss: 3320.239295, Cycle Loss: 440.292762, MSE: 1276299.903861, RMSE: 1129.734440, MAE: 561.253164, rot_MSE: 2204797.500000, rot_RMSE: 1484.856079, rot_MAE: 1273.280518, trans_MSE: 2879.759766, trans_RMSE: 53.663395, trans_MAE: 35.418797
B--------->A
EPOCH:: 49, Loss: 3320.239295, MSE: 1275590.582709, RMSE: 1129.420463, MAE: 559.253997, rot_MSE: 2211953.750000, rot_RMSE: 1487.263794, rot_MAE: 1275.848145, trans_MSE: 1644.136719, trans_RMSE: 40.547955, trans_MAE: 28.635401
==TRAIN==
A--------->B
EPOCH:: 50, Loss: 520.662957, Cycle Loss:, 80.638185, MSE: 1148868.196224, RMSE: 1071.852693, MAE: 558.684385, rot_MSE: 2263210.750000, rot_RMSE: 1504.397095, rot_MAE: 1304.042358, trans_MSE: 439.876404, trans_RMSE: 20.973230, trans_MAE: 13.813980
B--------->A
EPOCH:: 50, Loss: 520.662957, MSE: 1148892.077865, RMSE: 1071.863834, MAE: 552.907985, rot_MSE: 2263421.250000, rot_RMSE: 1504.467041, rot_MAE: 1304.162231, trans_MSE: 415.414856, trans_RMSE: 20.381729, trans_MAE: 13.135379
==TEST==
A--------->B
EPOCH:: 50, Loss: 17893.549936, Cycle Loss: 1847.256057, MSE: 1286592.132683, RMSE: 1134.280447, MAE: 560.342953, rot_MSE: 2205269.750000, rot_RMSE: 1485.015015, rot_MAE: 1273.687744, trans_MSE: 16046.150391, trans_RMSE: 126.673401, trans_MAE: 48.942348
B--------->A
EPOCH:: 50, Loss: 17893.549936, MSE: 1276834.296036, RMSE: 1129.970927, MAE: 561.661301, rot_MSE: 2204928.500000, rot_RMSE: 1484.900146, rot_MAE: 1273.518433, trans_MSE: 3153.953857, trans_RMSE: 56.160072, trans_MAE: 19.203814
==BEST TEST==
A--------->B
EPOCH:: 50, Loss: 3320.239295, Cycle Loss: 440.292762, MSE: 1276299.903861, RMSE: 1129.734440, MAE: 561.253164, rot_MSE: 2204797.500000, rot_RMSE: 1484.856079, rot_MAE: 1273.280518, trans_MSE: 2879.759766, trans_RMSE: 53.663395, trans_MAE: 35.418797
B--------->A
EPOCH:: 50, Loss: 3320.239295, MSE: 1275590.582709, RMSE: 1129.420463, MAE: 559.253997, rot_MSE: 2211953.750000, rot_RMSE: 1487.263794, rot_MAE: 1275.848145, trans_MSE: 1644.136719, trans_RMSE: 40.547955, trans_MAE: 28.635401
==TRAIN==
A--------->B
EPOCH:: 51, Loss: 570.657763, Cycle Loss:, 96.393492, MSE: 1135694.574609, RMSE: 1065.689718, MAE: 555.749844, rot_MSE: 2258460.500000, rot_RMSE: 1502.817505, rot_MAE: 1303.379150, trans_MSE: 474.118805, trans_RMSE: 21.774269, trans_MAE: 13.368829
B--------->A
EPOCH:: 51, Loss: 570.657763, MSE: 1135676.241406, RMSE: 1065.681116, MAE: 549.468323, rot_MSE: 2260277.000000, rot_RMSE: 1503.421753, rot_MAE: 1303.667847, trans_MSE: 472.441101, trans_RMSE: 21.735710, trans_MAE: 13.575190
==TEST==
A--------->B
EPOCH:: 51, Loss: 4392.683548, Cycle Loss: 586.023623, MSE: 1276885.180527, RMSE: 1129.993443, MAE: 561.450574, rot_MSE: 2204035.500000, rot_RMSE: 1484.599487, rot_MAE: 1274.300781, trans_MSE: 3806.434570, trans_RMSE: 61.696308, trans_MAE: 39.599194
B--------->A
EPOCH:: 51, Loss: 4392.683548, MSE: 1275158.362151, RMSE: 1129.229101, MAE: 562.188758, rot_MSE: 2205928.250000, rot_RMSE: 1485.236816, rot_MAE: 1274.539917, trans_MSE: 1635.856689, trans_RMSE: 40.445724, trans_MAE: 28.511967
==BEST TEST==
A--------->B
EPOCH:: 51, Loss: 3320.239295, Cycle Loss: 440.292762, MSE: 1276299.903861, RMSE: 1129.734440, MAE: 561.253164, rot_MSE: 2204797.500000, rot_RMSE: 1484.856079, rot_MAE: 1273.280518, trans_MSE: 2879.759766, trans_RMSE: 53.663395, trans_MAE: 35.418797
B--------->A
EPOCH:: 51, Loss: 3320.239295, MSE: 1275590.582709, RMSE: 1129.420463, MAE: 559.253997, rot_MSE: 2211953.750000, rot_RMSE: 1487.263794, rot_MAE: 1275.848145, trans_MSE: 1644.136719, trans_RMSE: 40.547955, trans_MAE: 28.635401
==TRAIN==
A--------->B
EPOCH:: 52, Loss: 484.949110, Cycle Loss:, 97.520907, MSE: 1138552.377930, RMSE: 1067.029699, MAE: 556.071844, rot_MSE: 2266086.750000, rot_RMSE: 1505.352661, rot_MAE: 1306.577637, trans_MSE: 387.282043, trans_RMSE: 19.679483, trans_MAE: 12.672203
B--------->A
EPOCH:: 52, Loss: 484.949110, MSE: 1138653.779102, RMSE: 1067.077213, MAE: 549.597387, rot_MSE: 2267285.250000, rot_RMSE: 1505.750732, rot_MAE: 1306.750366, trans_MSE: 507.455475, trans_RMSE: 22.526772, trans_MAE: 13.413843
==TEST==
A--------->B
EPOCH:: 52, Loss: 8789.925098, Cycle Loss: 964.659156, MSE: 1279593.262397, RMSE: 1131.191081, MAE: 561.456097, rot_MSE: 2205946.250000, rot_RMSE: 1485.242798, rot_MAE: 1274.948120, trans_MSE: 7825.083496, trans_RMSE: 88.459503, trans_MAE: 43.357479
B--------->A
EPOCH:: 52, Loss: 8789.925098, MSE: 1275021.831224, RMSE: 1129.168646, MAE: 564.636198, rot_MSE: 2204642.750000, rot_RMSE: 1484.803955, rot_MAE: 1274.553589, trans_MSE: 1639.935913, trans_RMSE: 40.496120, trans_MAE: 25.226200
==BEST TEST==
A--------->B
EPOCH:: 52, Loss: 3320.239295, Cycle Loss: 440.292762, MSE: 1276299.903861, RMSE: 1129.734440, MAE: 561.253164, rot_MSE: 2204797.500000, rot_RMSE: 1484.856079, rot_MAE: 1273.280518, trans_MSE: 2879.759766, trans_RMSE: 53.663395, trans_MAE: 35.418797
B--------->A
EPOCH:: 52, Loss: 3320.239295, MSE: 1275590.582709, RMSE: 1129.420463, MAE: 559.253997, rot_MSE: 2211953.750000, rot_RMSE: 1487.263794, rot_MAE: 1275.848145, trans_MSE: 1644.136719, trans_RMSE: 40.547955, trans_MAE: 28.635401
==TRAIN==
A--------->B
EPOCH:: 53, Loss: 996.085277, Cycle Loss:, 177.254287, MSE: 1138174.175228, RMSE: 1066.852462, MAE: 555.479409, rot_MSE: 2266210.750000, rot_RMSE: 1505.393921, rot_MAE: 1305.284424, trans_MSE: 818.686462, trans_RMSE: 28.612698, trans_MAE: 18.321301
B--------->A
EPOCH:: 53, Loss: 996.085277, MSE: 1138128.646810, RMSE: 1066.831124, MAE: 551.629145, rot_MSE: 2264994.750000, rot_RMSE: 1504.989990, rot_MAE: 1304.999023, trans_MSE: 771.795654, trans_RMSE: 27.781210, trans_MAE: 17.739799
==TEST==
A--------->B
EPOCH:: 53, Loss: 3097.235815, Cycle Loss: 492.153159, MSE: 1275069.871191, RMSE: 1129.189918, MAE: 561.764324, rot_MSE: 2205921.000000, rot_RMSE: 1485.234375, rot_MAE: 1273.473022, trans_MSE: 2604.932617, trans_RMSE: 51.038540, trans_MAE: 31.047962
B--------->A
EPOCH:: 53, Loss: 3097.235815, MSE: 1274741.741090, RMSE: 1129.044614, MAE: 561.794301, rot_MSE: 2209289.250000, rot_RMSE: 1486.367798, rot_MAE: 1274.640503, trans_MSE: 1938.322632, trans_RMSE: 44.026386, trans_MAE: 24.264017
==BEST TEST==
A--------->B
EPOCH:: 53, Loss: 3097.235815, Cycle Loss: 492.153159, MSE: 1275069.871191, RMSE: 1129.189918, MAE: 561.764324, rot_MSE: 2205921.000000, rot_RMSE: 1485.234375, rot_MAE: 1273.473022, trans_MSE: 2604.932617, trans_RMSE: 51.038540, trans_MAE: 31.047962
B--------->A
EPOCH:: 53, Loss: 3097.235815, MSE: 1274741.741090, RMSE: 1129.044614, MAE: 561.794301, rot_MSE: 2209289.250000, rot_RMSE: 1486.367798, rot_MAE: 1274.640503, trans_MSE: 1938.322632, trans_RMSE: 44.026386, trans_MAE: 24.264017
==TRAIN==
A--------->B
EPOCH:: 54, Loss: 610.293838, Cycle Loss:, 94.850750, MSE: 1149826.859505, RMSE: 1072.299799, MAE: 559.113378, rot_MSE: 2273735.000000, rot_RMSE: 1507.890869, rot_MAE: 1308.239990, trans_MSE: 515.295166, trans_RMSE: 22.700113, trans_MAE: 14.073473
B--------->A
EPOCH:: 54, Loss: 610.293838, MSE: 1149709.709115, RMSE: 1072.245172, MAE: 553.783713, rot_MSE: 2275940.500000, rot_RMSE: 1508.622070, rot_MAE: 1308.740845, trans_MSE: 421.518097, trans_RMSE: 20.530907, trans_MAE: 12.974815
==TEST==
A--------->B
EPOCH:: 54, Loss: 5524.800163, Cycle Loss: 689.531753, MSE: 1277939.624806, RMSE: 1130.459917, MAE: 562.140026, rot_MSE: 2209144.250000, rot_RMSE: 1486.318970, rot_MAE: 1274.007690, trans_MSE: 4835.030273, trans_RMSE: 69.534386, trans_MAE: 43.330692
B--------->A
EPOCH:: 54, Loss: 5524.800163, MSE: 1275923.944861, RMSE: 1129.568035, MAE: 560.885036, rot_MSE: 2213895.250000, rot_RMSE: 1487.916382, rot_MAE: 1276.156982, trans_MSE: 2076.190674, trans_RMSE: 45.565235, trans_MAE: 32.444996
==BEST TEST==
A--------->B
EPOCH:: 54, Loss: 3097.235815, Cycle Loss: 492.153159, MSE: 1275069.871191, RMSE: 1129.189918, MAE: 561.764324, rot_MSE: 2205921.000000, rot_RMSE: 1485.234375, rot_MAE: 1273.473022, trans_MSE: 2604.932617, trans_RMSE: 51.038540, trans_MAE: 31.047962
B--------->A
EPOCH:: 54, Loss: 3097.235815, MSE: 1274741.741090, RMSE: 1129.044614, MAE: 561.794301, rot_MSE: 2209289.250000, rot_RMSE: 1486.367798, rot_MAE: 1274.640503, trans_MSE: 1938.322632, trans_RMSE: 44.026386, trans_MAE: 24.264017
==TRAIN==
A--------->B
EPOCH:: 55, Loss: 686.047921, Cycle Loss:, 109.113009, MSE: 1149013.313542, RMSE: 1071.920386, MAE: 558.670892, rot_MSE: 2270753.500000, rot_RMSE: 1506.901978, rot_MAE: 1308.329956, trans_MSE: 576.780518, trans_RMSE: 24.016254, trans_MAE: 14.569990
B--------->A
EPOCH:: 55, Loss: 686.047921, MSE: 1148960.847526, RMSE: 1071.895913, MAE: 554.186797, rot_MSE: 2273076.250000, rot_RMSE: 1507.672485, rot_MAE: 1308.491333, trans_MSE: 563.498474, trans_RMSE: 23.738123, trans_MAE: 14.496460
==TEST==
A--------->B
EPOCH:: 55, Loss: 2229.841934, Cycle Loss: 305.775834, MSE: 1275705.834646, RMSE: 1129.471485, MAE: 561.655723, rot_MSE: 2206606.000000, rot_RMSE: 1485.464966, rot_MAE: 1273.495483, trans_MSE: 1923.847168, trans_RMSE: 43.861683, trans_MAE: 28.255354
B--------->A
EPOCH:: 55, Loss: 2229.841934, MSE: 1275075.219977, RMSE: 1129.192287, MAE: 559.708100, rot_MSE: 2210987.750000, rot_RMSE: 1486.939087, rot_MAE: 1276.739868, trans_MSE: 1150.526489, trans_RMSE: 33.919411, trans_MAE: 23.792555
==BEST TEST==
A--------->B
EPOCH:: 55, Loss: 2229.841934, Cycle Loss: 305.775834, MSE: 1275705.834646, RMSE: 1129.471485, MAE: 561.655723, rot_MSE: 2206606.000000, rot_RMSE: 1485.464966, rot_MAE: 1273.495483, trans_MSE: 1923.847168, trans_RMSE: 43.861683, trans_MAE: 28.255354
B--------->A
EPOCH:: 55, Loss: 2229.841934, MSE: 1275075.219977, RMSE: 1129.192287, MAE: 559.708100, rot_MSE: 2210987.750000, rot_RMSE: 1486.939087, rot_MAE: 1276.739868, trans_MSE: 1150.526489, trans_RMSE: 33.919411, trans_MAE: 23.792555
==TRAIN==
A--------->B
EPOCH:: 56, Loss: 511.184398, Cycle Loss:, 85.684192, MSE: 1148265.804818, RMSE: 1071.571652, MAE: 558.355307, rot_MSE: 2271156.000000, rot_RMSE: 1507.035522, rot_MAE: 1307.152466, trans_MSE: 425.343475, trans_RMSE: 20.623857, trans_MAE: 12.650652
B--------->A
EPOCH:: 56, Loss: 511.184398, MSE: 1148349.645573, RMSE: 1071.610771, MAE: 551.893099, rot_MSE: 2270970.000000, rot_RMSE: 1506.973755, rot_MAE: 1307.303589, trans_MSE: 458.646301, trans_RMSE: 21.416029, trans_MAE: 13.160461
==TEST==
A--------->B
EPOCH:: 56, Loss: 3696.042805, Cycle Loss: 470.625347, MSE: 1276843.559724, RMSE: 1129.975026, MAE: 561.817963, rot_MSE: 2208760.500000, rot_RMSE: 1486.189941, rot_MAE: 1274.265625, trans_MSE: 3225.169434, trans_RMSE: 56.790577, trans_MAE: 35.612270
B--------->A
EPOCH:: 56, Loss: 3696.042805, MSE: 1275370.718879, RMSE: 1129.323124, MAE: 561.226229, rot_MSE: 2210753.000000, rot_RMSE: 1486.860107, rot_MAE: 1276.309448, trans_MSE: 1441.110229, trans_RMSE: 37.961956, trans_MAE: 26.814146
==BEST TEST==
A--------->B
EPOCH:: 56, Loss: 2229.841934, Cycle Loss: 305.775834, MSE: 1275705.834646, RMSE: 1129.471485, MAE: 561.655723, rot_MSE: 2206606.000000, rot_RMSE: 1485.464966, rot_MAE: 1273.495483, trans_MSE: 1923.847168, trans_RMSE: 43.861683, trans_MAE: 28.255354
B--------->A
EPOCH:: 56, Loss: 2229.841934, MSE: 1275075.219977, RMSE: 1129.192287, MAE: 559.708100, rot_MSE: 2210987.750000, rot_RMSE: 1486.939087, rot_MAE: 1276.739868, trans_MSE: 1150.526489, trans_RMSE: 33.919411, trans_MAE: 23.792555
==TRAIN==
A--------->B
EPOCH:: 57, Loss: 495.178348, Cycle Loss:, 81.274656, MSE: 1137637.296484, RMSE: 1066.600814, MAE: 555.248575, rot_MSE: 2261244.750000, rot_RMSE: 1503.743530, rot_MAE: 1304.061401, trans_MSE: 413.744446, trans_RMSE: 20.340710, trans_MAE: 11.987378
B--------->A
EPOCH:: 57, Loss: 495.178348, MSE: 1137584.629687, RMSE: 1066.576125, MAE: 548.599005, rot_MSE: 2264628.500000, rot_RMSE: 1504.868286, rot_MAE: 1304.609253, trans_MSE: 365.815796, trans_RMSE: 19.126312, trans_MAE: 12.028022
==TEST==
A--------->B
EPOCH:: 57, Loss: 3020.128981, Cycle Loss: 391.071644, MSE: 1276145.624935, RMSE: 1129.666156, MAE: 561.177685, rot_MSE: 2210075.500000, rot_RMSE: 1486.632324, rot_MAE: 1274.408325, trans_MSE: 2628.822021, trans_RMSE: 51.272038, trans_MAE: 32.356739
B--------->A
EPOCH:: 57, Loss: 3020.128981, MSE: 1275227.473722, RMSE: 1129.259702, MAE: 559.757375, rot_MSE: 2209889.500000, rot_RMSE: 1486.569702, rot_MAE: 1276.324951, trans_MSE: 1220.242310, trans_RMSE: 34.931969, trans_MAE: 24.664385
==BEST TEST==
A--------->B
EPOCH:: 57, Loss: 2229.841934, Cycle Loss: 305.775834, MSE: 1275705.834646, RMSE: 1129.471485, MAE: 561.655723, rot_MSE: 2206606.000000, rot_RMSE: 1485.464966, rot_MAE: 1273.495483, trans_MSE: 1923.847168, trans_RMSE: 43.861683, trans_MAE: 28.255354
B--------->A
EPOCH:: 57, Loss: 2229.841934, MSE: 1275075.219977, RMSE: 1129.192287, MAE: 559.708100, rot_MSE: 2210987.750000, rot_RMSE: 1486.939087, rot_MAE: 1276.739868, trans_MSE: 1150.526489, trans_RMSE: 33.919411, trans_MAE: 23.792555
==TRAIN==
A--------->B
EPOCH:: 58, Loss: 475.303988, Cycle Loss:, 85.997596, MSE: 1148481.246159, RMSE: 1071.672173, MAE: 558.478039, rot_MSE: 2269457.500000, rot_RMSE: 1506.471924, rot_MAE: 1306.931030, trans_MSE: 389.153473, trans_RMSE: 19.726973, trans_MAE: 11.826351
B--------->A
EPOCH:: 58, Loss: 475.303988, MSE: 1148545.141276, RMSE: 1071.701983, MAE: 552.542063, rot_MSE: 2272083.000000, rot_RMSE: 1507.343018, rot_MAE: 1307.664307, trans_MSE: 430.730469, trans_RMSE: 20.754047, trans_MAE: 11.995210
==TEST==
A--------->B
EPOCH:: 58, Loss: 6771.082650, Cycle Loss: 773.851124, MSE: 1279111.735860, RMSE: 1130.978221, MAE: 562.956669, rot_MSE: 2202267.250000, rot_RMSE: 1484.003784, rot_MAE: 1272.579102, trans_MSE: 5997.012207, trans_RMSE: 77.440376, trans_MAE: 40.421635
B--------->A
EPOCH:: 58, Loss: 6771.082650, MSE: 1275673.536351, RMSE: 1129.457187, MAE: 564.689315, rot_MSE: 2212942.750000, rot_RMSE: 1487.596313, rot_MAE: 1278.189087, trans_MSE: 1568.637573, trans_RMSE: 39.606030, trans_MAE: 26.014605
==BEST TEST==
A--------->B
EPOCH:: 58, Loss: 2229.841934, Cycle Loss: 305.775834, MSE: 1275705.834646, RMSE: 1129.471485, MAE: 561.655723, rot_MSE: 2206606.000000, rot_RMSE: 1485.464966, rot_MAE: 1273.495483, trans_MSE: 1923.847168, trans_RMSE: 43.861683, trans_MAE: 28.255354
B--------->A
EPOCH:: 58, Loss: 2229.841934, MSE: 1275075.219977, RMSE: 1129.192287, MAE: 559.708100, rot_MSE: 2210987.750000, rot_RMSE: 1486.939087, rot_MAE: 1276.739868, trans_MSE: 1150.526489, trans_RMSE: 33.919411, trans_MAE: 23.792555
==TRAIN==
A--------->B
EPOCH:: 59, Loss: 356.063584, Cycle Loss:, 61.160281, MSE: 1126641.990885, RMSE: 1061.433931, MAE: 553.172603, rot_MSE: 2271163.750000, rot_RMSE: 1507.038086, rot_MAE: 1307.850464, trans_MSE: 294.752991, trans_RMSE: 17.168371, trans_MAE: 10.426503
B--------->A
EPOCH:: 59, Loss: 356.063584, MSE: 1126637.887891, RMSE: 1061.431999, MAE: 546.389572, rot_MSE: 2276532.250000, rot_RMSE: 1508.818115, rot_MAE: 1309.320435, trans_MSE: 329.940887, trans_RMSE: 18.164274, trans_MAE: 11.111585
==TEST==
A--------->B
EPOCH:: 59, Loss: 2109.347706, Cycle Loss: 299.135099, MSE: 1276061.149148, RMSE: 1129.628766, MAE: 561.489008, rot_MSE: 2203068.000000, rot_RMSE: 1484.273560, rot_MAE: 1272.019653, trans_MSE: 1810.001221, trans_RMSE: 42.544109, trans_MAE: 27.869757
B--------->A
EPOCH:: 59, Loss: 2109.347706, MSE: 1275423.252776, RMSE: 1129.346383, MAE: 562.312840, rot_MSE: 2211829.000000, rot_RMSE: 1487.221924, rot_MAE: 1275.390503, trans_MSE: 971.250000, trans_RMSE: 31.164885, trans_MAE: 22.030470
==BEST TEST==
A--------->B
EPOCH:: 59, Loss: 2109.347706, Cycle Loss: 299.135099, MSE: 1276061.149148, RMSE: 1129.628766, MAE: 561.489008, rot_MSE: 2203068.000000, rot_RMSE: 1484.273560, rot_MAE: 1272.019653, trans_MSE: 1810.001221, trans_RMSE: 42.544109, trans_MAE: 27.869757
B--------->A
EPOCH:: 59, Loss: 2109.347706, MSE: 1275423.252776, RMSE: 1129.346383, MAE: 562.312840, rot_MSE: 2211829.000000, rot_RMSE: 1487.221924, rot_MAE: 1275.390503, trans_MSE: 971.250000, trans_RMSE: 31.164885, trans_MAE: 22.030470
==TRAIN==
A--------->B
EPOCH:: 60, Loss: 373.122812, Cycle Loss:, 72.058876, MSE: 1148042.100651, RMSE: 1071.467265, MAE: 558.006916, rot_MSE: 2266399.250000, rot_RMSE: 1505.456543, rot_MAE: 1305.594849, trans_MSE: 300.913269, trans_RMSE: 17.346851, trans_MAE: 11.084898
B--------->A
EPOCH:: 60, Loss: 373.122812, MSE: 1148104.266146, RMSE: 1071.496274, MAE: 551.262613, rot_MSE: 2267963.500000, rot_RMSE: 1505.975952, rot_MAE: 1306.065430, trans_MSE: 362.495789, trans_RMSE: 19.039322, trans_MAE: 11.345440
==TEST==
A--------->B
EPOCH:: 60, Loss: 2760.244935, Cycle Loss: 407.858876, MSE: 1276183.085808, RMSE: 1129.682737, MAE: 561.389036, rot_MSE: 2209316.000000, rot_RMSE: 1486.376831, rot_MAE: 1274.303467, trans_MSE: 2352.169678, trans_RMSE: 48.499172, trans_MAE: 32.484612
B--------->A
EPOCH:: 60, Loss: 2760.244935, MSE: 1275745.483019, RMSE: 1129.489036, MAE: 561.695745, rot_MSE: 2215204.250000, rot_RMSE: 1488.356201, rot_MAE: 1277.678223, trans_MSE: 1386.624023, trans_RMSE: 37.237400, trans_MAE: 26.024363
==BEST TEST==
A--------->B
EPOCH:: 60, Loss: 2109.347706, Cycle Loss: 299.135099, MSE: 1276061.149148, RMSE: 1129.628766, MAE: 561.489008, rot_MSE: 2203068.000000, rot_RMSE: 1484.273560, rot_MAE: 1272.019653, trans_MSE: 1810.001221, trans_RMSE: 42.544109, trans_MAE: 27.869757
B--------->A
EPOCH:: 60, Loss: 2109.347706, MSE: 1275423.252776, RMSE: 1129.346383, MAE: 562.312840, rot_MSE: 2211829.000000, rot_RMSE: 1487.221924, rot_MAE: 1275.390503, trans_MSE: 971.250000, trans_RMSE: 31.164885, trans_MAE: 22.030470
==TRAIN==
A--------->B
EPOCH:: 61, Loss: 366.113125, Cycle Loss:, 63.991660, MSE: 1137245.137760, RMSE: 1066.416962, MAE: 555.689314, rot_MSE: 2271792.250000, rot_RMSE: 1507.246582, rot_MAE: 1308.064941, trans_MSE: 301.961426, trans_RMSE: 17.377037, trans_MAE: 10.912435
B--------->A
EPOCH:: 61, Loss: 366.113125, MSE: 1137300.348047, RMSE: 1066.442848, MAE: 549.133595, rot_MSE: 2273168.250000, rot_RMSE: 1507.703003, rot_MAE: 1308.417847, trans_MSE: 314.022186, trans_RMSE: 17.720671, trans_MAE: 10.596348
==TEST==
A--------->B
EPOCH:: 61, Loss: 3866.946272, Cycle Loss: 489.811985, MSE: 1276781.768079, RMSE: 1129.947684, MAE: 562.515552, rot_MSE: 2211721.750000, rot_RMSE: 1487.185791, rot_MAE: 1274.457153, trans_MSE: 3376.917236, trans_RMSE: 58.111248, trans_MAE: 35.848614
B--------->A
EPOCH:: 61, Loss: 3866.946272, MSE: 1275268.274858, RMSE: 1129.277767, MAE: 564.001364, rot_MSE: 2210187.750000, rot_RMSE: 1486.670044, rot_MAE: 1276.547729, trans_MSE: 1316.007690, trans_RMSE: 36.276821, trans_MAE: 25.565018
==BEST TEST==
A--------->B
EPOCH:: 61, Loss: 2109.347706, Cycle Loss: 299.135099, MSE: 1276061.149148, RMSE: 1129.628766, MAE: 561.489008, rot_MSE: 2203068.000000, rot_RMSE: 1484.273560, rot_MAE: 1272.019653, trans_MSE: 1810.001221, trans_RMSE: 42.544109, trans_MAE: 27.869757
B--------->A
EPOCH:: 61, Loss: 2109.347706, MSE: 1275423.252776, RMSE: 1129.346383, MAE: 562.312840, rot_MSE: 2211829.000000, rot_RMSE: 1487.221924, rot_MAE: 1275.390503, trans_MSE: 971.250000, trans_RMSE: 31.164885, trans_MAE: 22.030470
==TRAIN==
A--------->B
EPOCH:: 62, Loss: 761.288157, Cycle Loss:, 101.310269, MSE: 1148938.701042, RMSE: 1071.885582, MAE: 558.240096, rot_MSE: 2270169.000000, rot_RMSE: 1506.708008, rot_MAE: 1307.438965, trans_MSE: 659.828979, trans_RMSE: 25.687136, trans_MAE: 10.984735
B--------->A
EPOCH:: 62, Loss: 761.288157, MSE: 1148667.237565, RMSE: 1071.758946, MAE: 553.255235, rot_MSE: 2272013.500000, rot_RMSE: 1507.319946, rot_MAE: 1307.677979, trans_MSE: 337.799866, trans_RMSE: 18.379333, trans_MAE: 10.630868
==TEST==
A--------->B
EPOCH:: 62, Loss: 13400.541654, Cycle Loss: 1262.055664, MSE: 1283602.202738, RMSE: 1132.961695, MAE: 564.850078, rot_MSE: 2210824.250000, rot_RMSE: 1486.884033, rot_MAE: 1274.796265, trans_MSE: 12138.295898, trans_RMSE: 110.173935, trans_MAE: 38.228683
B--------->A
EPOCH:: 62, Loss: 13400.541654, MSE: 1275034.907025, RMSE: 1129.174436, MAE: 565.685446, rot_MSE: 2211028.000000, rot_RMSE: 1486.952637, rot_MAE: 1275.801758, trans_MSE: 929.498535, trans_RMSE: 30.487679, trans_MAE: 19.400372
==BEST TEST==
A--------->B
EPOCH:: 62, Loss: 2109.347706, Cycle Loss: 299.135099, MSE: 1276061.149148, RMSE: 1129.628766, MAE: 561.489008, rot_MSE: 2203068.000000, rot_RMSE: 1484.273560, rot_MAE: 1272.019653, trans_MSE: 1810.001221, trans_RMSE: 42.544109, trans_MAE: 27.869757
B--------->A
EPOCH:: 62, Loss: 2109.347706, MSE: 1275423.252776, RMSE: 1129.346383, MAE: 562.312840, rot_MSE: 2211829.000000, rot_RMSE: 1487.221924, rot_MAE: 1275.390503, trans_MSE: 971.250000, trans_RMSE: 31.164885, trans_MAE: 22.030470
==TRAIN==
A--------->B
EPOCH:: 63, Loss: 229.197530, Cycle Loss:, 41.455432, MSE: 1122887.537891, RMSE: 1059.663880, MAE: 553.826848, rot_MSE: 2267250.750000, rot_RMSE: 1505.739258, rot_MAE: 1305.911255, trans_MSE: 187.595535, trans_RMSE: 13.696552, trans_MAE: 8.798856
B--------->A
EPOCH:: 63, Loss: 229.197530, MSE: 1122874.359896, RMSE: 1059.657662, MAE: 549.634587, rot_MSE: 2269248.000000, rot_RMSE: 1506.402344, rot_MAE: 1306.130737, trans_MSE: 246.574081, trans_RMSE: 15.702678, trans_MAE: 9.419600
==TEST==
A--------->B
EPOCH:: 63, Loss: 1558.355309, Cycle Loss: 212.894981, MSE: 1275139.653345, RMSE: 1129.220817, MAE: 561.186265, rot_MSE: 2212368.250000, rot_RMSE: 1487.403198, rot_MAE: 1275.649658, trans_MSE: 1345.264160, trans_RMSE: 36.677841, trans_MAE: 23.097080
B--------->A
EPOCH:: 63, Loss: 1558.355309, MSE: 1274708.825865, RMSE: 1129.030038, MAE: 560.023189, rot_MSE: 2212706.500000, rot_RMSE: 1487.516846, rot_MAE: 1275.185059, trans_MSE: 746.723328, trans_RMSE: 27.326239, trans_MAE: 18.936916
==BEST TEST==
A--------->B
EPOCH:: 63, Loss: 1558.355309, Cycle Loss: 212.894981, MSE: 1275139.653345, RMSE: 1129.220817, MAE: 561.186265, rot_MSE: 2212368.250000, rot_RMSE: 1487.403198, rot_MAE: 1275.649658, trans_MSE: 1345.264160, trans_RMSE: 36.677841, trans_MAE: 23.097080
B--------->A
EPOCH:: 63, Loss: 1558.355309, MSE: 1274708.825865, RMSE: 1129.030038, MAE: 560.023189, rot_MSE: 2212706.500000, rot_RMSE: 1487.516846, rot_MAE: 1275.185059, trans_MSE: 746.723328, trans_RMSE: 27.326239, trans_MAE: 18.936916
==TRAIN==
A--------->B
EPOCH:: 64, Loss: 418.980677, Cycle Loss:, 63.381931, MSE: 1134487.262435, RMSE: 1065.123121, MAE: 555.539716, rot_MSE: 2266817.250000, rot_RMSE: 1505.595337, rot_MAE: 1305.686646, trans_MSE: 355.445038, trans_RMSE: 18.853251, trans_MAE: 11.102068
B--------->A
EPOCH:: 64, Loss: 418.980677, MSE: 1134521.185742, RMSE: 1065.139045, MAE: 549.687376, rot_MSE: 2267109.250000, rot_RMSE: 1505.692261, rot_MAE: 1305.199463, trans_MSE: 257.391541, trans_RMSE: 16.043427, trans_MAE: 9.972901
==TEST==
A--------->B
EPOCH:: 64, Loss: 3030.286502, Cycle Loss: 438.258446, MSE: 1276005.998773, RMSE: 1129.604355, MAE: 562.567277, rot_MSE: 2211947.750000, rot_RMSE: 1487.261841, rot_MAE: 1273.500366, trans_MSE: 2591.769531, trans_RMSE: 50.909424, trans_MAE: 33.739464
B--------->A
EPOCH:: 64, Loss: 3030.286502, MSE: 1275091.405282, RMSE: 1129.199453, MAE: 559.698417, rot_MSE: 2217039.000000, rot_RMSE: 1488.972412, rot_MAE: 1277.431274, trans_MSE: 1483.079834, trans_RMSE: 38.510777, trans_MAE: 27.114201
==BEST TEST==
A--------->B
EPOCH:: 64, Loss: 1558.355309, Cycle Loss: 212.894981, MSE: 1275139.653345, RMSE: 1129.220817, MAE: 561.186265, rot_MSE: 2212368.250000, rot_RMSE: 1487.403198, rot_MAE: 1275.649658, trans_MSE: 1345.264160, trans_RMSE: 36.677841, trans_MAE: 23.097080
B--------->A
EPOCH:: 64, Loss: 1558.355309, MSE: 1274708.825865, RMSE: 1129.030038, MAE: 560.023189, rot_MSE: 2212706.500000, rot_RMSE: 1487.516846, rot_MAE: 1275.185059, trans_MSE: 746.723328, trans_RMSE: 27.326239, trans_MAE: 18.936916
==TRAIN==
A--------->B
EPOCH:: 65, Loss: 244.739248, Cycle Loss:, 41.737467, MSE: 1147732.016081, RMSE: 1071.322555, MAE: 558.121401, rot_MSE: 2272088.250000, rot_RMSE: 1507.344727, rot_MAE: 1306.888672, trans_MSE: 202.851990, trans_RMSE: 14.242612, trans_MAE: 9.189203
B--------->A
EPOCH:: 65, Loss: 244.739248, MSE: 1147743.685677, RMSE: 1071.328001, MAE: 552.714991, rot_MSE: 2270975.250000, rot_RMSE: 1506.975586, rot_MAE: 1306.714722, trans_MSE: 240.413025, trans_RMSE: 15.505258, trans_MAE: 9.403269
==TEST==
A--------->B
EPOCH:: 65, Loss: 1833.229330, Cycle Loss: 232.241983, MSE: 1274801.053267, RMSE: 1129.070881, MAE: 561.607881, rot_MSE: 2210747.750000, rot_RMSE: 1486.858398, rot_MAE: 1274.444580, trans_MSE: 1600.767578, trans_RMSE: 40.009594, trans_MAE: 24.765326
B--------->A
EPOCH:: 65, Loss: 1833.229330, MSE: 1274329.545325, RMSE: 1128.862058, MAE: 558.923178, rot_MSE: 2211470.750000, rot_RMSE: 1487.101440, rot_MAE: 1274.416870, trans_MSE: 763.398010, trans_RMSE: 27.629658, trans_MAE: 19.024067
==BEST TEST==
A--------->B
EPOCH:: 65, Loss: 1558.355309, Cycle Loss: 212.894981, MSE: 1275139.653345, RMSE: 1129.220817, MAE: 561.186265, rot_MSE: 2212368.250000, rot_RMSE: 1487.403198, rot_MAE: 1275.649658, trans_MSE: 1345.264160, trans_RMSE: 36.677841, trans_MAE: 23.097080
B--------->A
EPOCH:: 65, Loss: 1558.355309, MSE: 1274708.825865, RMSE: 1129.030038, MAE: 560.023189, rot_MSE: 2212706.500000, rot_RMSE: 1487.516846, rot_MAE: 1275.185059, trans_MSE: 746.723328, trans_RMSE: 27.326239, trans_MAE: 18.936916
==TRAIN==
A--------->B
EPOCH:: 66, Loss: 333.130461, Cycle Loss:, 51.113481, MSE: 1138445.704167, RMSE: 1066.979711, MAE: 555.383327, rot_MSE: 2266322.750000, rot_RMSE: 1505.431030, rot_MAE: 1305.465576, trans_MSE: 281.856995, trans_RMSE: 16.788597, trans_MAE: 9.123507
B--------->A
EPOCH:: 66, Loss: 333.130461, MSE: 1138517.335026, RMSE: 1067.013278, MAE: 548.993745, rot_MSE: 2269044.250000, rot_RMSE: 1506.334717, rot_MAE: 1305.867798, trans_MSE: 251.510071, trans_RMSE: 15.859069, trans_MAE: 9.353695
==TEST==
A--------->B
EPOCH:: 66, Loss: 1776.322902, Cycle Loss: 248.097440, MSE: 1274616.974884, RMSE: 1128.989360, MAE: 561.939069, rot_MSE: 2219182.500000, rot_RMSE: 1489.692139, rot_MAE: 1276.631592, trans_MSE: 1527.992798, trans_RMSE: 39.089550, trans_MAE: 24.727026
B--------->A
EPOCH:: 66, Loss: 1776.322902, MSE: 1274375.203964, RMSE: 1128.882281, MAE: 557.959378, rot_MSE: 2217714.500000, rot_RMSE: 1489.199341, rot_MAE: 1276.860840, trans_MSE: 873.281921, trans_RMSE: 29.551344, trans_MAE: 20.276852
==BEST TEST==
A--------->B
EPOCH:: 66, Loss: 1558.355309, Cycle Loss: 212.894981, MSE: 1275139.653345, RMSE: 1129.220817, MAE: 561.186265, rot_MSE: 2212368.250000, rot_RMSE: 1487.403198, rot_MAE: 1275.649658, trans_MSE: 1345.264160, trans_RMSE: 36.677841, trans_MAE: 23.097080
B--------->A
EPOCH:: 66, Loss: 1558.355309, MSE: 1274708.825865, RMSE: 1129.030038, MAE: 560.023189, rot_MSE: 2212706.500000, rot_RMSE: 1487.516846, rot_MAE: 1275.185059, trans_MSE: 746.723328, trans_RMSE: 27.326239, trans_MAE: 18.936916
==TRAIN==
A--------->B
EPOCH:: 67, Loss: 245.810993, Cycle Loss:, 44.670178, MSE: 1148425.716471, RMSE: 1071.646265, MAE: 558.163794, rot_MSE: 2269006.500000, rot_RMSE: 1506.322144, rot_MAE: 1307.101440, trans_MSE: 200.984848, trans_RMSE: 14.176912, trans_MAE: 8.446067
B--------->A
EPOCH:: 67, Loss: 245.810993, MSE: 1148449.003125, RMSE: 1071.657129, MAE: 552.538711, rot_MSE: 2271568.750000, rot_RMSE: 1507.172485, rot_MAE: 1307.737549, trans_MSE: 241.133514, trans_RMSE: 15.528474, trans_MAE: 9.344655
==TEST==
A--------->B
EPOCH:: 67, Loss: 9011.608282, Cycle Loss: 882.191626, MSE: 1279809.238314, RMSE: 1131.286541, MAE: 563.633421, rot_MSE: 2208327.000000, rot_RMSE: 1486.044067, rot_MAE: 1273.269287, trans_MSE: 8129.217773, trans_RMSE: 90.162178, trans_MAE: 30.864401
B--------->A
EPOCH:: 67, Loss: 9011.608282, MSE: 1274098.670713, RMSE: 1128.759793, MAE: 562.291083, rot_MSE: 2215310.000000, rot_RMSE: 1488.391724, rot_MAE: 1275.615112, trans_MSE: 736.658203, trans_RMSE: 27.141449, trans_MAE: 17.674215
==BEST TEST==
A--------->B
EPOCH:: 67, Loss: 1558.355309, Cycle Loss: 212.894981, MSE: 1275139.653345, RMSE: 1129.220817, MAE: 561.186265, rot_MSE: 2212368.250000, rot_RMSE: 1487.403198, rot_MAE: 1275.649658, trans_MSE: 1345.264160, trans_RMSE: 36.677841, trans_MAE: 23.097080
B--------->A
EPOCH:: 67, Loss: 1558.355309, MSE: 1274708.825865, RMSE: 1129.030038, MAE: 560.023189, rot_MSE: 2212706.500000, rot_RMSE: 1487.516846, rot_MAE: 1275.185059, trans_MSE: 746.723328, trans_RMSE: 27.326239, trans_MAE: 18.936916
==TRAIN==
A--------->B
EPOCH:: 68, Loss: 553.940213, Cycle Loss:, 80.161874, MSE: 1147675.512760, RMSE: 1071.296183, MAE: 557.904378, rot_MSE: 2265174.500000, rot_RMSE: 1505.049683, rot_MAE: 1305.533813, trans_MSE: 473.611206, trans_RMSE: 21.762609, trans_MAE: 10.325612
B--------->A
EPOCH:: 68, Loss: 553.940213, MSE: 1147545.241927, RMSE: 1071.235381, MAE: 552.900253, rot_MSE: 2268714.750000, rot_RMSE: 1506.225342, rot_MAE: 1306.050781, trans_MSE: 317.682861, trans_RMSE: 17.823660, trans_MAE: 9.954807
==TEST==
A--------->B
EPOCH:: 68, Loss: 2716.432300, Cycle Loss: 392.566617, MSE: 1276290.785640, RMSE: 1129.730404, MAE: 562.723522, rot_MSE: 2216642.750000, rot_RMSE: 1488.839355, rot_MAE: 1274.310913, trans_MSE: 2323.581787, trans_RMSE: 48.203545, trans_MAE: 31.274370
B--------->A
EPOCH:: 68, Loss: 2716.432300, MSE: 1275888.021694, RMSE: 1129.552133, MAE: 560.773183, rot_MSE: 2224943.250000, rot_RMSE: 1491.624390, rot_MAE: 1280.654907, trans_MSE: 1510.015137, trans_RMSE: 38.858913, trans_MAE: 26.626846
==BEST TEST==
A--------->B
EPOCH:: 68, Loss: 1558.355309, Cycle Loss: 212.894981, MSE: 1275139.653345, RMSE: 1129.220817, MAE: 561.186265, rot_MSE: 2212368.250000, rot_RMSE: 1487.403198, rot_MAE: 1275.649658, trans_MSE: 1345.264160, trans_RMSE: 36.677841, trans_MAE: 23.097080
B--------->A
EPOCH:: 68, Loss: 1558.355309, MSE: 1274708.825865, RMSE: 1129.030038, MAE: 560.023189, rot_MSE: 2212706.500000, rot_RMSE: 1487.516846, rot_MAE: 1275.185059, trans_MSE: 746.723328, trans_RMSE: 27.326239, trans_MAE: 18.936916
==TRAIN==
A--------->B
EPOCH:: 69, Loss: 493.624039, Cycle Loss:, 89.741935, MSE: 1145516.316602, RMSE: 1070.287960, MAE: 556.997788, rot_MSE: 2269114.750000, rot_RMSE: 1506.358154, rot_MAE: 1306.328247, trans_MSE: 403.689972, trans_RMSE: 20.092037, trans_MAE: 12.180588
B--------->A
EPOCH:: 69, Loss: 493.624039, MSE: 1145642.312109, RMSE: 1070.346819, MAE: 549.684490, rot_MSE: 2271424.000000, rot_RMSE: 1507.124390, rot_MAE: 1307.271851, trans_MSE: 478.704529, trans_RMSE: 21.879318, trans_MAE: 12.559237
==TEST==
A--------->B
EPOCH:: 69, Loss: 5392.718123, Cycle Loss: 706.592057, MSE: 1278351.755746, RMSE: 1130.642187, MAE: 563.480421, rot_MSE: 2219665.000000, rot_RMSE: 1489.854004, rot_MAE: 1276.697021, trans_MSE: 4685.791504, trans_RMSE: 68.452843, trans_MAE: 41.501457
B--------->A
EPOCH:: 69, Loss: 5392.718123, MSE: 1276047.564566, RMSE: 1129.622753, MAE: 562.139254, rot_MSE: 2206594.000000, rot_RMSE: 1485.460815, rot_MAE: 1273.540283, trans_MSE: 2025.114136, trans_RMSE: 45.001266, trans_MAE: 32.945831
==BEST TEST==
A--------->B
EPOCH:: 69, Loss: 1558.355309, Cycle Loss: 212.894981, MSE: 1275139.653345, RMSE: 1129.220817, MAE: 561.186265, rot_MSE: 2212368.250000, rot_RMSE: 1487.403198, rot_MAE: 1275.649658, trans_MSE: 1345.264160, trans_RMSE: 36.677841, trans_MAE: 23.097080
B--------->A
EPOCH:: 69, Loss: 1558.355309, MSE: 1274708.825865, RMSE: 1129.030038, MAE: 560.023189, rot_MSE: 2212706.500000, rot_RMSE: 1487.516846, rot_MAE: 1275.185059, trans_MSE: 746.723328, trans_RMSE: 27.326239, trans_MAE: 18.936916
==TRAIN==
A--------->B
EPOCH:: 70, Loss: 535.659556, Cycle Loss:, 83.572489, MSE: 1146718.985482, RMSE: 1070.849656, MAE: 557.705282, rot_MSE: 2264564.000000, rot_RMSE: 1504.846802, rot_MAE: 1304.852905, trans_MSE: 451.903046, trans_RMSE: 21.258011, trans_MAE: 11.777832
B--------->A
EPOCH:: 70, Loss: 535.659556, MSE: 1147021.642318, RMSE: 1070.990963, MAE: 550.847375, rot_MSE: 2265706.750000, rot_RMSE: 1505.226440, rot_MAE: 1304.938599, trans_MSE: 464.462860, trans_RMSE: 21.551401, trans_MAE: 11.468431
==TEST==
A--------->B
EPOCH:: 70, Loss: 1738.905034, Cycle Loss: 252.836176, MSE: 1275320.278603, RMSE: 1129.300792, MAE: 561.923611, rot_MSE: 2210212.000000, rot_RMSE: 1486.678223, rot_MAE: 1271.600342, trans_MSE: 1485.796875, trans_RMSE: 38.546036, trans_MAE: 24.507597
B--------->A
EPOCH:: 70, Loss: 1738.905034, MSE: 1275251.934207, RMSE: 1129.270532, MAE: 559.652867, rot_MSE: 2218143.000000, rot_RMSE: 1489.343140, rot_MAE: 1276.648682, trans_MSE: 876.042847, trans_RMSE: 29.598021, trans_MAE: 20.823826
==BEST TEST==
A--------->B
EPOCH:: 70, Loss: 1558.355309, Cycle Loss: 212.894981, MSE: 1275139.653345, RMSE: 1129.220817, MAE: 561.186265, rot_MSE: 2212368.250000, rot_RMSE: 1487.403198, rot_MAE: 1275.649658, trans_MSE: 1345.264160, trans_RMSE: 36.677841, trans_MAE: 23.097080
B--------->A
EPOCH:: 70, Loss: 1558.355309, MSE: 1274708.825865, RMSE: 1129.030038, MAE: 560.023189, rot_MSE: 2212706.500000, rot_RMSE: 1487.516846, rot_MAE: 1275.185059, trans_MSE: 746.723328, trans_RMSE: 27.326239, trans_MAE: 18.936916
==TRAIN==
A--------->B
EPOCH:: 71, Loss: 329.438299, Cycle Loss:, 53.464699, MSE: 1147021.219141, RMSE: 1070.990765, MAE: 557.998341, rot_MSE: 2270240.000000, rot_RMSE: 1506.731567, rot_MAE: 1306.933472, trans_MSE: 275.783417, trans_RMSE: 16.606728, trans_MAE: 10.007730
B--------->A
EPOCH:: 71, Loss: 329.438299, MSE: 1146937.754297, RMSE: 1070.951798, MAE: 551.317988, rot_MSE: 2267170.250000, rot_RMSE: 1505.712524, rot_MAE: 1305.854004, trans_MSE: 282.208344, trans_RMSE: 16.799057, trans_MAE: 10.248210
==TEST==
A--------->B
EPOCH:: 71, Loss: 1812.800701, Cycle Loss: 255.854377, MSE: 1275699.119447, RMSE: 1129.468512, MAE: 562.025377, rot_MSE: 2217405.500000, rot_RMSE: 1489.095581, rot_MAE: 1276.242065, trans_MSE: 1556.669556, trans_RMSE: 39.454651, trans_MAE: 25.675406
B--------->A
EPOCH:: 71, Loss: 1812.800701, MSE: 1275256.391916, RMSE: 1129.272506, MAE: 560.818766, rot_MSE: 2215347.250000, rot_RMSE: 1488.404297, rot_MAE: 1277.286011, trans_MSE: 904.629150, trans_RMSE: 30.077053, trans_MAE: 21.052736
==BEST TEST==
A--------->B
EPOCH:: 71, Loss: 1558.355309, Cycle Loss: 212.894981, MSE: 1275139.653345, RMSE: 1129.220817, MAE: 561.186265, rot_MSE: 2212368.250000, rot_RMSE: 1487.403198, rot_MAE: 1275.649658, trans_MSE: 1345.264160, trans_RMSE: 36.677841, trans_MAE: 23.097080
B--------->A
EPOCH:: 71, Loss: 1558.355309, MSE: 1274708.825865, RMSE: 1129.030038, MAE: 560.023189, rot_MSE: 2212706.500000, rot_RMSE: 1487.516846, rot_MAE: 1275.185059, trans_MSE: 746.723328, trans_RMSE: 27.326239, trans_MAE: 18.936916
==TRAIN==
A--------->B
EPOCH:: 72, Loss: 363.824085, Cycle Loss:, 63.233932, MSE: 1147114.231380, RMSE: 1071.034188, MAE: 557.864255, rot_MSE: 2265707.500000, rot_RMSE: 1505.226685, rot_MAE: 1305.422607, trans_MSE: 300.417755, trans_RMSE: 17.332563, trans_MAE: 9.597692
B--------->A
EPOCH:: 72, Loss: 363.824085, MSE: 1147090.791276, RMSE: 1071.023245, MAE: 551.794344, rot_MSE: 2265884.250000, rot_RMSE: 1505.285400, rot_MAE: 1306.009155, trans_MSE: 339.661499, trans_RMSE: 18.429907, trans_MAE: 10.550838
==TEST==
A--------->B
EPOCH:: 72, Loss: 2450.653316, Cycle Loss: 356.706268, MSE: 1275721.603112, RMSE: 1129.478465, MAE: 562.435385, rot_MSE: 2208800.000000, rot_RMSE: 1486.203247, rot_MAE: 1272.277588, trans_MSE: 2093.636475, trans_RMSE: 45.756271, trans_MAE: 30.179544
B--------->A
EPOCH:: 72, Loss: 2450.653316, MSE: 1275155.112797, RMSE: 1129.227662, MAE: 561.037998, rot_MSE: 2218895.750000, rot_RMSE: 1489.595825, rot_MAE: 1276.490356, trans_MSE: 1205.272339, trans_RMSE: 34.717033, trans_MAE: 24.753500
==BEST TEST==
A--------->B
EPOCH:: 72, Loss: 1558.355309, Cycle Loss: 212.894981, MSE: 1275139.653345, RMSE: 1129.220817, MAE: 561.186265, rot_MSE: 2212368.250000, rot_RMSE: 1487.403198, rot_MAE: 1275.649658, trans_MSE: 1345.264160, trans_RMSE: 36.677841, trans_MAE: 23.097080
B--------->A
EPOCH:: 72, Loss: 1558.355309, MSE: 1274708.825865, RMSE: 1129.030038, MAE: 560.023189, rot_MSE: 2212706.500000, rot_RMSE: 1487.516846, rot_MAE: 1275.185059, trans_MSE: 746.723328, trans_RMSE: 27.326239, trans_MAE: 18.936916
==TRAIN==
A--------->B
EPOCH:: 73, Loss: 219.348871, Cycle Loss:, 38.146483, MSE: 1148490.093620, RMSE: 1071.676301, MAE: 559.092871, rot_MSE: 2271169.500000, rot_RMSE: 1507.040039, rot_MAE: 1307.972046, trans_MSE: 181.033966, trans_RMSE: 13.454886, trans_MAE: 8.301576
B--------->A
EPOCH:: 73, Loss: 219.348871, MSE: 1148489.011589, RMSE: 1071.675796, MAE: 553.741948, rot_MSE: 2272746.000000, rot_RMSE: 1507.562988, rot_MAE: 1308.385132, trans_MSE: 209.222931, trans_RMSE: 14.464540, trans_MAE: 8.986526
==TEST==
A--------->B
EPOCH:: 73, Loss: 4643.601385, Cycle Loss: 643.835992, MSE: 1276818.043130, RMSE: 1129.963735, MAE: 562.786815, rot_MSE: 2218847.250000, rot_RMSE: 1489.579590, rot_MAE: 1277.219116, trans_MSE: 3999.426270, trans_RMSE: 63.241016, trans_MAE: 39.338192
B--------->A
EPOCH:: 73, Loss: 4643.601385, MSE: 1274976.770661, RMSE: 1129.148693, MAE: 559.468979, rot_MSE: 2219019.000000, rot_RMSE: 1489.637207, rot_MAE: 1277.410889, trans_MSE: 1729.156006, trans_RMSE: 41.583122, trans_MAE: 30.176600
==BEST TEST==
A--------->B
EPOCH:: 73, Loss: 1558.355309, Cycle Loss: 212.894981, MSE: 1275139.653345, RMSE: 1129.220817, MAE: 561.186265, rot_MSE: 2212368.250000, rot_RMSE: 1487.403198, rot_MAE: 1275.649658, trans_MSE: 1345.264160, trans_RMSE: 36.677841, trans_MAE: 23.097080
B--------->A
EPOCH:: 73, Loss: 1558.355309, MSE: 1274708.825865, RMSE: 1129.030038, MAE: 560.023189, rot_MSE: 2212706.500000, rot_RMSE: 1487.516846, rot_MAE: 1275.185059, trans_MSE: 746.723328, trans_RMSE: 27.326239, trans_MAE: 18.936916
==TRAIN==
A--------->B
EPOCH:: 74, Loss: 291.244923, Cycle Loss:, 45.605018, MSE: 1146301.343815, RMSE: 1070.654633, MAE: 557.491195, rot_MSE: 2268624.250000, rot_RMSE: 1506.195312, rot_MAE: 1306.800415, trans_MSE: 245.465042, trans_RMSE: 15.667324, trans_MAE: 8.349169
B--------->A
EPOCH:: 74, Loss: 291.244923, MSE: 1146413.951172, RMSE: 1070.707220, MAE: 551.372259, rot_MSE: 2265952.750000, rot_RMSE: 1505.308228, rot_MAE: 1306.039429, trans_MSE: 216.170441, trans_RMSE: 14.702736, trans_MAE: 8.455415
==TEST==
A--------->B
EPOCH:: 74, Loss: 1523.133157, Cycle Loss: 219.290705, MSE: 1274713.759879, RMSE: 1129.032223, MAE: 561.953170, rot_MSE: 2216268.250000, rot_RMSE: 1488.713623, rot_MAE: 1273.870239, trans_MSE: 1303.575073, trans_RMSE: 36.105057, trans_MAE: 22.179646
B--------->A
EPOCH:: 74, Loss: 1523.133157, MSE: 1274541.953835, RMSE: 1128.956135, MAE: 560.102957, rot_MSE: 2214127.500000, rot_RMSE: 1487.994507, rot_MAE: 1275.201904, trans_MSE: 711.610840, trans_RMSE: 26.676035, trans_MAE: 18.662325
==BEST TEST==
A--------->B
EPOCH:: 74, Loss: 1523.133157, Cycle Loss: 219.290705, MSE: 1274713.759879, RMSE: 1129.032223, MAE: 561.953170, rot_MSE: 2216268.250000, rot_RMSE: 1488.713623, rot_MAE: 1273.870239, trans_MSE: 1303.575073, trans_RMSE: 36.105057, trans_MAE: 22.179646
B--------->A
EPOCH:: 74, Loss: 1523.133157, MSE: 1274541.953835, RMSE: 1128.956135, MAE: 560.102957, rot_MSE: 2214127.500000, rot_RMSE: 1487.994507, rot_MAE: 1275.201904, trans_MSE: 711.610840, trans_RMSE: 26.676035, trans_MAE: 18.662325
==TRAIN==
A--------->B
EPOCH:: 75, Loss: 266.688236, Cycle Loss:, 43.907927, MSE: 1148221.935026, RMSE: 1071.551182, MAE: 558.684907, rot_MSE: 2261854.000000, rot_RMSE: 1503.946167, rot_MAE: 1303.718872, trans_MSE: 222.609421, trans_RMSE: 14.920101, trans_MAE: 8.090620
B--------->A
EPOCH:: 75, Loss: 266.688236, MSE: 1148251.064714, RMSE: 1071.564774, MAE: 552.732563, rot_MSE: 2264303.000000, rot_RMSE: 1504.760132, rot_MAE: 1305.019775, trans_MSE: 226.566986, trans_RMSE: 15.052142, trans_MAE: 8.585073
==TEST==
A--------->B
EPOCH:: 75, Loss: 963.840035, Cycle Loss: 134.986347, MSE: 1274122.619254, RMSE: 1128.770401, MAE: 561.589050, rot_MSE: 2213232.250000, rot_RMSE: 1487.693604, rot_MAE: 1275.796875, trans_MSE: 828.634705, trans_RMSE: 28.786016, trans_MAE: 16.751640
B--------->A
EPOCH:: 75, Loss: 963.840035, MSE: 1273763.222753, RMSE: 1128.611192, MAE: 559.225671, rot_MSE: 2212135.750000, rot_RMSE: 1487.325073, rot_MAE: 1275.162354, trans_MSE: 419.966309, trans_RMSE: 20.493080, trans_MAE: 14.074106
==BEST TEST==
A--------->B
EPOCH:: 75, Loss: 963.840035, Cycle Loss: 134.986347, MSE: 1274122.619254, RMSE: 1128.770401, MAE: 561.589050, rot_MSE: 2213232.250000, rot_RMSE: 1487.693604, rot_MAE: 1275.796875, trans_MSE: 828.634705, trans_RMSE: 28.786016, trans_MAE: 16.751640
B--------->A
EPOCH:: 75, Loss: 963.840035, MSE: 1273763.222753, RMSE: 1128.611192, MAE: 559.225671, rot_MSE: 2212135.750000, rot_RMSE: 1487.325073, rot_MAE: 1275.162354, trans_MSE: 419.966309, trans_RMSE: 20.493080, trans_MAE: 14.074106
==TRAIN==
A--------->B
EPOCH:: 76, Loss: 210.520476, Cycle Loss:, 35.949586, MSE: 1146542.651042, RMSE: 1070.767319, MAE: 557.568797, rot_MSE: 2259431.000000, rot_RMSE: 1503.140381, rot_MAE: 1303.812500, trans_MSE: 174.403168, trans_RMSE: 13.206180, trans_MAE: 7.351779
B--------->A
EPOCH:: 76, Loss: 210.520476, MSE: 1146697.325911, RMSE: 1070.839543, MAE: 552.019281, rot_MSE: 2261266.750000, rot_RMSE: 1503.750854, rot_MAE: 1304.033325, trans_MSE: 215.568207, trans_RMSE: 14.682241, trans_MAE: 8.223369
==TEST==
A--------->B
EPOCH:: 76, Loss: 1226.046087, Cycle Loss: 172.958457, MSE: 1274038.089101, RMSE: 1128.732957, MAE: 561.435345, rot_MSE: 2221502.750000, rot_RMSE: 1490.470703, rot_MAE: 1278.246704, trans_MSE: 1052.852783, trans_RMSE: 32.447693, trans_MAE: 19.627155
B--------->A
EPOCH:: 76, Loss: 1226.046087, MSE: 1273824.649600, RMSE: 1128.638405, MAE: 559.492838, rot_MSE: 2212137.250000, rot_RMSE: 1487.325562, rot_MAE: 1274.942261, trans_MSE: 565.604065, trans_RMSE: 23.782433, trans_MAE: 16.517361
==BEST TEST==
A--------->B
EPOCH:: 76, Loss: 963.840035, Cycle Loss: 134.986347, MSE: 1274122.619254, RMSE: 1128.770401, MAE: 561.589050, rot_MSE: 2213232.250000, rot_RMSE: 1487.693604, rot_MAE: 1275.796875, trans_MSE: 828.634705, trans_RMSE: 28.786016, trans_MAE: 16.751640
B--------->A
EPOCH:: 76, Loss: 963.840035, MSE: 1273763.222753, RMSE: 1128.611192, MAE: 559.225671, rot_MSE: 2212135.750000, rot_RMSE: 1487.325073, rot_MAE: 1275.162354, trans_MSE: 419.966309, trans_RMSE: 20.493080, trans_MAE: 14.074106
==TRAIN==
A--------->B
EPOCH:: 77, Loss: 252.847986, Cycle Loss:, 44.526218, MSE: 1148598.195833, RMSE: 1071.726736, MAE: 558.714427, rot_MSE: 2262061.250000, rot_RMSE: 1504.015015, rot_MAE: 1303.897217, trans_MSE: 208.145782, trans_RMSE: 14.427258, trans_MAE: 7.869315
B--------->A
EPOCH:: 77, Loss: 252.847986, MSE: 1148609.559245, RMSE: 1071.732037, MAE: 552.843475, rot_MSE: 2261323.250000, rot_RMSE: 1503.769653, rot_MAE: 1304.093872, trans_MSE: 225.350388, trans_RMSE: 15.011675, trans_MAE: 8.417403
==TEST==
A--------->B
EPOCH:: 77, Loss: 913.305936, Cycle Loss: 128.980328, MSE: 1273706.561015, RMSE: 1128.586089, MAE: 561.332467, rot_MSE: 2214574.500000, rot_RMSE: 1488.144653, rot_MAE: 1276.697510, trans_MSE: 784.117188, trans_RMSE: 28.002092, trans_MAE: 16.401890
B--------->A
EPOCH:: 77, Loss: 913.305936, MSE: 1273390.016981, RMSE: 1128.445841, MAE: 560.595661, rot_MSE: 2210361.000000, rot_RMSE: 1486.728271, rot_MAE: 1274.873047, trans_MSE: 399.904480, trans_RMSE: 19.997612, trans_MAE: 13.539602
==BEST TEST==
A--------->B
EPOCH:: 77, Loss: 913.305936, Cycle Loss: 128.980328, MSE: 1273706.561015, RMSE: 1128.586089, MAE: 561.332467, rot_MSE: 2214574.500000, rot_RMSE: 1488.144653, rot_MAE: 1276.697510, trans_MSE: 784.117188, trans_RMSE: 28.002092, trans_MAE: 16.401890
B--------->A
EPOCH:: 77, Loss: 913.305936, MSE: 1273390.016981, RMSE: 1128.445841, MAE: 560.595661, rot_MSE: 2210361.000000, rot_RMSE: 1486.728271, rot_MAE: 1274.873047, trans_MSE: 399.904480, trans_RMSE: 19.997612, trans_MAE: 13.539602
==TRAIN==
A--------->B
EPOCH:: 78, Loss: 192.292533, Cycle Loss:, 32.360185, MSE: 1138307.567057, RMSE: 1066.914976, MAE: 555.641843, rot_MSE: 2261208.500000, rot_RMSE: 1503.731567, rot_MAE: 1304.005249, trans_MSE: 159.768127, trans_RMSE: 12.639942, trans_MAE: 7.135649
B--------->A
EPOCH:: 78, Loss: 192.292533, MSE: 1138558.829167, RMSE: 1067.032722, MAE: 549.770116, rot_MSE: 2264319.500000, rot_RMSE: 1504.765625, rot_MAE: 1304.692505, trans_MSE: 193.370834, trans_RMSE: 13.905785, trans_MAE: 8.018003
==TEST==
A--------->B
EPOCH:: 78, Loss: 3424.298336, Cycle Loss: 374.153094, MSE: 1275820.602208, RMSE: 1129.522289, MAE: 561.962548, rot_MSE: 2209203.250000, rot_RMSE: 1486.338867, rot_MAE: 1275.070435, trans_MSE: 3049.917236, trans_RMSE: 55.226055, trans_MAE: 26.165640
B--------->A
EPOCH:: 78, Loss: 3424.298336, MSE: 1273980.302621, RMSE: 1128.707359, MAE: 563.324258, rot_MSE: 2209081.500000, rot_RMSE: 1486.297974, rot_MAE: 1274.619019, trans_MSE: 574.011292, trans_RMSE: 23.958532, trans_MAE: 16.461496
==BEST TEST==
A--------->B
EPOCH:: 78, Loss: 913.305936, Cycle Loss: 128.980328, MSE: 1273706.561015, RMSE: 1128.586089, MAE: 561.332467, rot_MSE: 2214574.500000, rot_RMSE: 1488.144653, rot_MAE: 1276.697510, trans_MSE: 784.117188, trans_RMSE: 28.002092, trans_MAE: 16.401890
B--------->A
EPOCH:: 78, Loss: 913.305936, MSE: 1273390.016981, RMSE: 1128.445841, MAE: 560.595661, rot_MSE: 2210361.000000, rot_RMSE: 1486.728271, rot_MAE: 1274.873047, trans_MSE: 399.904480, trans_RMSE: 19.997612, trans_MAE: 13.539602
==TRAIN==
A--------->B
EPOCH:: 79, Loss: 194.131714, Cycle Loss:, 33.575419, MSE: 1147696.153711, RMSE: 1071.305817, MAE: 557.899068, rot_MSE: 2266893.250000, rot_RMSE: 1505.620605, rot_MAE: 1305.753418, trans_MSE: 160.392899, trans_RMSE: 12.664632, trans_MAE: 7.408897
B--------->A
EPOCH:: 79, Loss: 194.131714, MSE: 1147830.526953, RMSE: 1071.368530, MAE: 552.013229, rot_MSE: 2269395.000000, rot_RMSE: 1506.451172, rot_MAE: 1306.761597, trans_MSE: 176.454300, trans_RMSE: 13.283610, trans_MAE: 7.849082
==TEST==
A--------->B
EPOCH:: 79, Loss: 1309.055901, Cycle Loss: 179.627294, MSE: 1274330.896759, RMSE: 1128.862656, MAE: 561.530185, rot_MSE: 2211114.250000, rot_RMSE: 1486.981567, rot_MAE: 1274.906982, trans_MSE: 1129.201416, trans_RMSE: 33.603592, trans_MAE: 20.727215
B--------->A
EPOCH:: 79, Loss: 1309.055901, MSE: 1274031.056754, RMSE: 1128.729842, MAE: 561.293094, rot_MSE: 2217191.000000, rot_RMSE: 1489.023560, rot_MAE: 1276.115845, trans_MSE: 581.862610, trans_RMSE: 24.121828, trans_MAE: 16.842201
==BEST TEST==
A--------->B
EPOCH:: 79, Loss: 913.305936, Cycle Loss: 128.980328, MSE: 1273706.561015, RMSE: 1128.586089, MAE: 561.332467, rot_MSE: 2214574.500000, rot_RMSE: 1488.144653, rot_MAE: 1276.697510, trans_MSE: 784.117188, trans_RMSE: 28.002092, trans_MAE: 16.401890
B--------->A
EPOCH:: 79, Loss: 913.305936, MSE: 1273390.016981, RMSE: 1128.445841, MAE: 560.595661, rot_MSE: 2210361.000000, rot_RMSE: 1486.728271, rot_MAE: 1274.873047, trans_MSE: 399.904480, trans_RMSE: 19.997612, trans_MAE: 13.539602
==TRAIN==
A--------->B
EPOCH:: 80, Loss: 155.017197, Cycle Loss:, 26.672480, MSE: 1147466.019922, RMSE: 1071.198404, MAE: 558.135640, rot_MSE: 2267705.000000, rot_RMSE: 1505.890137, rot_MAE: 1306.193115, trans_MSE: 128.181778, trans_RMSE: 11.321739, trans_MAE: 6.661094
B--------->A
EPOCH:: 80, Loss: 155.017197, MSE: 1147503.795052, RMSE: 1071.216036, MAE: 551.701876, rot_MSE: 2269335.750000, rot_RMSE: 1506.431519, rot_MAE: 1306.347778, trans_MSE: 150.084763, trans_RMSE: 12.250909, trans_MAE: 7.403973
==TEST==
A--------->B
EPOCH:: 80, Loss: 9098.224348, Cycle Loss: 901.011481, MSE: 1279739.843944, RMSE: 1131.255870, MAE: 563.602710, rot_MSE: 2210780.500000, rot_RMSE: 1486.869385, rot_MAE: 1275.644775, trans_MSE: 8196.994141, trans_RMSE: 90.537254, trans_MAE: 34.261063
B--------->A
EPOCH:: 80, Loss: 9098.224348, MSE: 1274065.881263, RMSE: 1128.745269, MAE: 564.518265, rot_MSE: 2209747.000000, rot_RMSE: 1486.521729, rot_MAE: 1275.421753, trans_MSE: 647.960327, trans_RMSE: 25.455065, trans_MAE: 16.955067
==BEST TEST==
A--------->B
EPOCH:: 80, Loss: 913.305936, Cycle Loss: 128.980328, MSE: 1273706.561015, RMSE: 1128.586089, MAE: 561.332467, rot_MSE: 2214574.500000, rot_RMSE: 1488.144653, rot_MAE: 1276.697510, trans_MSE: 784.117188, trans_RMSE: 28.002092, trans_MAE: 16.401890
B--------->A
EPOCH:: 80, Loss: 913.305936, MSE: 1273390.016981, RMSE: 1128.445841, MAE: 560.595661, rot_MSE: 2210361.000000, rot_RMSE: 1486.728271, rot_MAE: 1274.873047, trans_MSE: 399.904480, trans_RMSE: 19.997612, trans_MAE: 13.539602
==TRAIN==
A--------->B
EPOCH:: 81, Loss: 216.902007, Cycle Loss:, 38.254630, MSE: 1148241.585221, RMSE: 1071.560351, MAE: 558.398366, rot_MSE: 2261090.000000, rot_RMSE: 1503.692139, rot_MAE: 1303.979370, trans_MSE: 178.483231, trans_RMSE: 13.359761, trans_MAE: 7.438814
B--------->A
EPOCH:: 81, Loss: 216.902007, MSE: 1148337.067383, RMSE: 1071.604903, MAE: 552.534597, rot_MSE: 2262475.750000, rot_RMSE: 1504.152832, rot_MAE: 1303.550781, trans_MSE: 198.928085, trans_RMSE: 14.104187, trans_MAE: 7.886160
==TEST==
A--------->B
EPOCH:: 81, Loss: 1240.735959, Cycle Loss: 171.514551, MSE: 1274543.069279, RMSE: 1128.956629, MAE: 561.342260, rot_MSE: 2214215.250000, rot_RMSE: 1488.023926, rot_MAE: 1275.098999, trans_MSE: 1068.983154, trans_RMSE: 32.695309, trans_MAE: 20.007280
B--------->A
EPOCH:: 81, Loss: 1240.735959, MSE: 1274201.980953, RMSE: 1128.805555, MAE: 559.943281, rot_MSE: 2211802.250000, rot_RMSE: 1487.212891, rot_MAE: 1274.769653, trans_MSE: 590.425781, trans_RMSE: 24.298679, trans_MAE: 17.087252
==BEST TEST==
A--------->B
EPOCH:: 81, Loss: 913.305936, Cycle Loss: 128.980328, MSE: 1273706.561015, RMSE: 1128.586089, MAE: 561.332467, rot_MSE: 2214574.500000, rot_RMSE: 1488.144653, rot_MAE: 1276.697510, trans_MSE: 784.117188, trans_RMSE: 28.002092, trans_MAE: 16.401890
B--------->A
EPOCH:: 81, Loss: 913.305936, MSE: 1273390.016981, RMSE: 1128.445841, MAE: 560.595661, rot_MSE: 2210361.000000, rot_RMSE: 1486.728271, rot_MAE: 1274.873047, trans_MSE: 399.904480, trans_RMSE: 19.997612, trans_MAE: 13.539602
==TRAIN==
A--------->B
EPOCH:: 82, Loss: 215.586746, Cycle Loss:, 32.951656, MSE: 1148144.103320, RMSE: 1071.514864, MAE: 558.239949, rot_MSE: 2268551.750000, rot_RMSE: 1506.171265, rot_MAE: 1305.761841, trans_MSE: 182.460571, trans_RMSE: 13.507796, trans_MAE: 7.598538
B--------->A
EPOCH:: 82, Loss: 215.586746, MSE: 1148120.483594, RMSE: 1071.503842, MAE: 552.174817, rot_MSE: 2269405.750000, rot_RMSE: 1506.454712, rot_MAE: 1306.792603, trans_MSE: 163.907135, trans_RMSE: 12.802622, trans_MAE: 7.399838
==TEST==
A--------->B
EPOCH:: 82, Loss: 1129.210545, Cycle Loss: 156.385462, MSE: 1274313.469460, RMSE: 1128.854937, MAE: 561.356171, rot_MSE: 2209057.250000, rot_RMSE: 1486.289795, rot_MAE: 1273.663696, trans_MSE: 972.588989, trans_RMSE: 31.186359, trans_MAE: 19.206802
B--------->A
EPOCH:: 82, Loss: 1129.210545, MSE: 1273964.834840, RMSE: 1128.700507, MAE: 560.567617, rot_MSE: 2211108.000000, rot_RMSE: 1486.979492, rot_MAE: 1274.629150, trans_MSE: 521.077393, trans_RMSE: 22.827120, trans_MAE: 16.013762
==BEST TEST==
A--------->B
EPOCH:: 82, Loss: 913.305936, Cycle Loss: 128.980328, MSE: 1273706.561015, RMSE: 1128.586089, MAE: 561.332467, rot_MSE: 2214574.500000, rot_RMSE: 1488.144653, rot_MAE: 1276.697510, trans_MSE: 784.117188, trans_RMSE: 28.002092, trans_MAE: 16.401890
B--------->A
EPOCH:: 82, Loss: 913.305936, MSE: 1273390.016981, RMSE: 1128.445841, MAE: 560.595661, rot_MSE: 2210361.000000, rot_RMSE: 1486.728271, rot_MAE: 1274.873047, trans_MSE: 399.904480, trans_RMSE: 19.997612, trans_MAE: 13.539602
==TRAIN==
A--------->B
EPOCH:: 83, Loss: 144.967192, Cycle Loss:, 31.458741, MSE: 1148123.891797, RMSE: 1071.505432, MAE: 558.324647, rot_MSE: 2265875.500000, rot_RMSE: 1505.282471, rot_MAE: 1305.293945, trans_MSE: 113.346085, trans_RMSE: 10.646412, trans_MAE: 6.753805
B--------->A
EPOCH:: 83, Loss: 144.967192, MSE: 1148200.348958, RMSE: 1071.541109, MAE: 552.628450, rot_MSE: 2266580.250000, rot_RMSE: 1505.516602, rot_MAE: 1305.864380, trans_MSE: 210.918213, trans_RMSE: 14.523024, trans_MAE: 8.010127
==TEST==
A--------->B
EPOCH:: 83, Loss: 980.890852, Cycle Loss: 130.389595, MSE: 1274238.093750, RMSE: 1128.821551, MAE: 561.206254, rot_MSE: 2210844.750000, rot_RMSE: 1486.890991, rot_MAE: 1274.512695, trans_MSE: 850.277893, trans_RMSE: 29.159525, trans_MAE: 17.714739
B--------->A
EPOCH:: 83, Loss: 980.890852, MSE: 1273825.512138, RMSE: 1128.638787, MAE: 560.324828, rot_MSE: 2211246.250000, rot_RMSE: 1487.026001, rot_MAE: 1274.735229, trans_MSE: 421.291504, trans_RMSE: 20.525387, trans_MAE: 14.327479
==BEST TEST==
A--------->B
EPOCH:: 83, Loss: 913.305936, Cycle Loss: 128.980328, MSE: 1273706.561015, RMSE: 1128.586089, MAE: 561.332467, rot_MSE: 2214574.500000, rot_RMSE: 1488.144653, rot_MAE: 1276.697510, trans_MSE: 784.117188, trans_RMSE: 28.002092, trans_MAE: 16.401890
B--------->A
EPOCH:: 83, Loss: 913.305936, MSE: 1273390.016981, RMSE: 1128.445841, MAE: 560.595661, rot_MSE: 2210361.000000, rot_RMSE: 1486.728271, rot_MAE: 1274.873047, trans_MSE: 399.904480, trans_RMSE: 19.997612, trans_MAE: 13.539602
==TRAIN==
A--------->B
EPOCH:: 84, Loss: 168.928406, Cycle Loss:, 33.619786, MSE: 1118881.361068, RMSE: 1057.771885, MAE: 552.676503, rot_MSE: 2268452.500000, rot_RMSE: 1506.138306, rot_MAE: 1307.388672, trans_MSE: 135.144485, trans_RMSE: 11.625166, trans_MAE: 6.669368
B--------->A
EPOCH:: 84, Loss: 168.928406, MSE: 1118944.218750, RMSE: 1057.801597, MAE: 547.102277, rot_MSE: 2270073.000000, rot_RMSE: 1506.676147, rot_MAE: 1308.035645, trans_MSE: 199.057571, trans_RMSE: 14.108776, trans_MAE: 7.782988
==TEST==
A--------->B
EPOCH:: 84, Loss: 1422.925420, Cycle Loss: 189.918726, MSE: 1274531.376098, RMSE: 1128.951450, MAE: 561.372782, rot_MSE: 2211133.000000, rot_RMSE: 1486.987915, rot_MAE: 1272.524780, trans_MSE: 1232.759155, trans_RMSE: 35.110672, trans_MAE: 22.155531
B--------->A
EPOCH:: 84, Loss: 1422.925420, MSE: 1274187.888042, RMSE: 1128.799313, MAE: 560.240161, rot_MSE: 2211369.500000, rot_RMSE: 1487.067383, rot_MAE: 1274.756836, trans_MSE: 634.838867, trans_RMSE: 25.196009, trans_MAE: 17.888699
==BEST TEST==
A--------->B
EPOCH:: 84, Loss: 913.305936, Cycle Loss: 128.980328, MSE: 1273706.561015, RMSE: 1128.586089, MAE: 561.332467, rot_MSE: 2214574.500000, rot_RMSE: 1488.144653, rot_MAE: 1276.697510, trans_MSE: 784.117188, trans_RMSE: 28.002092, trans_MAE: 16.401890
B--------->A
EPOCH:: 84, Loss: 913.305936, MSE: 1273390.016981, RMSE: 1128.445841, MAE: 560.595661, rot_MSE: 2210361.000000, rot_RMSE: 1486.728271, rot_MAE: 1274.873047, trans_MSE: 399.904480, trans_RMSE: 19.997612, trans_MAE: 13.539602
==TRAIN==
A--------->B
EPOCH:: 85, Loss: 213.743943, Cycle Loss:, 39.291359, MSE: 1148474.452865, RMSE: 1071.669003, MAE: 558.657494, rot_MSE: 2268584.750000, rot_RMSE: 1506.182129, rot_MAE: 1306.227295, trans_MSE: 174.290268, trans_RMSE: 13.201904, trans_MAE: 7.286420
B--------->A
EPOCH:: 85, Loss: 213.743943, MSE: 1148522.766536, RMSE: 1071.691544, MAE: 553.614210, rot_MSE: 2269338.250000, rot_RMSE: 1506.432251, rot_MAE: 1306.158081, trans_MSE: 195.089142, trans_RMSE: 13.967431, trans_MAE: 7.782599
==TEST==
A--------->B
EPOCH:: 85, Loss: 1877.922219, Cycle Loss: 257.868648, MSE: 1275093.947508, RMSE: 1129.200579, MAE: 561.826601, rot_MSE: 2209805.500000, rot_RMSE: 1486.541504, rot_MAE: 1272.749878, trans_MSE: 1619.808350, trans_RMSE: 40.246841, trans_MAE: 25.638247
B--------->A
EPOCH:: 85, Loss: 1877.922219, MSE: 1274581.879326, RMSE: 1128.973817, MAE: 561.003001, rot_MSE: 2214527.250000, rot_RMSE: 1488.128784, rot_MAE: 1276.211060, trans_MSE: 865.175110, trans_RMSE: 29.413858, trans_MAE: 20.943340
==BEST TEST==
A--------->B
EPOCH:: 85, Loss: 913.305936, Cycle Loss: 128.980328, MSE: 1273706.561015, RMSE: 1128.586089, MAE: 561.332467, rot_MSE: 2214574.500000, rot_RMSE: 1488.144653, rot_MAE: 1276.697510, trans_MSE: 784.117188, trans_RMSE: 28.002092, trans_MAE: 16.401890
B--------->A
EPOCH:: 85, Loss: 913.305936, MSE: 1273390.016981, RMSE: 1128.445841, MAE: 560.595661, rot_MSE: 2210361.000000, rot_RMSE: 1486.728271, rot_MAE: 1274.873047, trans_MSE: 399.904480, trans_RMSE: 19.997612, trans_MAE: 13.539602
==TRAIN==
A--------->B
EPOCH:: 86, Loss: 177.166528, Cycle Loss:, 31.756830, MSE: 1136259.834115, RMSE: 1065.954893, MAE: 555.475668, rot_MSE: 2256698.000000, rot_RMSE: 1502.230957, rot_MAE: 1301.921387, trans_MSE: 145.251526, trans_RMSE: 12.052034, trans_MAE: 6.862793
B--------->A
EPOCH:: 86, Loss: 177.166528, MSE: 1136215.936458, RMSE: 1065.934302, MAE: 549.827736, rot_MSE: 2259346.750000, rot_RMSE: 1503.112305, rot_MAE: 1302.360596, trans_MSE: 179.364273, trans_RMSE: 13.392694, trans_MAE: 7.625143
==TEST==
A--------->B
EPOCH:: 86, Loss: 761.420027, Cycle Loss: 98.861159, MSE: 1273363.929688, RMSE: 1128.434282, MAE: 561.169849, rot_MSE: 2209699.000000, rot_RMSE: 1486.505615, rot_MAE: 1274.760864, trans_MSE: 662.371887, trans_RMSE: 25.736586, trans_MAE: 12.985765
B--------->A
EPOCH:: 86, Loss: 761.420027, MSE: 1273194.930914, RMSE: 1128.359398, MAE: 560.934544, rot_MSE: 2208526.000000, rot_RMSE: 1486.111084, rot_MAE: 1273.768433, trans_MSE: 220.809570, trans_RMSE: 14.859662, trans_MAE: 9.200134
==BEST TEST==
A--------->B
EPOCH:: 86, Loss: 761.420027, Cycle Loss: 98.861159, MSE: 1273363.929688, RMSE: 1128.434282, MAE: 561.169849, rot_MSE: 2209699.000000, rot_RMSE: 1486.505615, rot_MAE: 1274.760864, trans_MSE: 662.371887, trans_RMSE: 25.736586, trans_MAE: 12.985765
B--------->A
EPOCH:: 86, Loss: 761.420027, MSE: 1273194.930914, RMSE: 1128.359398, MAE: 560.934544, rot_MSE: 2208526.000000, rot_RMSE: 1486.111084, rot_MAE: 1273.768433, trans_MSE: 220.809570, trans_RMSE: 14.859662, trans_MAE: 9.200134
==TRAIN==
A--------->B
EPOCH:: 87, Loss: 149.271569, Cycle Loss:, 28.032334, MSE: 1147509.092318, RMSE: 1071.218508, MAE: 558.111972, rot_MSE: 2269025.500000, rot_RMSE: 1506.328491, rot_MAE: 1306.752197, trans_MSE: 121.071831, trans_RMSE: 11.003264, trans_MAE: 6.535034
B--------->A
EPOCH:: 87, Loss: 149.271569, MSE: 1147529.844792, RMSE: 1071.228195, MAE: 552.651125, rot_MSE: 2269881.250000, rot_RMSE: 1506.612549, rot_MAE: 1306.607788, trans_MSE: 175.881516, trans_RMSE: 13.262033, trans_MAE: 7.549117
==TEST==
A--------->B
EPOCH:: 87, Loss: 1499.686872, Cycle Loss: 209.794661, MSE: 1274927.953835, RMSE: 1129.127076, MAE: 561.817616, rot_MSE: 2210939.750000, rot_RMSE: 1486.922974, rot_MAE: 1274.207153, trans_MSE: 1289.642456, trans_RMSE: 35.911591, trans_MAE: 22.673233
B--------->A
EPOCH:: 87, Loss: 1499.686872, MSE: 1274567.054042, RMSE: 1128.967251, MAE: 560.300297, rot_MSE: 2212602.750000, rot_RMSE: 1487.482056, rot_MAE: 1275.161011, trans_MSE: 692.896973, trans_RMSE: 26.322937, trans_MAE: 18.675690
==BEST TEST==
A--------->B
EPOCH:: 87, Loss: 761.420027, Cycle Loss: 98.861159, MSE: 1273363.929688, RMSE: 1128.434282, MAE: 561.169849, rot_MSE: 2209699.000000, rot_RMSE: 1486.505615, rot_MAE: 1274.760864, trans_MSE: 662.371887, trans_RMSE: 25.736586, trans_MAE: 12.985765
B--------->A
EPOCH:: 87, Loss: 761.420027, MSE: 1273194.930914, RMSE: 1128.359398, MAE: 560.934544, rot_MSE: 2208526.000000, rot_RMSE: 1486.111084, rot_MAE: 1273.768433, trans_MSE: 220.809570, trans_RMSE: 14.859662, trans_MAE: 9.200134
==TRAIN==
A--------->B
EPOCH:: 88, Loss: 151.623707, Cycle Loss:, 26.059757, MSE: 1149046.470443, RMSE: 1071.935852, MAE: 559.187968, rot_MSE: 2268758.500000, rot_RMSE: 1506.239868, rot_MAE: 1305.509155, trans_MSE: 125.401978, trans_RMSE: 11.198302, trans_MAE: 6.353075
B--------->A
EPOCH:: 88, Loss: 151.623707, MSE: 1149021.011198, RMSE: 1071.923976, MAE: 553.665112, rot_MSE: 2265559.000000, rot_RMSE: 1505.177368, rot_MAE: 1304.651855, trans_MSE: 160.463501, trans_RMSE: 12.667418, trans_MAE: 7.463696
==TEST==
A--------->B
EPOCH:: 88, Loss: 1248.743486, Cycle Loss: 168.604376, MSE: 1274677.073412, RMSE: 1129.015976, MAE: 561.435632, rot_MSE: 2217776.500000, rot_RMSE: 1489.220093, rot_MAE: 1275.909790, trans_MSE: 1079.904907, trans_RMSE: 32.861908, trans_MAE: 20.269789
B--------->A
EPOCH:: 88, Loss: 1248.743486, MSE: 1274343.388365, RMSE: 1128.868189, MAE: 560.722957, rot_MSE: 2212793.000000, rot_RMSE: 1487.546021, rot_MAE: 1275.121582, trans_MSE: 558.422668, trans_RMSE: 23.630968, trans_MAE: 16.606619
==BEST TEST==
A--------->B
EPOCH:: 88, Loss: 761.420027, Cycle Loss: 98.861159, MSE: 1273363.929688, RMSE: 1128.434282, MAE: 561.169849, rot_MSE: 2209699.000000, rot_RMSE: 1486.505615, rot_MAE: 1274.760864, trans_MSE: 662.371887, trans_RMSE: 25.736586, trans_MAE: 12.985765
B--------->A
EPOCH:: 88, Loss: 761.420027, MSE: 1273194.930914, RMSE: 1128.359398, MAE: 560.934544, rot_MSE: 2208526.000000, rot_RMSE: 1486.111084, rot_MAE: 1273.768433, trans_MSE: 220.809570, trans_RMSE: 14.859662, trans_MAE: 9.200134
==TRAIN==
A--------->B
EPOCH:: 89, Loss: 159.214282, Cycle Loss:, 28.699910, MSE: 1149348.767057, RMSE: 1072.076848, MAE: 559.070564, rot_MSE: 2271367.750000, rot_RMSE: 1507.105713, rot_MAE: 1306.987549, trans_MSE: 130.347733, trans_RMSE: 11.416993, trans_MAE: 6.537402
B--------->A
EPOCH:: 89, Loss: 159.214282, MSE: 1149525.766276, RMSE: 1072.159394, MAE: 553.445587, rot_MSE: 2270391.750000, rot_RMSE: 1506.781860, rot_MAE: 1307.784424, trans_MSE: 174.174408, trans_RMSE: 13.197515, trans_MAE: 7.290044
==TEST==
A--------->B
EPOCH:: 89, Loss: 2282.295010, Cycle Loss: 307.602120, MSE: 1275429.187113, RMSE: 1129.349010, MAE: 561.894972, rot_MSE: 2209200.000000, rot_RMSE: 1486.337769, rot_MAE: 1271.912720, trans_MSE: 1974.413452, trans_RMSE: 44.434372, trans_MAE: 28.206230
B--------->A
EPOCH:: 89, Loss: 2282.295010, MSE: 1274770.505230, RMSE: 1129.057352, MAE: 560.967358, rot_MSE: 2213607.000000, rot_RMSE: 1487.819580, rot_MAE: 1275.352661, trans_MSE: 970.553467, trans_RMSE: 31.153708, trans_MAE: 22.229700
==BEST TEST==
A--------->B
EPOCH:: 89, Loss: 761.420027, Cycle Loss: 98.861159, MSE: 1273363.929688, RMSE: 1128.434282, MAE: 561.169849, rot_MSE: 2209699.000000, rot_RMSE: 1486.505615, rot_MAE: 1274.760864, trans_MSE: 662.371887, trans_RMSE: 25.736586, trans_MAE: 12.985765
B--------->A
EPOCH:: 89, Loss: 761.420027, MSE: 1273194.930914, RMSE: 1128.359398, MAE: 560.934544, rot_MSE: 2208526.000000, rot_RMSE: 1486.111084, rot_MAE: 1273.768433, trans_MSE: 220.809570, trans_RMSE: 14.859662, trans_MAE: 9.200134
==TRAIN==
A--------->B
EPOCH:: 90, Loss: 198.159983, Cycle Loss:, 32.854225, MSE: 1148664.246875, RMSE: 1071.757550, MAE: 558.503818, rot_MSE: 2261956.250000, rot_RMSE: 1503.980103, rot_MAE: 1304.976196, trans_MSE: 165.140915, trans_RMSE: 12.850717, trans_MAE: 6.686237
B--------->A
EPOCH:: 90, Loss: 198.159983, MSE: 1148764.843945, RMSE: 1071.804480, MAE: 552.720475, rot_MSE: 2263911.000000, rot_RMSE: 1504.629883, rot_MAE: 1305.745117, trans_MSE: 174.621872, trans_RMSE: 13.214457, trans_MAE: 7.509147
==TEST==
A--------->B
EPOCH:: 90, Loss: 831.450635, Cycle Loss: 103.773533, MSE: 1274176.991542, RMSE: 1128.794486, MAE: 561.483218, rot_MSE: 2211980.750000, rot_RMSE: 1487.272949, rot_MAE: 1275.532837, trans_MSE: 727.461060, trans_RMSE: 26.971485, trans_MAE: 16.478157
B--------->A
EPOCH:: 90, Loss: 831.450635, MSE: 1273848.623063, RMSE: 1128.649026, MAE: 561.026699, rot_MSE: 2213210.500000, rot_RMSE: 1487.686279, rot_MAE: 1275.052368, trans_MSE: 327.624207, trans_RMSE: 18.100393, trans_MAE: 12.727254
==BEST TEST==
A--------->B
EPOCH:: 90, Loss: 761.420027, Cycle Loss: 98.861159, MSE: 1273363.929688, RMSE: 1128.434282, MAE: 561.169849, rot_MSE: 2209699.000000, rot_RMSE: 1486.505615, rot_MAE: 1274.760864, trans_MSE: 662.371887, trans_RMSE: 25.736586, trans_MAE: 12.985765
B--------->A
EPOCH:: 90, Loss: 761.420027, MSE: 1273194.930914, RMSE: 1128.359398, MAE: 560.934544, rot_MSE: 2208526.000000, rot_RMSE: 1486.111084, rot_MAE: 1273.768433, trans_MSE: 220.809570, trans_RMSE: 14.859662, trans_MAE: 9.200134
==TRAIN==
A--------->B
EPOCH:: 91, Loss: 1361.586129, Cycle Loss:, 171.968598, MSE: 1148847.737174, RMSE: 1071.843150, MAE: 558.347312, rot_MSE: 2263064.750000, rot_RMSE: 1504.348633, rot_MAE: 1303.837891, trans_MSE: 1189.431885, trans_RMSE: 34.488140, trans_MAE: 14.149912
B--------->A
EPOCH:: 91, Loss: 1361.586129, MSE: 1148414.023372, RMSE: 1071.640809, MAE: 553.170952, rot_MSE: 2264615.000000, rot_RMSE: 1504.863770, rot_MAE: 1304.359497, trans_MSE: 394.740631, trans_RMSE: 19.868080, trans_MAE: 12.820374
==TEST==
A--------->B
EPOCH:: 91, Loss: 1652.415634, Cycle Loss: 259.767284, MSE: 1275431.011622, RMSE: 1129.349818, MAE: 562.692396, rot_MSE: 2219399.000000, rot_RMSE: 1489.764771, rot_MAE: 1276.302368, trans_MSE: 1392.341675, trans_RMSE: 37.314095, trans_MAE: 23.100050
B--------->A
EPOCH:: 91, Loss: 1652.415634, MSE: 1275147.400116, RMSE: 1129.224247, MAE: 559.905985, rot_MSE: 2221800.250000, rot_RMSE: 1490.570435, rot_MAE: 1279.756836, trans_MSE: 1001.205933, trans_RMSE: 31.641838, trans_MAE: 22.069267
==BEST TEST==
A--------->B
EPOCH:: 91, Loss: 761.420027, Cycle Loss: 98.861159, MSE: 1273363.929688, RMSE: 1128.434282, MAE: 561.169849, rot_MSE: 2209699.000000, rot_RMSE: 1486.505615, rot_MAE: 1274.760864, trans_MSE: 662.371887, trans_RMSE: 25.736586, trans_MAE: 12.985765
B--------->A
EPOCH:: 91, Loss: 761.420027, MSE: 1273194.930914, RMSE: 1128.359398, MAE: 560.934544, rot_MSE: 2208526.000000, rot_RMSE: 1486.111084, rot_MAE: 1273.768433, trans_MSE: 220.809570, trans_RMSE: 14.859662, trans_MAE: 9.200134
==TRAIN==
A--------->B
EPOCH:: 92, Loss: 240.652369, Cycle Loss:, 43.041456, MSE: 1147753.883203, RMSE: 1071.332760, MAE: 557.831329, rot_MSE: 2271722.250000, rot_RMSE: 1507.223389, rot_MAE: 1307.635986, trans_MSE: 197.423172, trans_RMSE: 14.050735, trans_MAE: 8.755912
B--------->A
EPOCH:: 92, Loss: 240.652369, MSE: 1147693.182943, RMSE: 1071.304431, MAE: 552.983129, rot_MSE: 2274344.500000, rot_RMSE: 1508.093018, rot_MAE: 1307.991577, trans_MSE: 207.110199, trans_RMSE: 14.391324, trans_MAE: 8.727416
==TEST==
A--------->B
EPOCH:: 92, Loss: 2200.076936, Cycle Loss: 343.609899, MSE: 1275776.146501, RMSE: 1129.502610, MAE: 562.618697, rot_MSE: 2216486.000000, rot_RMSE: 1488.786743, rot_MAE: 1275.251709, trans_MSE: 1856.152344, trans_RMSE: 43.083088, trans_MAE: 27.198622
B--------->A
EPOCH:: 92, Loss: 2200.076936, MSE: 1275402.519305, RMSE: 1129.337204, MAE: 559.927920, rot_MSE: 2216758.500000, rot_RMSE: 1488.878296, rot_MAE: 1277.608887, trans_MSE: 1266.172852, trans_RMSE: 35.583324, trans_MAE: 24.943026
==BEST TEST==
A--------->B
EPOCH:: 92, Loss: 761.420027, Cycle Loss: 98.861159, MSE: 1273363.929688, RMSE: 1128.434282, MAE: 561.169849, rot_MSE: 2209699.000000, rot_RMSE: 1486.505615, rot_MAE: 1274.760864, trans_MSE: 662.371887, trans_RMSE: 25.736586, trans_MAE: 12.985765
B--------->A
EPOCH:: 92, Loss: 761.420027, MSE: 1273194.930914, RMSE: 1128.359398, MAE: 560.934544, rot_MSE: 2208526.000000, rot_RMSE: 1486.111084, rot_MAE: 1273.768433, trans_MSE: 220.809570, trans_RMSE: 14.859662, trans_MAE: 9.200134
==TRAIN==
A--------->B
EPOCH:: 93, Loss: 351.185052, Cycle Loss:, 46.054782, MSE: 1136973.040365, RMSE: 1066.289379, MAE: 555.079534, rot_MSE: 2261582.250000, rot_RMSE: 1503.855835, rot_MAE: 1304.160278, trans_MSE: 304.953979, trans_RMSE: 17.462931, trans_MAE: 8.665310
B--------->A
EPOCH:: 93, Loss: 351.185052, MSE: 1136903.399740, RMSE: 1066.256723, MAE: 550.450894, rot_MSE: 2261280.250000, rot_RMSE: 1503.755371, rot_MAE: 1304.291870, trans_MSE: 283.937592, trans_RMSE: 16.850449, trans_MAE: 8.874573
==TEST==
A--------->B
EPOCH:: 93, Loss: 1983.514025, Cycle Loss: 311.598667, MSE: 1275641.762655, RMSE: 1129.443121, MAE: 562.790778, rot_MSE: 2221956.500000, rot_RMSE: 1490.622803, rot_MAE: 1276.216797, trans_MSE: 1671.606934, trans_RMSE: 40.885288, trans_MAE: 25.645172
B--------->A
EPOCH:: 93, Loss: 1983.514025, MSE: 1275381.004842, RMSE: 1129.327678, MAE: 561.379912, rot_MSE: 2218657.500000, rot_RMSE: 1489.515869, rot_MAE: 1277.563843, trans_MSE: 1203.500977, trans_RMSE: 34.691513, trans_MAE: 24.502726
==BEST TEST==
A--------->B
EPOCH:: 93, Loss: 761.420027, Cycle Loss: 98.861159, MSE: 1273363.929688, RMSE: 1128.434282, MAE: 561.169849, rot_MSE: 2209699.000000, rot_RMSE: 1486.505615, rot_MAE: 1274.760864, trans_MSE: 662.371887, trans_RMSE: 25.736586, trans_MAE: 12.985765
B--------->A
EPOCH:: 93, Loss: 761.420027, MSE: 1273194.930914, RMSE: 1128.359398, MAE: 560.934544, rot_MSE: 2208526.000000, rot_RMSE: 1486.111084, rot_MAE: 1273.768433, trans_MSE: 220.809570, trans_RMSE: 14.859662, trans_MAE: 9.200134
==TRAIN==
A--------->B
EPOCH:: 94, Loss: 218.358498, Cycle Loss:, 41.012047, MSE: 1146715.111589, RMSE: 1070.847847, MAE: 557.590727, rot_MSE: 2268048.500000, rot_RMSE: 1506.004150, rot_MAE: 1306.424561, trans_MSE: 177.168823, trans_RMSE: 13.310478, trans_MAE: 8.035571
B--------->A
EPOCH:: 94, Loss: 218.358498, MSE: 1146722.512240, RMSE: 1070.851303, MAE: 551.458075, rot_MSE: 2272908.500000, rot_RMSE: 1507.616821, rot_MAE: 1307.355469, trans_MSE: 221.758591, trans_RMSE: 14.891562, trans_MAE: 8.728941
==TEST==
A--------->B
EPOCH:: 94, Loss: 2064.107396, Cycle Loss: 320.851971, MSE: 1275620.611247, RMSE: 1129.433757, MAE: 562.590402, rot_MSE: 2223592.000000, rot_RMSE: 1491.171387, rot_MAE: 1278.133667, trans_MSE: 1742.955444, trans_RMSE: 41.748718, trans_MAE: 26.114853
B--------->A
EPOCH:: 94, Loss: 2064.107396, MSE: 1275288.316568, RMSE: 1129.286641, MAE: 560.365109, rot_MSE: 2216867.500000, rot_RMSE: 1488.914917, rot_MAE: 1277.727661, trans_MSE: 1131.690308, trans_RMSE: 33.640606, trans_MAE: 23.260485
==BEST TEST==
A--------->B
EPOCH:: 94, Loss: 761.420027, Cycle Loss: 98.861159, MSE: 1273363.929688, RMSE: 1128.434282, MAE: 561.169849, rot_MSE: 2209699.000000, rot_RMSE: 1486.505615, rot_MAE: 1274.760864, trans_MSE: 662.371887, trans_RMSE: 25.736586, trans_MAE: 12.985765
B--------->A
EPOCH:: 94, Loss: 761.420027, MSE: 1273194.930914, RMSE: 1128.359398, MAE: 560.934544, rot_MSE: 2208526.000000, rot_RMSE: 1486.111084, rot_MAE: 1273.768433, trans_MSE: 220.809570, trans_RMSE: 14.859662, trans_MAE: 9.200134
==TRAIN==
A--------->B
EPOCH:: 95, Loss: 240.684176, Cycle Loss:, 42.716464, MSE: 1147319.814193, RMSE: 1071.130157, MAE: 557.975935, rot_MSE: 2268246.750000, rot_RMSE: 1506.069946, rot_MAE: 1305.394775, trans_MSE: 197.794144, trans_RMSE: 14.063931, trans_MAE: 7.560575
B--------->A
EPOCH:: 95, Loss: 240.684176, MSE: 1147395.099870, RMSE: 1071.165300, MAE: 552.449162, rot_MSE: 2267412.000000, rot_RMSE: 1505.792847, rot_MAE: 1304.997803, trans_MSE: 203.543060, trans_RMSE: 14.266851, trans_MAE: 8.212373
==TEST==
A--------->B
EPOCH:: 95, Loss: 1824.006918, Cycle Loss: 271.877736, MSE: 1275530.233988, RMSE: 1129.393746, MAE: 562.257372, rot_MSE: 2220005.000000, rot_RMSE: 1489.968140, rot_MAE: 1276.650757, trans_MSE: 1551.840576, trans_RMSE: 39.393406, trans_MAE: 24.562763
B--------->A
EPOCH:: 95, Loss: 1824.006918, MSE: 1275148.119706, RMSE: 1129.224566, MAE: 560.533015, rot_MSE: 2216382.250000, rot_RMSE: 1488.751953, rot_MAE: 1277.465698, trans_MSE: 942.647888, trans_RMSE: 30.702572, trans_MAE: 21.293043
==BEST TEST==
A--------->B
EPOCH:: 95, Loss: 761.420027, Cycle Loss: 98.861159, MSE: 1273363.929688, RMSE: 1128.434282, MAE: 561.169849, rot_MSE: 2209699.000000, rot_RMSE: 1486.505615, rot_MAE: 1274.760864, trans_MSE: 662.371887, trans_RMSE: 25.736586, trans_MAE: 12.985765
B--------->A
EPOCH:: 95, Loss: 761.420027, MSE: 1273194.930914, RMSE: 1128.359398, MAE: 560.934544, rot_MSE: 2208526.000000, rot_RMSE: 1486.111084, rot_MAE: 1273.768433, trans_MSE: 220.809570, trans_RMSE: 14.859662, trans_MAE: 9.200134
==TRAIN==
A--------->B
EPOCH:: 96, Loss: 177.383262, Cycle Loss:, 31.556867, MSE: 1147436.432682, RMSE: 1071.184593, MAE: 557.733699, rot_MSE: 2268540.000000, rot_RMSE: 1506.167358, rot_MAE: 1306.016113, trans_MSE: 145.652100, trans_RMSE: 12.068641, trans_MAE: 7.445908
B--------->A
EPOCH:: 96, Loss: 177.383262, MSE: 1147345.391146, RMSE: 1071.142097, MAE: 551.318695, rot_MSE: 2269519.250000, rot_RMSE: 1506.492310, rot_MAE: 1306.223633, trans_MSE: 170.992813, trans_RMSE: 13.076422, trans_MAE: 7.837657
==TEST==
A--------->B
EPOCH:: 96, Loss: 1803.841105, Cycle Loss: 260.125787, MSE: 1275643.881005, RMSE: 1129.444058, MAE: 562.370890, rot_MSE: 2207170.250000, rot_RMSE: 1485.654785, rot_MAE: 1272.651123, trans_MSE: 1543.432129, trans_RMSE: 39.286537, trans_MAE: 24.712584
B--------->A
EPOCH:: 96, Loss: 1803.841105, MSE: 1275261.119964, RMSE: 1129.274599, MAE: 561.461444, rot_MSE: 2218066.750000, rot_RMSE: 1489.317505, rot_MAE: 1277.775635, trans_MSE: 929.038452, trans_RMSE: 30.480131, trans_MAE: 21.108816
==BEST TEST==
A--------->B
EPOCH:: 96, Loss: 761.420027, Cycle Loss: 98.861159, MSE: 1273363.929688, RMSE: 1128.434282, MAE: 561.169849, rot_MSE: 2209699.000000, rot_RMSE: 1486.505615, rot_MAE: 1274.760864, trans_MSE: 662.371887, trans_RMSE: 25.736586, trans_MAE: 12.985765
B--------->A
EPOCH:: 96, Loss: 761.420027, MSE: 1273194.930914, RMSE: 1128.359398, MAE: 560.934544, rot_MSE: 2208526.000000, rot_RMSE: 1486.111084, rot_MAE: 1273.768433, trans_MSE: 220.809570, trans_RMSE: 14.859662, trans_MAE: 9.200134
==TRAIN==
A--------->B
EPOCH:: 97, Loss: 177.922815, Cycle Loss:, 30.661804, MSE: 1146723.101693, RMSE: 1070.851578, MAE: 557.328723, rot_MSE: 2274050.750000, rot_RMSE: 1507.995605, rot_MAE: 1307.376953, trans_MSE: 147.088043, trans_RMSE: 12.127986, trans_MAE: 6.989962
B--------->A
EPOCH:: 97, Loss: 177.922815, MSE: 1146663.557552, RMSE: 1070.823775, MAE: 551.451878, rot_MSE: 2274509.250000, rot_RMSE: 1508.147583, rot_MAE: 1308.147949, trans_MSE: 166.727097, trans_RMSE: 12.912285, trans_MAE: 7.521070
==TEST==
A--------->B
EPOCH:: 97, Loss: 3168.097844, Cycle Loss: 364.904597, MSE: 1276242.157283, RMSE: 1129.708882, MAE: 563.138290, rot_MSE: 2217889.000000, rot_RMSE: 1489.257812, rot_MAE: 1275.876831, trans_MSE: 2802.926025, trans_RMSE: 52.942669, trans_MAE: 27.074585
B--------->A
EPOCH:: 97, Loss: 3168.097844, MSE: 1274776.239088, RMSE: 1129.059892, MAE: 563.141091, rot_MSE: 2224352.000000, rot_RMSE: 1491.426147, rot_MAE: 1279.546631, trans_MSE: 712.853088, trans_RMSE: 26.699308, trans_MAE: 18.336082
==BEST TEST==
A--------->B
EPOCH:: 97, Loss: 761.420027, Cycle Loss: 98.861159, MSE: 1273363.929688, RMSE: 1128.434282, MAE: 561.169849, rot_MSE: 2209699.000000, rot_RMSE: 1486.505615, rot_MAE: 1274.760864, trans_MSE: 662.371887, trans_RMSE: 25.736586, trans_MAE: 12.985765
B--------->A
EPOCH:: 97, Loss: 761.420027, MSE: 1273194.930914, RMSE: 1128.359398, MAE: 560.934544, rot_MSE: 2208526.000000, rot_RMSE: 1486.111084, rot_MAE: 1273.768433, trans_MSE: 220.809570, trans_RMSE: 14.859662, trans_MAE: 9.200134
==TRAIN==
A--------->B
EPOCH:: 98, Loss: 161.659853, Cycle Loss:, 34.992484, MSE: 1148976.010807, RMSE: 1071.902986, MAE: 558.637848, rot_MSE: 2268534.500000, rot_RMSE: 1506.165527, rot_MAE: 1305.449951, trans_MSE: 126.495682, trans_RMSE: 11.247030, trans_MAE: 7.130791
B--------->A
EPOCH:: 98, Loss: 161.659853, MSE: 1149095.390820, RMSE: 1071.958670, MAE: 552.765135, rot_MSE: 2268056.500000, rot_RMSE: 1506.006836, rot_MAE: 1305.555420, trans_MSE: 189.631287, trans_RMSE: 13.770668, trans_MAE: 7.732028
==TEST==
A--------->B
EPOCH:: 98, Loss: 2096.524405, Cycle Loss: 311.489527, MSE: 1275645.854920, RMSE: 1129.444932, MAE: 562.540121, rot_MSE: 2217837.000000, rot_RMSE: 1489.240356, rot_MAE: 1275.721558, trans_MSE: 1784.737915, trans_RMSE: 42.246159, trans_MAE: 26.808592
B--------->A
EPOCH:: 98, Loss: 2096.524405, MSE: 1275121.785770, RMSE: 1129.212905, MAE: 560.104325, rot_MSE: 2217502.750000, rot_RMSE: 1489.128174, rot_MAE: 1278.846191, trans_MSE: 1045.567017, trans_RMSE: 32.335228, trans_MAE: 22.462620
==BEST TEST==
A--------->B
EPOCH:: 98, Loss: 761.420027, Cycle Loss: 98.861159, MSE: 1273363.929688, RMSE: 1128.434282, MAE: 561.169849, rot_MSE: 2209699.000000, rot_RMSE: 1486.505615, rot_MAE: 1274.760864, trans_MSE: 662.371887, trans_RMSE: 25.736586, trans_MAE: 12.985765
B--------->A
EPOCH:: 98, Loss: 761.420027, MSE: 1273194.930914, RMSE: 1128.359398, MAE: 560.934544, rot_MSE: 2208526.000000, rot_RMSE: 1486.111084, rot_MAE: 1273.768433, trans_MSE: 220.809570, trans_RMSE: 14.859662, trans_MAE: 9.200134
==TRAIN==
A--------->B
EPOCH:: 99, Loss: 148.827031, Cycle Loss:, 28.499747, MSE: 1137178.668620, RMSE: 1066.385797, MAE: 555.658194, rot_MSE: 2271141.750000, rot_RMSE: 1507.030762, rot_MAE: 1307.723999, trans_MSE: 120.160004, trans_RMSE: 10.961752, trans_MAE: 6.890305
B--------->A
EPOCH:: 99, Loss: 148.827031, MSE: 1137238.800000, RMSE: 1066.413991, MAE: 551.068344, rot_MSE: 2274845.250000, rot_RMSE: 1508.259033, rot_MAE: 1308.342407, trans_MSE: 152.878143, trans_RMSE: 12.364390, trans_MAE: 7.356813
==TEST==
A--------->B
EPOCH:: 99, Loss: 1480.859635, Cycle Loss: 215.300158, MSE: 1275367.310111, RMSE: 1129.321615, MAE: 562.251176, rot_MSE: 2214748.500000, rot_RMSE: 1488.203125, rot_MAE: 1274.003906, trans_MSE: 1265.293579, trans_RMSE: 35.570965, trans_MAE: 21.663855
B--------->A
EPOCH:: 99, Loss: 1480.859635, MSE: 1275069.930333, RMSE: 1129.189944, MAE: 560.554778, rot_MSE: 2221656.750000, rot_RMSE: 1490.522339, rot_MAE: 1277.591797, trans_MSE: 743.053711, trans_RMSE: 27.259012, trans_MAE: 18.806786
==BEST TEST==
A--------->B
EPOCH:: 99, Loss: 761.420027, Cycle Loss: 98.861159, MSE: 1273363.929688, RMSE: 1128.434282, MAE: 561.169849, rot_MSE: 2209699.000000, rot_RMSE: 1486.505615, rot_MAE: 1274.760864, trans_MSE: 662.371887, trans_RMSE: 25.736586, trans_MAE: 12.985765
B--------->A
EPOCH:: 99, Loss: 761.420027, MSE: 1273194.930914, RMSE: 1128.359398, MAE: 560.934544, rot_MSE: 2208526.000000, rot_RMSE: 1486.111084, rot_MAE: 1273.768433, trans_MSE: 220.809570, trans_RMSE: 14.859662, trans_MAE: 9.200134
==TRAIN==
A--------->B
EPOCH:: 100, Loss: 168.083819, Cycle Loss:, 31.598986, MSE: 1134174.004167, RMSE: 1064.976058, MAE: 555.161338, rot_MSE: 2264008.500000, rot_RMSE: 1504.662231, rot_MAE: 1304.611572, trans_MSE: 136.313721, trans_RMSE: 11.675346, trans_MAE: 6.790487
B--------->A
EPOCH:: 100, Loss: 168.083819, MSE: 1134191.982161, RMSE: 1064.984499, MAE: 548.519717, rot_MSE: 2264215.000000, rot_RMSE: 1504.730835, rot_MAE: 1304.654175, trans_MSE: 170.894257, trans_RMSE: 13.072653, trans_MAE: 7.559688
==TEST==
A--------->B
EPOCH:: 100, Loss: 2005.806067, Cycle Loss: 303.207853, MSE: 1275675.238765, RMSE: 1129.457940, MAE: 562.476065, rot_MSE: 2213444.500000, rot_RMSE: 1487.764893, rot_MAE: 1273.694092, trans_MSE: 1702.312378, trans_RMSE: 41.259087, trans_MAE: 25.808674
B--------->A
EPOCH:: 100, Loss: 2005.806067, MSE: 1275258.529119, RMSE: 1129.273452, MAE: 560.300345, rot_MSE: 2220719.750000, rot_RMSE: 1490.208008, rot_MAE: 1278.812988, trans_MSE: 1020.878784, trans_RMSE: 31.951193, trans_MAE: 22.199520
==BEST TEST==
A--------->B
EPOCH:: 100, Loss: 761.420027, Cycle Loss: 98.861159, MSE: 1273363.929688, RMSE: 1128.434282, MAE: 561.169849, rot_MSE: 2209699.000000, rot_RMSE: 1486.505615, rot_MAE: 1274.760864, trans_MSE: 662.371887, trans_RMSE: 25.736586, trans_MAE: 12.985765
B--------->A
EPOCH:: 100, Loss: 761.420027, MSE: 1273194.930914, RMSE: 1128.359398, MAE: 560.934544, rot_MSE: 2208526.000000, rot_RMSE: 1486.111084, rot_MAE: 1273.768433, trans_MSE: 220.809570, trans_RMSE: 14.859662, trans_MAE: 9.200134
==TRAIN==
A--------->B
EPOCH:: 101, Loss: 176.388408, Cycle Loss:, 37.117553, MSE: 1147431.271159, RMSE: 1071.182184, MAE: 557.931255, rot_MSE: 2266023.750000, rot_RMSE: 1505.331787, rot_MAE: 1305.196655, trans_MSE: 139.112701, trans_RMSE: 11.794604, trans_MAE: 6.945003
B--------->A
EPOCH:: 101, Loss: 176.388408, MSE: 1147482.655534, RMSE: 1071.206169, MAE: 552.264429, rot_MSE: 2265906.250000, rot_RMSE: 1505.292725, rot_MAE: 1304.846558, trans_MSE: 223.102676, trans_RMSE: 14.936622, trans_MAE: 7.747480
==TEST==
A--------->B
EPOCH:: 101, Loss: 2184.083868, Cycle Loss: 244.415032, MSE: 1275350.010137, RMSE: 1129.313956, MAE: 562.360148, rot_MSE: 2207639.750000, rot_RMSE: 1485.812866, rot_MAE: 1274.067139, trans_MSE: 1939.442139, trans_RMSE: 44.039097, trans_MAE: 21.928057
B--------->A
EPOCH:: 101, Loss: 2184.083868, MSE: 1273905.644305, RMSE: 1128.674286, MAE: 562.651781, rot_MSE: 2216156.500000, rot_RMSE: 1488.676147, rot_MAE: 1276.073608, trans_MSE: 431.848389, trans_RMSE: 20.780962, trans_MAE: 14.013563
==BEST TEST==
A--------->B
EPOCH:: 101, Loss: 761.420027, Cycle Loss: 98.861159, MSE: 1273363.929688, RMSE: 1128.434282, MAE: 561.169849, rot_MSE: 2209699.000000, rot_RMSE: 1486.505615, rot_MAE: 1274.760864, trans_MSE: 662.371887, trans_RMSE: 25.736586, trans_MAE: 12.985765
B--------->A
EPOCH:: 101, Loss: 761.420027, MSE: 1273194.930914, RMSE: 1128.359398, MAE: 560.934544, rot_MSE: 2208526.000000, rot_RMSE: 1486.111084, rot_MAE: 1273.768433, trans_MSE: 220.809570, trans_RMSE: 14.859662, trans_MAE: 9.200134
==TRAIN==
A--------->B
EPOCH:: 102, Loss: 4245.887625, Cycle Loss:, 463.248876, MSE: 1149059.096354, RMSE: 1071.941741, MAE: 558.259448, rot_MSE: 2261649.000000, rot_RMSE: 1503.877930, rot_MAE: 1303.721924, trans_MSE: 3782.446533, trans_RMSE: 61.501598, trans_MAE: 19.908808
B--------->A
EPOCH:: 102, Loss: 4245.887625, MSE: 1146760.479167, RMSE: 1070.869030, MAE: 552.833554, rot_MSE: 2264446.500000, rot_RMSE: 1504.807739, rot_MAE: 1304.285522, trans_MSE: 503.518311, trans_RMSE: 22.439213, trans_MAE: 15.246717
==TEST==
A--------->B
EPOCH:: 102, Loss: 2272.828299, Cycle Loss: 326.270765, MSE: 1275920.605824, RMSE: 1129.566557, MAE: 562.776162, rot_MSE: 2200970.250000, rot_RMSE: 1483.566772, rot_MAE: 1268.996216, trans_MSE: 1946.279907, trans_RMSE: 44.116661, trans_MAE: 29.259047
B--------->A
EPOCH:: 102, Loss: 2272.828299, MSE: 1275262.873515, RMSE: 1129.275375, MAE: 559.586443, rot_MSE: 2212153.000000, rot_RMSE: 1487.330811, rot_MAE: 1274.820557, trans_MSE: 1159.769775, trans_RMSE: 34.055393, trans_MAE: 25.223686
==BEST TEST==
A--------->B
EPOCH:: 102, Loss: 761.420027, Cycle Loss: 98.861159, MSE: 1273363.929688, RMSE: 1128.434282, MAE: 561.169849, rot_MSE: 2209699.000000, rot_RMSE: 1486.505615, rot_MAE: 1274.760864, trans_MSE: 662.371887, trans_RMSE: 25.736586, trans_MAE: 12.985765
B--------->A
EPOCH:: 102, Loss: 761.420027, MSE: 1273194.930914, RMSE: 1128.359398, MAE: 560.934544, rot_MSE: 2208526.000000, rot_RMSE: 1486.111084, rot_MAE: 1273.768433, trans_MSE: 220.809570, trans_RMSE: 14.859662, trans_MAE: 9.200134
==TRAIN==
A--------->B
EPOCH:: 103, Loss: 337.996704, Cycle Loss:, 64.100692, MSE: 1126955.400000, RMSE: 1061.581556, MAE: 554.412897, rot_MSE: 2273306.250000, rot_RMSE: 1507.748779, rot_MAE: 1307.980835, trans_MSE: 273.687714, trans_RMSE: 16.543510, trans_MAE: 11.317717
B--------->A
EPOCH:: 103, Loss: 337.996704, MSE: 1127062.056510, RMSE: 1061.631790, MAE: 550.449285, rot_MSE: 2274588.000000, rot_RMSE: 1508.173706, rot_MAE: 1307.722046, trans_MSE: 322.541351, trans_RMSE: 17.959436, trans_MAE: 11.779490
==TEST==
A--------->B
EPOCH:: 103, Loss: 1093.397476, Cycle Loss: 153.131348, MSE: 1275260.378164, RMSE: 1129.274271, MAE: 562.028140, rot_MSE: 2207352.500000, rot_RMSE: 1485.716187, rot_MAE: 1270.953979, trans_MSE: 940.038574, trans_RMSE: 30.660049, trans_MAE: 19.370630
B--------->A
EPOCH:: 103, Loss: 1093.397476, MSE: 1275094.890883, RMSE: 1129.200997, MAE: 559.564473, rot_MSE: 2215024.750000, rot_RMSE: 1488.295898, rot_MAE: 1275.680054, trans_MSE: 552.136230, trans_RMSE: 23.497580, trans_MAE: 16.942797
==BEST TEST==
A--------->B
EPOCH:: 103, Loss: 761.420027, Cycle Loss: 98.861159, MSE: 1273363.929688, RMSE: 1128.434282, MAE: 561.169849, rot_MSE: 2209699.000000, rot_RMSE: 1486.505615, rot_MAE: 1274.760864, trans_MSE: 662.371887, trans_RMSE: 25.736586, trans_MAE: 12.985765
B--------->A
EPOCH:: 103, Loss: 761.420027, MSE: 1273194.930914, RMSE: 1128.359398, MAE: 560.934544, rot_MSE: 2208526.000000, rot_RMSE: 1486.111084, rot_MAE: 1273.768433, trans_MSE: 220.809570, trans_RMSE: 14.859662, trans_MAE: 9.200134
==TRAIN==
A--------->B
EPOCH:: 104, Loss: 403.330892, Cycle Loss:, 59.215200, MSE: 1147238.448958, RMSE: 1071.092176, MAE: 557.716703, rot_MSE: 2265196.500000, rot_RMSE: 1505.057007, rot_MAE: 1305.440918, trans_MSE: 343.916504, trans_RMSE: 18.544987, trans_MAE: 11.116278
B--------->A
EPOCH:: 104, Loss: 403.330892, MSE: 1147135.811328, RMSE: 1071.044262, MAE: 553.062185, rot_MSE: 2263305.000000, rot_RMSE: 1504.428467, rot_MAE: 1304.373901, trans_MSE: 243.437592, trans_RMSE: 15.602487, trans_MAE: 9.809034
==TEST==
A--------->B
EPOCH:: 104, Loss: 1307.904554, Cycle Loss: 183.372506, MSE: 1275421.193634, RMSE: 1129.345471, MAE: 562.141041, rot_MSE: 2206622.750000, rot_RMSE: 1485.470581, rot_MAE: 1269.923340, trans_MSE: 1124.277588, trans_RMSE: 33.530251, trans_MAE: 20.936190
B--------->A
EPOCH:: 104, Loss: 1307.904554, MSE: 1275354.704093, RMSE: 1129.316034, MAE: 560.170386, rot_MSE: 2219234.500000, rot_RMSE: 1489.709595, rot_MAE: 1276.792969, trans_MSE: 663.688599, trans_RMSE: 25.762154, trans_MAE: 18.139019
==BEST TEST==
A--------->B
EPOCH:: 104, Loss: 761.420027, Cycle Loss: 98.861159, MSE: 1273363.929688, RMSE: 1128.434282, MAE: 561.169849, rot_MSE: 2209699.000000, rot_RMSE: 1486.505615, rot_MAE: 1274.760864, trans_MSE: 662.371887, trans_RMSE: 25.736586, trans_MAE: 12.985765
B--------->A
EPOCH:: 104, Loss: 761.420027, MSE: 1273194.930914, RMSE: 1128.359398, MAE: 560.934544, rot_MSE: 2208526.000000, rot_RMSE: 1486.111084, rot_MAE: 1273.768433, trans_MSE: 220.809570, trans_RMSE: 14.859662, trans_MAE: 9.200134
==TRAIN==
A--------->B
EPOCH:: 105, Loss: 287.299374, Cycle Loss:, 52.325062, MSE: 1147396.267448, RMSE: 1071.165845, MAE: 557.901082, rot_MSE: 2273741.750000, rot_RMSE: 1507.893188, rot_MAE: 1308.257812, trans_MSE: 234.779694, trans_RMSE: 15.322522, trans_MAE: 9.563761
B--------->A
EPOCH:: 105, Loss: 287.299374, MSE: 1147244.029557, RMSE: 1071.094781, MAE: 552.790338, rot_MSE: 2276668.500000, rot_RMSE: 1508.863281, rot_MAE: 1308.700073, trans_MSE: 282.782562, trans_RMSE: 16.816139, trans_MAE: 10.150542
==TEST==
A--------->B
EPOCH:: 105, Loss: 1941.420131, Cycle Loss: 278.064575, MSE: 1276018.661803, RMSE: 1129.609960, MAE: 562.794009, rot_MSE: 2200902.250000, rot_RMSE: 1483.543823, rot_MAE: 1269.009277, trans_MSE: 1663.067139, trans_RMSE: 40.780720, trans_MAE: 25.562473
B--------->A
EPOCH:: 105, Loss: 1941.420131, MSE: 1275391.652441, RMSE: 1129.332392, MAE: 560.525185, rot_MSE: 2210100.500000, rot_RMSE: 1486.640625, rot_MAE: 1274.874878, trans_MSE: 983.299011, trans_RMSE: 31.357599, trans_MAE: 21.867781
==BEST TEST==
A--------->B
EPOCH:: 105, Loss: 761.420027, Cycle Loss: 98.861159, MSE: 1273363.929688, RMSE: 1128.434282, MAE: 561.169849, rot_MSE: 2209699.000000, rot_RMSE: 1486.505615, rot_MAE: 1274.760864, trans_MSE: 662.371887, trans_RMSE: 25.736586, trans_MAE: 12.985765
B--------->A
EPOCH:: 105, Loss: 761.420027, MSE: 1273194.930914, RMSE: 1128.359398, MAE: 560.934544, rot_MSE: 2208526.000000, rot_RMSE: 1486.111084, rot_MAE: 1273.768433, trans_MSE: 220.809570, trans_RMSE: 14.859662, trans_MAE: 9.200134
==TRAIN==
A--------->B
EPOCH:: 106, Loss: 252.158040, Cycle Loss:, 45.646067, MSE: 1147134.295768, RMSE: 1071.043555, MAE: 557.728511, rot_MSE: 2272901.000000, rot_RMSE: 1507.614380, rot_MAE: 1307.348633, trans_MSE: 206.311325, trans_RMSE: 14.363542, trans_MAE: 8.888423
B--------->A
EPOCH:: 106, Loss: 252.158040, MSE: 1147143.021094, RMSE: 1071.047628, MAE: 553.705588, rot_MSE: 2272078.250000, rot_RMSE: 1507.341431, rot_MAE: 1306.900391, trans_MSE: 260.728241, trans_RMSE: 16.147081, trans_MAE: 9.661221
==TEST==
A--------->B
EPOCH:: 106, Loss: 1732.669975, Cycle Loss: 253.418833, MSE: 1275720.632942, RMSE: 1129.478036, MAE: 562.412453, rot_MSE: 2200728.750000, rot_RMSE: 1483.485352, rot_MAE: 1269.646851, trans_MSE: 1478.983765, trans_RMSE: 38.457558, trans_MAE: 24.146004
B--------->A
EPOCH:: 106, Loss: 1732.669975, MSE: 1275334.072637, RMSE: 1129.306899, MAE: 560.825026, rot_MSE: 2219167.000000, rot_RMSE: 1489.686890, rot_MAE: 1277.305420, trans_MSE: 892.180420, trans_RMSE: 29.869389, trans_MAE: 21.042036
==BEST TEST==
A--------->B
EPOCH:: 106, Loss: 761.420027, Cycle Loss: 98.861159, MSE: 1273363.929688, RMSE: 1128.434282, MAE: 561.169849, rot_MSE: 2209699.000000, rot_RMSE: 1486.505615, rot_MAE: 1274.760864, trans_MSE: 662.371887, trans_RMSE: 25.736586, trans_MAE: 12.985765
B--------->A
EPOCH:: 106, Loss: 761.420027, MSE: 1273194.930914, RMSE: 1128.359398, MAE: 560.934544, rot_MSE: 2208526.000000, rot_RMSE: 1486.111084, rot_MAE: 1273.768433, trans_MSE: 220.809570, trans_RMSE: 14.859662, trans_MAE: 9.200134
==TRAIN==
A--------->B
EPOCH:: 107, Loss: 289.996303, Cycle Loss:, 47.741421, MSE: 1147415.265169, RMSE: 1071.174713, MAE: 558.056672, rot_MSE: 2270672.750000, rot_RMSE: 1506.875122, rot_MAE: 1306.214478, trans_MSE: 242.053131, trans_RMSE: 15.558057, trans_MAE: 9.252551
B--------->A
EPOCH:: 107, Loss: 289.996303, MSE: 1147439.756250, RMSE: 1071.186145, MAE: 553.243637, rot_MSE: 2267420.250000, rot_RMSE: 1505.795532, rot_MAE: 1305.409058, trans_MSE: 219.930161, trans_RMSE: 14.830043, trans_MAE: 9.242476
==TEST==
A--------->B
EPOCH:: 107, Loss: 1248.217977, Cycle Loss: 168.210365, MSE: 1275339.814050, RMSE: 1129.309441, MAE: 561.900025, rot_MSE: 2206851.750000, rot_RMSE: 1485.547607, rot_MAE: 1271.685913, trans_MSE: 1079.759521, trans_RMSE: 32.859695, trans_MAE: 19.996286
B--------->A
EPOCH:: 107, Loss: 1248.217977, MSE: 1275221.356986, RMSE: 1129.256993, MAE: 560.074093, rot_MSE: 2215831.250000, rot_RMSE: 1488.566895, rot_MAE: 1275.715088, trans_MSE: 646.949219, trans_RMSE: 25.435196, trans_MAE: 17.435848
==BEST TEST==
A--------->B
EPOCH:: 107, Loss: 761.420027, Cycle Loss: 98.861159, MSE: 1273363.929688, RMSE: 1128.434282, MAE: 561.169849, rot_MSE: 2209699.000000, rot_RMSE: 1486.505615, rot_MAE: 1274.760864, trans_MSE: 662.371887, trans_RMSE: 25.736586, trans_MAE: 12.985765
B--------->A
EPOCH:: 107, Loss: 761.420027, MSE: 1273194.930914, RMSE: 1128.359398, MAE: 560.934544, rot_MSE: 2208526.000000, rot_RMSE: 1486.111084, rot_MAE: 1273.768433, trans_MSE: 220.809570, trans_RMSE: 14.859662, trans_MAE: 9.200134
==TRAIN==
A--------->B
EPOCH:: 108, Loss: 272.323226, Cycle Loss:, 54.470145, MSE: 1146345.050781, RMSE: 1070.675044, MAE: 557.957292, rot_MSE: 2269849.500000, rot_RMSE: 1506.601929, rot_MAE: 1306.179199, trans_MSE: 217.659637, trans_RMSE: 14.753292, trans_MAE: 8.901641
B--------->A
EPOCH:: 108, Loss: 272.323226, MSE: 1146524.866016, RMSE: 1070.759014, MAE: 553.374518, rot_MSE: 2269702.750000, rot_RMSE: 1506.553223, rot_MAE: 1306.594116, trans_MSE: 298.640930, trans_RMSE: 17.281231, trans_MAE: 9.404468
==TEST==
A--------->B
EPOCH:: 108, Loss: 1109.543362, Cycle Loss: 150.960454, MSE: 1275267.350271, RMSE: 1129.277358, MAE: 562.016337, rot_MSE: 2205010.250000, rot_RMSE: 1484.927734, rot_MAE: 1270.533203, trans_MSE: 958.344177, trans_RMSE: 30.957134, trans_MAE: 19.296265
B--------->A
EPOCH:: 108, Loss: 1109.543362, MSE: 1275015.562435, RMSE: 1129.165870, MAE: 559.721974, rot_MSE: 2215080.250000, rot_RMSE: 1488.314575, rot_MAE: 1275.828979, trans_MSE: 543.427002, trans_RMSE: 23.311522, trans_MAE: 15.787418
==BEST TEST==
A--------->B
EPOCH:: 108, Loss: 761.420027, Cycle Loss: 98.861159, MSE: 1273363.929688, RMSE: 1128.434282, MAE: 561.169849, rot_MSE: 2209699.000000, rot_RMSE: 1486.505615, rot_MAE: 1274.760864, trans_MSE: 662.371887, trans_RMSE: 25.736586, trans_MAE: 12.985765
B--------->A
EPOCH:: 108, Loss: 761.420027, MSE: 1273194.930914, RMSE: 1128.359398, MAE: 560.934544, rot_MSE: 2208526.000000, rot_RMSE: 1486.111084, rot_MAE: 1273.768433, trans_MSE: 220.809570, trans_RMSE: 14.859662, trans_MAE: 9.200134
==TRAIN==
A--------->B
EPOCH:: 109, Loss: 303.532677, Cycle Loss:, 47.521165, MSE: 1147725.177995, RMSE: 1071.319363, MAE: 558.300792, rot_MSE: 2266604.500000, rot_RMSE: 1505.524658, rot_MAE: 1305.201416, trans_MSE: 255.813416, trans_RMSE: 15.994168, trans_MAE: 8.808048
B--------->A
EPOCH:: 109, Loss: 303.532677, MSE: 1147730.501823, RMSE: 1071.321848, MAE: 554.097574, rot_MSE: 2265449.000000, rot_RMSE: 1505.140869, rot_MAE: 1304.764282, trans_MSE: 199.067581, trans_RMSE: 14.109131, trans_MAE: 8.552622
==TEST==
A--------->B
EPOCH:: 109, Loss: 1365.722302, Cycle Loss: 184.619346, MSE: 1275532.160059, RMSE: 1129.394599, MAE: 561.976607, rot_MSE: 2203293.500000, rot_RMSE: 1484.349487, rot_MAE: 1270.496948, trans_MSE: 1180.854126, trans_RMSE: 34.363560, trans_MAE: 21.089787
B--------->A
EPOCH:: 109, Loss: 1365.722302, MSE: 1275224.270015, RMSE: 1129.258283, MAE: 559.780007, rot_MSE: 2214996.500000, rot_RMSE: 1488.286377, rot_MAE: 1275.563721, trans_MSE: 692.445190, trans_RMSE: 26.314354, trans_MAE: 17.864010
==BEST TEST==
A--------->B
EPOCH:: 109, Loss: 761.420027, Cycle Loss: 98.861159, MSE: 1273363.929688, RMSE: 1128.434282, MAE: 561.169849, rot_MSE: 2209699.000000, rot_RMSE: 1486.505615, rot_MAE: 1274.760864, trans_MSE: 662.371887, trans_RMSE: 25.736586, trans_MAE: 12.985765
B--------->A
EPOCH:: 109, Loss: 761.420027, MSE: 1273194.930914, RMSE: 1128.359398, MAE: 560.934544, rot_MSE: 2208526.000000, rot_RMSE: 1486.111084, rot_MAE: 1273.768433, trans_MSE: 220.809570, trans_RMSE: 14.859662, trans_MAE: 9.200134
==TRAIN==
A--------->B
EPOCH:: 110, Loss: 201.744618, Cycle Loss:, 38.836703, MSE: 1147697.296224, RMSE: 1071.306350, MAE: 557.999473, rot_MSE: 2274315.500000, rot_RMSE: 1508.083374, rot_MAE: 1307.580078, trans_MSE: 162.711090, trans_RMSE: 12.755826, trans_MAE: 7.893375
B--------->A
EPOCH:: 110, Loss: 201.744618, MSE: 1147727.746615, RMSE: 1071.320562, MAE: 554.310847, rot_MSE: 2273260.000000, rot_RMSE: 1507.733398, rot_MAE: 1306.833740, trans_MSE: 203.529343, trans_RMSE: 14.266371, trans_MAE: 8.436301
==TEST==
A--------->B
EPOCH:: 110, Loss: 1705.871714, Cycle Loss: 229.156069, MSE: 1275901.203448, RMSE: 1129.557968, MAE: 562.328367, rot_MSE: 2199002.000000, rot_RMSE: 1482.903198, rot_MAE: 1267.272827, trans_MSE: 1476.443726, trans_RMSE: 38.424519, trans_MAE: 23.934885
B--------->A
EPOCH:: 110, Loss: 1705.871714, MSE: 1275364.639398, RMSE: 1129.320433, MAE: 560.139812, rot_MSE: 2215211.000000, rot_RMSE: 1488.358521, rot_MAE: 1276.026001, trans_MSE: 886.059082, trans_RMSE: 29.766745, trans_MAE: 20.439478
==BEST TEST==
A--------->B
EPOCH:: 110, Loss: 761.420027, Cycle Loss: 98.861159, MSE: 1273363.929688, RMSE: 1128.434282, MAE: 561.169849, rot_MSE: 2209699.000000, rot_RMSE: 1486.505615, rot_MAE: 1274.760864, trans_MSE: 662.371887, trans_RMSE: 25.736586, trans_MAE: 12.985765
B--------->A
EPOCH:: 110, Loss: 761.420027, MSE: 1273194.930914, RMSE: 1128.359398, MAE: 560.934544, rot_MSE: 2208526.000000, rot_RMSE: 1486.111084, rot_MAE: 1273.768433, trans_MSE: 220.809570, trans_RMSE: 14.859662, trans_MAE: 9.200134
==TRAIN==
A--------->B
EPOCH:: 111, Loss: 223.898614, Cycle Loss:, 40.878130, MSE: 1135606.714258, RMSE: 1065.648495, MAE: 555.407540, rot_MSE: 2271735.500000, rot_RMSE: 1507.227783, rot_MAE: 1306.295166, trans_MSE: 182.823044, trans_RMSE: 13.521207, trans_MAE: 7.927412
B--------->A
EPOCH:: 111, Loss: 223.898614, MSE: 1135566.310742, RMSE: 1065.629537, MAE: 550.001754, rot_MSE: 2271940.250000, rot_RMSE: 1507.295654, rot_MAE: 1306.361450, trans_MSE: 216.653641, trans_RMSE: 14.719159, trans_MAE: 8.656815
==TEST==
A--------->B
EPOCH:: 111, Loss: 1304.788016, Cycle Loss: 184.567225, MSE: 1276020.571346, RMSE: 1129.610805, MAE: 562.659848, rot_MSE: 2209321.000000, rot_RMSE: 1486.378540, rot_MAE: 1270.849365, trans_MSE: 1119.939087, trans_RMSE: 33.465492, trans_MAE: 19.882732
B--------->A
EPOCH:: 111, Loss: 1304.788016, MSE: 1275733.492252, RMSE: 1129.483728, MAE: 558.651175, rot_MSE: 2224607.250000, rot_RMSE: 1491.511719, rot_MAE: 1278.416626, trans_MSE: 656.239563, trans_RMSE: 25.617174, trans_MAE: 17.391123
==BEST TEST==
A--------->B
EPOCH:: 111, Loss: 761.420027, Cycle Loss: 98.861159, MSE: 1273363.929688, RMSE: 1128.434282, MAE: 561.169849, rot_MSE: 2209699.000000, rot_RMSE: 1486.505615, rot_MAE: 1274.760864, trans_MSE: 662.371887, trans_RMSE: 25.736586, trans_MAE: 12.985765
B--------->A
EPOCH:: 111, Loss: 761.420027, MSE: 1273194.930914, RMSE: 1128.359398, MAE: 560.934544, rot_MSE: 2208526.000000, rot_RMSE: 1486.111084, rot_MAE: 1273.768433, trans_MSE: 220.809570, trans_RMSE: 14.859662, trans_MAE: 9.200134
==TRAIN==
A--------->B
EPOCH:: 112, Loss: 227.858430, Cycle Loss:, 39.417570, MSE: 1147013.381641, RMSE: 1070.987106, MAE: 558.166385, rot_MSE: 2270693.000000, rot_RMSE: 1506.881836, rot_MAE: 1307.109497, trans_MSE: 188.249298, trans_RMSE: 13.720397, trans_MAE: 7.663001
B--------->A
EPOCH:: 112, Loss: 227.858430, MSE: 1146922.249805, RMSE: 1070.944560, MAE: 553.877407, rot_MSE: 2273910.750000, rot_RMSE: 1507.949219, rot_MAE: 1307.358887, trans_MSE: 209.660767, trans_RMSE: 14.479668, trans_MAE: 8.330547
==TEST==
A--------->B
EPOCH:: 112, Loss: 2105.539646, Cycle Loss: 303.706269, MSE: 1276255.523760, RMSE: 1129.714798, MAE: 563.238811, rot_MSE: 2197022.500000, rot_RMSE: 1482.235596, rot_MAE: 1267.877563, trans_MSE: 1801.527588, trans_RMSE: 42.444405, trans_MAE: 26.288393
B--------->A
EPOCH:: 112, Loss: 2105.539646, MSE: 1275468.356728, RMSE: 1129.366352, MAE: 560.347224, rot_MSE: 2214012.750000, rot_RMSE: 1487.955933, rot_MAE: 1276.943848, trans_MSE: 1058.603271, trans_RMSE: 32.536182, trans_MAE: 21.968399
==BEST TEST==
A--------->B
EPOCH:: 112, Loss: 761.420027, Cycle Loss: 98.861159, MSE: 1273363.929688, RMSE: 1128.434282, MAE: 561.169849, rot_MSE: 2209699.000000, rot_RMSE: 1486.505615, rot_MAE: 1274.760864, trans_MSE: 662.371887, trans_RMSE: 25.736586, trans_MAE: 12.985765
B--------->A
EPOCH:: 112, Loss: 761.420027, MSE: 1273194.930914, RMSE: 1128.359398, MAE: 560.934544, rot_MSE: 2208526.000000, rot_RMSE: 1486.111084, rot_MAE: 1273.768433, trans_MSE: 220.809570, trans_RMSE: 14.859662, trans_MAE: 9.200134
==TRAIN==
A--------->B
EPOCH:: 113, Loss: 254.467334, Cycle Loss:, 42.686129, MSE: 1148245.984505, RMSE: 1071.562403, MAE: 558.927995, rot_MSE: 2271415.750000, rot_RMSE: 1507.121704, rot_MAE: 1307.033813, trans_MSE: 211.592346, trans_RMSE: 14.546214, trans_MAE: 7.879320
B--------->A
EPOCH:: 113, Loss: 254.467334, MSE: 1148283.236198, RMSE: 1071.579785, MAE: 553.988164, rot_MSE: 2273592.500000, rot_RMSE: 1507.843628, rot_MAE: 1307.218750, trans_MSE: 200.865189, trans_RMSE: 14.172691, trans_MAE: 8.450686
==TEST==
A--------->B
EPOCH:: 113, Loss: 1532.230624, Cycle Loss: 217.315604, MSE: 1275880.422456, RMSE: 1129.548769, MAE: 562.366706, rot_MSE: 2210630.250000, rot_RMSE: 1486.818848, rot_MAE: 1272.987915, trans_MSE: 1314.648193, trans_RMSE: 36.258080, trans_MAE: 22.186197
B--------->A
EPOCH:: 113, Loss: 1532.230624, MSE: 1275482.803784, RMSE: 1129.372748, MAE: 560.282324, rot_MSE: 2221331.500000, rot_RMSE: 1490.413208, rot_MAE: 1277.463867, trans_MSE: 772.053223, trans_RMSE: 27.785845, trans_MAE: 18.783201
==BEST TEST==
A--------->B
EPOCH:: 113, Loss: 761.420027, Cycle Loss: 98.861159, MSE: 1273363.929688, RMSE: 1128.434282, MAE: 561.169849, rot_MSE: 2209699.000000, rot_RMSE: 1486.505615, rot_MAE: 1274.760864, trans_MSE: 662.371887, trans_RMSE: 25.736586, trans_MAE: 12.985765
B--------->A
EPOCH:: 113, Loss: 761.420027, MSE: 1273194.930914, RMSE: 1128.359398, MAE: 560.934544, rot_MSE: 2208526.000000, rot_RMSE: 1486.111084, rot_MAE: 1273.768433, trans_MSE: 220.809570, trans_RMSE: 14.859662, trans_MAE: 9.200134
==TRAIN==
A--------->B
EPOCH:: 114, Loss: 209.442709, Cycle Loss:, 40.792684, MSE: 1123071.435872, RMSE: 1059.750648, MAE: 553.765309, rot_MSE: 2268365.750000, rot_RMSE: 1506.109497, rot_MAE: 1306.134888, trans_MSE: 168.464264, trans_RMSE: 12.979379, trans_MAE: 7.498860
B--------->A
EPOCH:: 114, Loss: 209.442709, MSE: 1123219.920313, RMSE: 1059.820702, MAE: 548.344412, rot_MSE: 2270779.750000, rot_RMSE: 1506.910645, rot_MAE: 1306.921997, trans_MSE: 218.510834, trans_RMSE: 14.782112, trans_MAE: 8.381627
==TEST==
A--------->B
EPOCH:: 114, Loss: 1067.043545, Cycle Loss: 151.035613, MSE: 1275443.844137, RMSE: 1129.355499, MAE: 561.859315, rot_MSE: 2214483.000000, rot_RMSE: 1488.113892, rot_MAE: 1273.617798, trans_MSE: 915.758423, trans_RMSE: 30.261501, trans_MAE: 17.709831
B--------->A
EPOCH:: 114, Loss: 1067.043545, MSE: 1275171.818827, RMSE: 1129.235059, MAE: 559.608690, rot_MSE: 2218803.500000, rot_RMSE: 1489.564819, rot_MAE: 1276.864624, trans_MSE: 536.728821, trans_RMSE: 23.167408, trans_MAE: 15.575192
==BEST TEST==
A--------->B
EPOCH:: 114, Loss: 761.420027, Cycle Loss: 98.861159, MSE: 1273363.929688, RMSE: 1128.434282, MAE: 561.169849, rot_MSE: 2209699.000000, rot_RMSE: 1486.505615, rot_MAE: 1274.760864, trans_MSE: 662.371887, trans_RMSE: 25.736586, trans_MAE: 12.985765
B--------->A
EPOCH:: 114, Loss: 761.420027, MSE: 1273194.930914, RMSE: 1128.359398, MAE: 560.934544, rot_MSE: 2208526.000000, rot_RMSE: 1486.111084, rot_MAE: 1273.768433, trans_MSE: 220.809570, trans_RMSE: 14.859662, trans_MAE: 9.200134
==TRAIN==
A--------->B
EPOCH:: 115, Loss: 249.222984, Cycle Loss:, 48.462807, MSE: 1148038.717773, RMSE: 1071.465687, MAE: 558.824460, rot_MSE: 2272408.250000, rot_RMSE: 1507.450928, rot_MAE: 1308.123657, trans_MSE: 200.569733, trans_RMSE: 14.162265, trans_MAE: 7.931694
B--------->A
EPOCH:: 115, Loss: 249.222984, MSE: 1148049.810286, RMSE: 1071.470863, MAE: 553.508891, rot_MSE: 2275530.250000, rot_RMSE: 1508.486084, rot_MAE: 1309.211426, trans_MSE: 269.098602, trans_RMSE: 16.404224, trans_MAE: 8.996129
==TEST==
A--------->B
EPOCH:: 115, Loss: 2247.083522, Cycle Loss: 336.622694, MSE: 1276235.084259, RMSE: 1129.705751, MAE: 563.124344, rot_MSE: 2204803.250000, rot_RMSE: 1484.858032, rot_MAE: 1271.021729, trans_MSE: 1910.162231, trans_RMSE: 43.705402, trans_MAE: 27.621952
B--------->A
EPOCH:: 115, Loss: 2247.083522, MSE: 1275544.492769, RMSE: 1129.400059, MAE: 560.687744, rot_MSE: 2213918.750000, rot_RMSE: 1487.924316, rot_MAE: 1277.336792, trans_MSE: 1123.996582, trans_RMSE: 33.526058, trans_MAE: 23.029722
==BEST TEST==
A--------->B
EPOCH:: 115, Loss: 761.420027, Cycle Loss: 98.861159, MSE: 1273363.929688, RMSE: 1128.434282, MAE: 561.169849, rot_MSE: 2209699.000000, rot_RMSE: 1486.505615, rot_MAE: 1274.760864, trans_MSE: 662.371887, trans_RMSE: 25.736586, trans_MAE: 12.985765
B--------->A
EPOCH:: 115, Loss: 761.420027, MSE: 1273194.930914, RMSE: 1128.359398, MAE: 560.934544, rot_MSE: 2208526.000000, rot_RMSE: 1486.111084, rot_MAE: 1273.768433, trans_MSE: 220.809570, trans_RMSE: 14.859662, trans_MAE: 9.200134
==TRAIN==
A--------->B
EPOCH:: 116, Loss: 205.886370, Cycle Loss:, 41.103784, MSE: 1147166.440495, RMSE: 1071.058561, MAE: 558.329562, rot_MSE: 2268594.250000, rot_RMSE: 1506.185303, rot_MAE: 1306.016113, trans_MSE: 164.597488, trans_RMSE: 12.829556, trans_MAE: 7.628108
B--------->A
EPOCH:: 116, Loss: 205.886370, MSE: 1147223.488216, RMSE: 1071.085192, MAE: 553.854763, rot_MSE: 2274859.500000, rot_RMSE: 1508.263794, rot_MAE: 1308.722412, trans_MSE: 229.854324, trans_RMSE: 15.160948, trans_MAE: 8.455919
==TEST==
A--------->B
EPOCH:: 116, Loss: 1446.047925, Cycle Loss: 208.589366, MSE: 1275507.955256, RMSE: 1129.383883, MAE: 562.227448, rot_MSE: 2209614.750000, rot_RMSE: 1486.477295, rot_MAE: 1272.726807, trans_MSE: 1237.188721, trans_RMSE: 35.173695, trans_MAE: 21.407936
B--------->A
EPOCH:: 116, Loss: 1446.047925, MSE: 1275212.717652, RMSE: 1129.253168, MAE: 560.277234, rot_MSE: 2223213.250000, rot_RMSE: 1491.044312, rot_MAE: 1277.953369, trans_MSE: 709.068176, trans_RMSE: 26.628334, trans_MAE: 17.915155
==BEST TEST==
A--------->B
EPOCH:: 116, Loss: 761.420027, Cycle Loss: 98.861159, MSE: 1273363.929688, RMSE: 1128.434282, MAE: 561.169849, rot_MSE: 2209699.000000, rot_RMSE: 1486.505615, rot_MAE: 1274.760864, trans_MSE: 662.371887, trans_RMSE: 25.736586, trans_MAE: 12.985765
B--------->A
EPOCH:: 116, Loss: 761.420027, MSE: 1273194.930914, RMSE: 1128.359398, MAE: 560.934544, rot_MSE: 2208526.000000, rot_RMSE: 1486.111084, rot_MAE: 1273.768433, trans_MSE: 220.809570, trans_RMSE: 14.859662, trans_MAE: 9.200134
==TRAIN==
A--------->B
EPOCH:: 117, Loss: 228.378961, Cycle Loss:, 41.283943, MSE: 1146100.061328, RMSE: 1070.560629, MAE: 557.185590, rot_MSE: 2266060.500000, rot_RMSE: 1505.343994, rot_MAE: 1304.796753, trans_MSE: 186.904343, trans_RMSE: 13.671296, trans_MAE: 7.469577
B--------->A
EPOCH:: 117, Loss: 228.378961, MSE: 1146201.717188, RMSE: 1070.608106, MAE: 552.342040, rot_MSE: 2264178.750000, rot_RMSE: 1504.718872, rot_MAE: 1304.525635, trans_MSE: 224.798508, trans_RMSE: 14.993282, trans_MAE: 8.356147
==TEST==
A--------->B
EPOCH:: 117, Loss: 552.591768, Cycle Loss: 74.479355, MSE: 1274860.016335, RMSE: 1129.096992, MAE: 561.860242, rot_MSE: 2210274.500000, rot_RMSE: 1486.699219, rot_MAE: 1274.060303, trans_MSE: 477.895844, trans_RMSE: 21.860828, trans_MAE: 13.004923
B--------->A
EPOCH:: 117, Loss: 552.591768, MSE: 1274664.590780, RMSE: 1129.010448, MAE: 559.356736, rot_MSE: 2217314.250000, rot_RMSE: 1489.064941, rot_MAE: 1276.485352, trans_MSE: 293.576996, trans_RMSE: 17.134089, trans_MAE: 11.414525
==BEST TEST==
A--------->B
EPOCH:: 117, Loss: 552.591768, Cycle Loss: 74.479355, MSE: 1274860.016335, RMSE: 1129.096992, MAE: 561.860242, rot_MSE: 2210274.500000, rot_RMSE: 1486.699219, rot_MAE: 1274.060303, trans_MSE: 477.895844, trans_RMSE: 21.860828, trans_MAE: 13.004923
B--------->A
EPOCH:: 117, Loss: 552.591768, MSE: 1274664.590780, RMSE: 1129.010448, MAE: 559.356736, rot_MSE: 2217314.250000, rot_RMSE: 1489.064941, rot_MAE: 1276.485352, trans_MSE: 293.576996, trans_RMSE: 17.134089, trans_MAE: 11.414525
==TRAIN==
A--------->B
EPOCH:: 118, Loss: 266.473225, Cycle Loss:, 42.885305, MSE: 1147334.420833, RMSE: 1071.136976, MAE: 558.403346, rot_MSE: 2274644.000000, rot_RMSE: 1508.192261, rot_MAE: 1307.579224, trans_MSE: 223.401306, trans_RMSE: 14.946615, trans_MAE: 7.926761
B--------->A
EPOCH:: 118, Loss: 266.473225, MSE: 1147375.347201, RMSE: 1071.156080, MAE: 552.853273, rot_MSE: 2277983.750000, rot_RMSE: 1509.299072, rot_MAE: 1308.840576, trans_MSE: 203.666534, trans_RMSE: 14.271178, trans_MAE: 8.161591
==TEST==
A--------->B
EPOCH:: 118, Loss: 1160.323438, Cycle Loss: 163.905233, MSE: 1274988.934207, RMSE: 1129.154079, MAE: 561.478351, rot_MSE: 2213298.500000, rot_RMSE: 1487.715820, rot_MAE: 1273.988159, trans_MSE: 996.170288, trans_RMSE: 31.562166, trans_MAE: 18.788477
B--------->A
EPOCH:: 118, Loss: 1160.323438, MSE: 1274723.665870, RMSE: 1129.036610, MAE: 560.356492, rot_MSE: 2219115.000000, rot_RMSE: 1489.669434, rot_MAE: 1276.527588, trans_MSE: 539.897095, trans_RMSE: 23.235685, trans_MAE: 15.630657
==BEST TEST==
A--------->B
EPOCH:: 118, Loss: 552.591768, Cycle Loss: 74.479355, MSE: 1274860.016335, RMSE: 1129.096992, MAE: 561.860242, rot_MSE: 2210274.500000, rot_RMSE: 1486.699219, rot_MAE: 1274.060303, trans_MSE: 477.895844, trans_RMSE: 21.860828, trans_MAE: 13.004923
B--------->A
EPOCH:: 118, Loss: 552.591768, MSE: 1274664.590780, RMSE: 1129.010448, MAE: 559.356736, rot_MSE: 2217314.250000, rot_RMSE: 1489.064941, rot_MAE: 1276.485352, trans_MSE: 293.576996, trans_RMSE: 17.134089, trans_MAE: 11.414525
==TRAIN==
A--------->B
EPOCH:: 119, Loss: 217.076810, Cycle Loss:, 44.134953, MSE: 1148803.273958, RMSE: 1071.822408, MAE: 559.007877, rot_MSE: 2261700.000000, rot_RMSE: 1503.894897, rot_MAE: 1303.477661, trans_MSE: 172.755310, trans_RMSE: 13.143641, trans_MAE: 7.362046
B--------->A
EPOCH:: 119, Loss: 217.076810, MSE: 1148891.333073, RMSE: 1071.863486, MAE: 553.431917, rot_MSE: 2261854.750000, rot_RMSE: 1503.946411, rot_MAE: 1303.347412, trans_MSE: 244.505157, trans_RMSE: 15.636661, trans_MAE: 8.241729
==TEST==
A--------->B
EPOCH:: 119, Loss: 1135.819247, Cycle Loss: 159.623719, MSE: 1275156.503293, RMSE: 1129.228278, MAE: 561.849580, rot_MSE: 2210822.250000, rot_RMSE: 1486.883423, rot_MAE: 1272.835327, trans_MSE: 975.951172, trans_RMSE: 31.240217, trans_MAE: 18.463116
B--------->A
EPOCH:: 119, Loss: 1135.819247, MSE: 1274820.002776, RMSE: 1129.079272, MAE: 559.970971, rot_MSE: 2220505.500000, rot_RMSE: 1490.136108, rot_MAE: 1277.629761, trans_MSE: 554.670654, trans_RMSE: 23.551447, trans_MAE: 15.763575
==BEST TEST==
A--------->B
EPOCH:: 119, Loss: 552.591768, Cycle Loss: 74.479355, MSE: 1274860.016335, RMSE: 1129.096992, MAE: 561.860242, rot_MSE: 2210274.500000, rot_RMSE: 1486.699219, rot_MAE: 1274.060303, trans_MSE: 477.895844, trans_RMSE: 21.860828, trans_MAE: 13.004923
B--------->A
EPOCH:: 119, Loss: 552.591768, MSE: 1274664.590780, RMSE: 1129.010448, MAE: 559.356736, rot_MSE: 2217314.250000, rot_RMSE: 1489.064941, rot_MAE: 1276.485352, trans_MSE: 293.576996, trans_RMSE: 17.134089, trans_MAE: 11.414525
==TRAIN==
A--------->B
EPOCH:: 120, Loss: 225.770505, Cycle Loss:, 37.730476, MSE: 1134466.607161, RMSE: 1065.113425, MAE: 555.337816, rot_MSE: 2265470.750000, rot_RMSE: 1505.148071, rot_MAE: 1305.653931, trans_MSE: 187.855682, trans_RMSE: 13.706045, trans_MAE: 7.361428
B--------->A
EPOCH:: 120, Loss: 225.770505, MSE: 1134450.487760, RMSE: 1065.105858, MAE: 549.989319, rot_MSE: 2268271.750000, rot_RMSE: 1506.078247, rot_MAE: 1306.567505, trans_MSE: 193.022568, trans_RMSE: 13.893256, trans_MAE: 8.134868
==TEST==
A--------->B
EPOCH:: 120, Loss: 1527.613694, Cycle Loss: 214.755414, MSE: 1275870.134233, RMSE: 1129.544215, MAE: 562.573736, rot_MSE: 2212591.000000, rot_RMSE: 1487.478027, rot_MAE: 1274.372925, trans_MSE: 1312.576904, trans_RMSE: 36.229504, trans_MAE: 21.708157
B--------->A
EPOCH:: 120, Loss: 1527.613694, MSE: 1275469.202867, RMSE: 1129.366726, MAE: 559.747686, rot_MSE: 2219900.000000, rot_RMSE: 1489.932861, rot_MAE: 1277.299561, trans_MSE: 760.793579, trans_RMSE: 27.582487, trans_MAE: 18.372044
==BEST TEST==
A--------->B
EPOCH:: 120, Loss: 552.591768, Cycle Loss: 74.479355, MSE: 1274860.016335, RMSE: 1129.096992, MAE: 561.860242, rot_MSE: 2210274.500000, rot_RMSE: 1486.699219, rot_MAE: 1274.060303, trans_MSE: 477.895844, trans_RMSE: 21.860828, trans_MAE: 13.004923
B--------->A
EPOCH:: 120, Loss: 552.591768, MSE: 1274664.590780, RMSE: 1129.010448, MAE: 559.356736, rot_MSE: 2217314.250000, rot_RMSE: 1489.064941, rot_MAE: 1276.485352, trans_MSE: 293.576996, trans_RMSE: 17.134089, trans_MAE: 11.414525
==TRAIN==
A--------->B
EPOCH:: 121, Loss: 182.982124, Cycle Loss:, 36.987797, MSE: 1148600.940885, RMSE: 1071.728016, MAE: 558.722670, rot_MSE: 2264213.250000, rot_RMSE: 1504.730347, rot_MAE: 1304.613159, trans_MSE: 145.808624, trans_RMSE: 12.075124, trans_MAE: 7.141383
B--------->A
EPOCH:: 121, Loss: 182.982124, MSE: 1148605.551042, RMSE: 1071.730167, MAE: 552.671360, rot_MSE: 2268102.000000, rot_RMSE: 1506.021973, rot_MAE: 1305.022217, trans_MSE: 213.148010, trans_RMSE: 14.599589, trans_MAE: 8.237609
==TEST==
A--------->B
EPOCH:: 121, Loss: 2195.674802, Cycle Loss: 320.690697, MSE: 1275973.560692, RMSE: 1129.589997, MAE: 563.058338, rot_MSE: 2203350.500000, rot_RMSE: 1484.368774, rot_MAE: 1271.174927, trans_MSE: 1874.678711, trans_RMSE: 43.297562, trans_MAE: 26.735973
B--------->A
EPOCH:: 121, Loss: 2195.674802, MSE: 1275245.408768, RMSE: 1129.267643, MAE: 560.871844, rot_MSE: 2214226.750000, rot_RMSE: 1488.027832, rot_MAE: 1277.905762, trans_MSE: 1086.692749, trans_RMSE: 32.965023, trans_MAE: 22.178406
==BEST TEST==
A--------->B
EPOCH:: 121, Loss: 552.591768, Cycle Loss: 74.479355, MSE: 1274860.016335, RMSE: 1129.096992, MAE: 561.860242, rot_MSE: 2210274.500000, rot_RMSE: 1486.699219, rot_MAE: 1274.060303, trans_MSE: 477.895844, trans_RMSE: 21.860828, trans_MAE: 13.004923
B--------->A
EPOCH:: 121, Loss: 552.591768, MSE: 1274664.590780, RMSE: 1129.010448, MAE: 559.356736, rot_MSE: 2217314.250000, rot_RMSE: 1489.064941, rot_MAE: 1276.485352, trans_MSE: 293.576996, trans_RMSE: 17.134089, trans_MAE: 11.414525
==TRAIN==
A--------->B
EPOCH:: 122, Loss: 159.870688, Cycle Loss:, 32.243084, MSE: 1148256.114974, RMSE: 1071.567130, MAE: 558.765900, rot_MSE: 2270154.250000, rot_RMSE: 1506.703125, rot_MAE: 1306.172607, trans_MSE: 127.442406, trans_RMSE: 11.289040, trans_MAE: 6.727887
B--------->A
EPOCH:: 122, Loss: 159.870688, MSE: 1148234.868750, RMSE: 1071.557217, MAE: 553.720561, rot_MSE: 2272041.250000, rot_RMSE: 1507.329224, rot_MAE: 1307.131470, trans_MSE: 199.258392, trans_RMSE: 14.115891, trans_MAE: 7.917948
==TEST==
A--------->B
EPOCH:: 122, Loss: 1906.380526, Cycle Loss: 275.635886, MSE: 1275968.003874, RMSE: 1129.587537, MAE: 562.660874, rot_MSE: 2205968.500000, rot_RMSE: 1485.250366, rot_MAE: 1272.488647, trans_MSE: 1630.442139, trans_RMSE: 40.378735, trans_MAE: 24.673332
B--------->A
EPOCH:: 122, Loss: 1906.380526, MSE: 1275357.317601, RMSE: 1129.317191, MAE: 559.790674, rot_MSE: 2220203.750000, rot_RMSE: 1490.034790, rot_MAE: 1278.432007, trans_MSE: 917.374573, trans_RMSE: 30.288193, trans_MAE: 20.242968
==BEST TEST==
A--------->B
EPOCH:: 122, Loss: 552.591768, Cycle Loss: 74.479355, MSE: 1274860.016335, RMSE: 1129.096992, MAE: 561.860242, rot_MSE: 2210274.500000, rot_RMSE: 1486.699219, rot_MAE: 1274.060303, trans_MSE: 477.895844, trans_RMSE: 21.860828, trans_MAE: 13.004923
B--------->A
EPOCH:: 122, Loss: 552.591768, MSE: 1274664.590780, RMSE: 1129.010448, MAE: 559.356736, rot_MSE: 2217314.250000, rot_RMSE: 1489.064941, rot_MAE: 1276.485352, trans_MSE: 293.576996, trans_RMSE: 17.134089, trans_MAE: 11.414525
==TRAIN==
A--------->B
EPOCH:: 123, Loss: 238.757786, Cycle Loss:, 41.320365, MSE: 1134233.987109, RMSE: 1065.004219, MAE: 554.907200, rot_MSE: 2271421.250000, rot_RMSE: 1507.123535, rot_MAE: 1307.436646, trans_MSE: 197.253342, trans_RMSE: 14.044691, trans_MAE: 7.492260
B--------->A
EPOCH:: 123, Loss: 238.757786, MSE: 1134306.069141, RMSE: 1065.038060, MAE: 549.005494, rot_MSE: 2276653.500000, rot_RMSE: 1508.858398, rot_MAE: 1308.789551, trans_MSE: 206.525864, trans_RMSE: 14.371008, trans_MAE: 7.870584
==TEST==
A--------->B
EPOCH:: 123, Loss: 1645.457747, Cycle Loss: 233.713504, MSE: 1275706.714941, RMSE: 1129.471874, MAE: 562.430465, rot_MSE: 2212724.000000, rot_RMSE: 1487.522827, rot_MAE: 1273.866943, trans_MSE: 1411.466919, trans_RMSE: 37.569496, trans_MAE: 23.054827
B--------->A
EPOCH:: 123, Loss: 1645.457747, MSE: 1275146.555527, RMSE: 1129.223873, MAE: 560.192977, rot_MSE: 2216712.000000, rot_RMSE: 1488.862671, rot_MAE: 1276.697998, trans_MSE: 796.080261, trans_RMSE: 28.214895, trans_MAE: 18.950960
==BEST TEST==
A--------->B
EPOCH:: 123, Loss: 552.591768, Cycle Loss: 74.479355, MSE: 1274860.016335, RMSE: 1129.096992, MAE: 561.860242, rot_MSE: 2210274.500000, rot_RMSE: 1486.699219, rot_MAE: 1274.060303, trans_MSE: 477.895844, trans_RMSE: 21.860828, trans_MAE: 13.004923
B--------->A
EPOCH:: 123, Loss: 552.591768, MSE: 1274664.590780, RMSE: 1129.010448, MAE: 559.356736, rot_MSE: 2217314.250000, rot_RMSE: 1489.064941, rot_MAE: 1276.485352, trans_MSE: 293.576996, trans_RMSE: 17.134089, trans_MAE: 11.414525
==TRAIN==
A--------->B
EPOCH:: 124, Loss: 182.530308, Cycle Loss:, 36.862012, MSE: 1146856.067448, RMSE: 1070.913660, MAE: 558.272569, rot_MSE: 2270559.250000, rot_RMSE: 1506.837524, rot_MAE: 1306.254150, trans_MSE: 145.479233, trans_RMSE: 12.061478, trans_MAE: 6.903109
B--------->A
EPOCH:: 124, Loss: 182.530308, MSE: 1147013.767773, RMSE: 1070.987286, MAE: 554.098175, rot_MSE: 2267842.750000, rot_RMSE: 1505.935791, rot_MAE: 1305.067383, trans_MSE: 219.129639, trans_RMSE: 14.803028, trans_MAE: 8.017947
==TEST==
A--------->B
EPOCH:: 124, Loss: 1243.516667, Cycle Loss: 172.169407, MSE: 1275362.459775, RMSE: 1129.319468, MAE: 561.811521, rot_MSE: 2208124.500000, rot_RMSE: 1485.975952, rot_MAE: 1272.438477, trans_MSE: 1071.091675, trans_RMSE: 32.727535, trans_MAE: 19.353806
B--------->A
EPOCH:: 124, Loss: 1243.516667, MSE: 1275209.237732, RMSE: 1129.251627, MAE: 559.608491, rot_MSE: 2221038.000000, rot_RMSE: 1490.314697, rot_MAE: 1276.445923, trans_MSE: 582.432617, trans_RMSE: 24.133640, trans_MAE: 16.115105
==BEST TEST==
A--------->B
EPOCH:: 124, Loss: 552.591768, Cycle Loss: 74.479355, MSE: 1274860.016335, RMSE: 1129.096992, MAE: 561.860242, rot_MSE: 2210274.500000, rot_RMSE: 1486.699219, rot_MAE: 1274.060303, trans_MSE: 477.895844, trans_RMSE: 21.860828, trans_MAE: 13.004923
B--------->A
EPOCH:: 124, Loss: 552.591768, MSE: 1274664.590780, RMSE: 1129.010448, MAE: 559.356736, rot_MSE: 2217314.250000, rot_RMSE: 1489.064941, rot_MAE: 1276.485352, trans_MSE: 293.576996, trans_RMSE: 17.134089, trans_MAE: 11.414525
==TRAIN==
A--------->B
EPOCH:: 125, Loss: 186.111714, Cycle Loss:, 34.158001, MSE: 1131110.718229, RMSE: 1063.536891, MAE: 555.029982, rot_MSE: 2267466.500000, rot_RMSE: 1505.810913, rot_MAE: 1305.141724, trans_MSE: 151.769714, trans_RMSE: 12.319485, trans_MAE: 7.189471
B--------->A
EPOCH:: 125, Loss: 186.111714, MSE: 1131021.472786, RMSE: 1063.494933, MAE: 550.533073, rot_MSE: 2265783.000000, rot_RMSE: 1505.251831, rot_MAE: 1304.853638, trans_MSE: 184.785309, trans_RMSE: 13.593576, trans_MAE: 7.704164
==TEST==
A--------->B
EPOCH:: 125, Loss: 916.252386, Cycle Loss: 126.532638, MSE: 1274862.122934, RMSE: 1129.097924, MAE: 561.632567, rot_MSE: 2214524.000000, rot_RMSE: 1488.127686, rot_MAE: 1275.299561, trans_MSE: 789.478149, trans_RMSE: 28.097654, trans_MAE: 16.169870
B--------->A
EPOCH:: 125, Loss: 916.252386, MSE: 1274541.298360, RMSE: 1128.955844, MAE: 559.755744, rot_MSE: 2214083.000000, rot_RMSE: 1487.979492, rot_MAE: 1275.996704, trans_MSE: 419.323425, trans_RMSE: 20.477388, trans_MAE: 13.324601
==BEST TEST==
A--------->B
EPOCH:: 125, Loss: 552.591768, Cycle Loss: 74.479355, MSE: 1274860.016335, RMSE: 1129.096992, MAE: 561.860242, rot_MSE: 2210274.500000, rot_RMSE: 1486.699219, rot_MAE: 1274.060303, trans_MSE: 477.895844, trans_RMSE: 21.860828, trans_MAE: 13.004923
B--------->A
EPOCH:: 125, Loss: 552.591768, MSE: 1274664.590780, RMSE: 1129.010448, MAE: 559.356736, rot_MSE: 2217314.250000, rot_RMSE: 1489.064941, rot_MAE: 1276.485352, trans_MSE: 293.576996, trans_RMSE: 17.134089, trans_MAE: 11.414525
==TRAIN==
A--------->B
EPOCH:: 126, Loss: 178.271565, Cycle Loss:, 30.480468, MSE: 1147869.091667, RMSE: 1071.386528, MAE: 558.007539, rot_MSE: 2265481.500000, rot_RMSE: 1505.151611, rot_MAE: 1304.670654, trans_MSE: 147.604462, trans_RMSE: 12.149258, trans_MAE: 6.980456
B--------->A
EPOCH:: 126, Loss: 178.271565, MSE: 1147837.144922, RMSE: 1071.371618, MAE: 553.669621, rot_MSE: 2265884.500000, rot_RMSE: 1505.285522, rot_MAE: 1304.955200, trans_MSE: 166.214813, trans_RMSE: 12.892432, trans_MAE: 7.374162
==TEST==
A--------->B
EPOCH:: 126, Loss: 1345.508594, Cycle Loss: 191.698203, MSE: 1275324.804236, RMSE: 1129.302796, MAE: 562.550044, rot_MSE: 2210068.500000, rot_RMSE: 1486.629883, rot_MAE: 1272.525513, trans_MSE: 1153.538574, trans_RMSE: 33.963783, trans_MAE: 20.058638
B--------->A
EPOCH:: 126, Loss: 1345.508594, MSE: 1275051.183755, RMSE: 1129.181643, MAE: 559.830134, rot_MSE: 2223335.250000, rot_RMSE: 1491.085205, rot_MAE: 1277.361938, trans_MSE: 640.371582, trans_RMSE: 25.305565, trans_MAE: 16.805820
==BEST TEST==
A--------->B
EPOCH:: 126, Loss: 552.591768, Cycle Loss: 74.479355, MSE: 1274860.016335, RMSE: 1129.096992, MAE: 561.860242, rot_MSE: 2210274.500000, rot_RMSE: 1486.699219, rot_MAE: 1274.060303, trans_MSE: 477.895844, trans_RMSE: 21.860828, trans_MAE: 13.004923
B--------->A
EPOCH:: 126, Loss: 552.591768, MSE: 1274664.590780, RMSE: 1129.010448, MAE: 559.356736, rot_MSE: 2217314.250000, rot_RMSE: 1489.064941, rot_MAE: 1276.485352, trans_MSE: 293.576996, trans_RMSE: 17.134089, trans_MAE: 11.414525
==TRAIN==
A--------->B
EPOCH:: 127, Loss: 178.865186, Cycle Loss:, 30.653625, MSE: 1146690.941732, RMSE: 1070.836562, MAE: 557.651789, rot_MSE: 2268764.000000, rot_RMSE: 1506.241699, rot_MAE: 1306.000122, trans_MSE: 148.028366, trans_RMSE: 12.166691, trans_MAE: 6.962659
B--------->A
EPOCH:: 127, Loss: 178.865186, MSE: 1146610.460091, RMSE: 1070.798982, MAE: 551.694970, rot_MSE: 2266518.500000, rot_RMSE: 1505.496094, rot_MAE: 1305.584595, trans_MSE: 175.152145, trans_RMSE: 13.234506, trans_MAE: 7.741236
==TEST==
A--------->B
EPOCH:: 127, Loss: 1567.149863, Cycle Loss: 222.643962, MSE: 1275663.427557, RMSE: 1129.452712, MAE: 562.591556, rot_MSE: 2208986.500000, rot_RMSE: 1486.265991, rot_MAE: 1272.389648, trans_MSE: 1344.234375, trans_RMSE: 36.663803, trans_MAE: 22.269510
B--------->A
EPOCH:: 127, Loss: 1567.149863, MSE: 1275253.727208, RMSE: 1129.271326, MAE: 559.955180, rot_MSE: 2217379.000000, rot_RMSE: 1489.086670, rot_MAE: 1276.638550, trans_MSE: 758.853455, trans_RMSE: 27.547295, trans_MAE: 18.534122
==BEST TEST==
A--------->B
EPOCH:: 127, Loss: 552.591768, Cycle Loss: 74.479355, MSE: 1274860.016335, RMSE: 1129.096992, MAE: 561.860242, rot_MSE: 2210274.500000, rot_RMSE: 1486.699219, rot_MAE: 1274.060303, trans_MSE: 477.895844, trans_RMSE: 21.860828, trans_MAE: 13.004923
B--------->A
EPOCH:: 127, Loss: 552.591768, MSE: 1274664.590780, RMSE: 1129.010448, MAE: 559.356736, rot_MSE: 2217314.250000, rot_RMSE: 1489.064941, rot_MAE: 1276.485352, trans_MSE: 293.576996, trans_RMSE: 17.134089, trans_MAE: 11.414525
==TRAIN==
A--------->B
EPOCH:: 128, Loss: 167.563350, Cycle Loss:, 29.660986, MSE: 1139767.775195, RMSE: 1067.599070, MAE: 556.476293, rot_MSE: 2270899.750000, rot_RMSE: 1506.950439, rot_MAE: 1307.218628, trans_MSE: 137.720612, trans_RMSE: 11.735442, trans_MAE: 6.839163
B--------->A
EPOCH:: 128, Loss: 167.563350, MSE: 1139831.834245, RMSE: 1067.629071, MAE: 550.753101, rot_MSE: 2273737.500000, rot_RMSE: 1507.891724, rot_MAE: 1308.645264, trans_MSE: 173.107132, trans_RMSE: 13.157019, trans_MAE: 7.656984
==TEST==
A--------->B
EPOCH:: 128, Loss: 1424.111447, Cycle Loss: 198.009687, MSE: 1275690.986054, RMSE: 1129.464911, MAE: 562.292841, rot_MSE: 2213008.500000, rot_RMSE: 1487.618408, rot_MAE: 1273.723267, trans_MSE: 1225.844482, trans_RMSE: 35.012062, trans_MAE: 20.953686
B--------->A
EPOCH:: 128, Loss: 1424.111447, MSE: 1275368.953835, RMSE: 1129.322343, MAE: 559.328187, rot_MSE: 2220260.500000, rot_RMSE: 1490.053833, rot_MAE: 1276.671143, trans_MSE: 682.216064, trans_RMSE: 26.119267, trans_MAE: 17.565742
==BEST TEST==
A--------->B
EPOCH:: 128, Loss: 552.591768, Cycle Loss: 74.479355, MSE: 1274860.016335, RMSE: 1129.096992, MAE: 561.860242, rot_MSE: 2210274.500000, rot_RMSE: 1486.699219, rot_MAE: 1274.060303, trans_MSE: 477.895844, trans_RMSE: 21.860828, trans_MAE: 13.004923
B--------->A
EPOCH:: 128, Loss: 552.591768, MSE: 1274664.590780, RMSE: 1129.010448, MAE: 559.356736, rot_MSE: 2217314.250000, rot_RMSE: 1489.064941, rot_MAE: 1276.485352, trans_MSE: 293.576996, trans_RMSE: 17.134089, trans_MAE: 11.414525
==TRAIN==
A--------->B
EPOCH:: 129, Loss: 179.294756, Cycle Loss:, 31.070449, MSE: 1145845.453255, RMSE: 1070.441709, MAE: 557.653613, rot_MSE: 2259612.500000, rot_RMSE: 1503.200806, rot_MAE: 1303.467896, trans_MSE: 148.043961, trans_RMSE: 12.167332, trans_MAE: 6.828331
B--------->A
EPOCH:: 129, Loss: 179.294756, MSE: 1145896.870443, RMSE: 1070.465726, MAE: 553.154558, rot_MSE: 2263470.750000, rot_RMSE: 1504.483521, rot_MAE: 1303.765503, trans_MSE: 177.993423, trans_RMSE: 13.341417, trans_MAE: 7.613863
==TEST==
A--------->B
EPOCH:: 129, Loss: 707.026147, Cycle Loss: 97.202165, MSE: 1274868.094718, RMSE: 1129.100569, MAE: 561.751859, rot_MSE: 2209639.250000, rot_RMSE: 1486.485596, rot_MAE: 1274.403564, trans_MSE: 609.606018, trans_RMSE: 24.690201, trans_MAE: 14.113397
B--------->A
EPOCH:: 129, Loss: 707.026147, MSE: 1274577.962810, RMSE: 1128.972082, MAE: 560.058666, rot_MSE: 2217627.000000, rot_RMSE: 1489.169922, rot_MAE: 1276.820068, trans_MSE: 322.330719, trans_RMSE: 17.953571, trans_MAE: 12.003015
==BEST TEST==
A--------->B
EPOCH:: 129, Loss: 552.591768, Cycle Loss: 74.479355, MSE: 1274860.016335, RMSE: 1129.096992, MAE: 561.860242, rot_MSE: 2210274.500000, rot_RMSE: 1486.699219, rot_MAE: 1274.060303, trans_MSE: 477.895844, trans_RMSE: 21.860828, trans_MAE: 13.004923
B--------->A
EPOCH:: 129, Loss: 552.591768, MSE: 1274664.590780, RMSE: 1129.010448, MAE: 559.356736, rot_MSE: 2217314.250000, rot_RMSE: 1489.064941, rot_MAE: 1276.485352, trans_MSE: 293.576996, trans_RMSE: 17.134089, trans_MAE: 11.414525
==TRAIN==
A--------->B
EPOCH:: 130, Loss: 184.096027, Cycle Loss:, 31.900337, MSE: 1146712.092448, RMSE: 1070.846437, MAE: 557.746071, rot_MSE: 2269582.250000, rot_RMSE: 1506.513306, rot_MAE: 1306.050293, trans_MSE: 152.010727, trans_RMSE: 12.329263, trans_MAE: 6.816286
B--------->A
EPOCH:: 130, Loss: 184.096027, MSE: 1146802.060026, RMSE: 1070.888444, MAE: 552.775327, rot_MSE: 2271734.500000, rot_RMSE: 1507.227417, rot_MAE: 1306.655151, trans_MSE: 166.631104, trans_RMSE: 12.908567, trans_MAE: 7.401137
==TEST==
A--------->B
EPOCH:: 130, Loss: 1424.257147, Cycle Loss: 201.783848, MSE: 1275513.079675, RMSE: 1129.386152, MAE: 562.693869, rot_MSE: 2213462.500000, rot_RMSE: 1487.770996, rot_MAE: 1273.625000, trans_MSE: 1222.198730, trans_RMSE: 34.959957, trans_MAE: 20.791357
B--------->A
EPOCH:: 130, Loss: 1424.257147, MSE: 1275237.518789, RMSE: 1129.264149, MAE: 559.859811, rot_MSE: 2224483.000000, rot_RMSE: 1491.470093, rot_MAE: 1278.070190, trans_MSE: 675.016296, trans_RMSE: 25.981075, trans_MAE: 17.498186
==BEST TEST==
A--------->B
EPOCH:: 130, Loss: 552.591768, Cycle Loss: 74.479355, MSE: 1274860.016335, RMSE: 1129.096992, MAE: 561.860242, rot_MSE: 2210274.500000, rot_RMSE: 1486.699219, rot_MAE: 1274.060303, trans_MSE: 477.895844, trans_RMSE: 21.860828, trans_MAE: 13.004923
B--------->A
EPOCH:: 130, Loss: 552.591768, MSE: 1274664.590780, RMSE: 1129.010448, MAE: 559.356736, rot_MSE: 2217314.250000, rot_RMSE: 1489.064941, rot_MAE: 1276.485352, trans_MSE: 293.576996, trans_RMSE: 17.134089, trans_MAE: 11.414525
==TRAIN==
A--------->B
EPOCH:: 131, Loss: 159.857201, Cycle Loss:, 34.849107, MSE: 1147362.982161, RMSE: 1071.150308, MAE: 558.069951, rot_MSE: 2261878.250000, rot_RMSE: 1503.954224, rot_MAE: 1303.106079, trans_MSE: 124.830559, trans_RMSE: 11.172760, trans_MAE: 6.684217
B--------->A
EPOCH:: 131, Loss: 159.857201, MSE: 1147252.435807, RMSE: 1071.098705, MAE: 552.554335, rot_MSE: 2263395.250000, rot_RMSE: 1504.458496, rot_MAE: 1303.599609, trans_MSE: 225.282806, trans_RMSE: 15.009424, trans_MAE: 7.816219
==TEST==
A--------->B
EPOCH:: 131, Loss: 522.191412, Cycle Loss: 69.848373, MSE: 1274376.577027, RMSE: 1128.882889, MAE: 561.570693, rot_MSE: 2207258.500000, rot_RMSE: 1485.684570, rot_MAE: 1273.369019, trans_MSE: 452.134460, trans_RMSE: 21.263454, trans_MAE: 12.405942
B--------->A
EPOCH:: 131, Loss: 522.191412, MSE: 1274177.016142, RMSE: 1128.794497, MAE: 560.700203, rot_MSE: 2216825.250000, rot_RMSE: 1488.900635, rot_MAE: 1276.588867, trans_MSE: 246.431824, trans_RMSE: 15.698147, trans_MAE: 10.369621
==BEST TEST==
A--------->B
EPOCH:: 131, Loss: 522.191412, Cycle Loss: 69.848373, MSE: 1274376.577027, RMSE: 1128.882889, MAE: 561.570693, rot_MSE: 2207258.500000, rot_RMSE: 1485.684570, rot_MAE: 1273.369019, trans_MSE: 452.134460, trans_RMSE: 21.263454, trans_MAE: 12.405942
B--------->A
EPOCH:: 131, Loss: 522.191412, MSE: 1274177.016142, RMSE: 1128.794497, MAE: 560.700203, rot_MSE: 2216825.250000, rot_RMSE: 1488.900635, rot_MAE: 1276.588867, trans_MSE: 246.431824, trans_RMSE: 15.698147, trans_MAE: 10.369621
==TRAIN==
A--------->B
EPOCH:: 132, Loss: 184.272084, Cycle Loss:, 29.913712, MSE: 1147500.630469, RMSE: 1071.214559, MAE: 557.734300, rot_MSE: 2272078.000000, rot_RMSE: 1507.341309, rot_MAE: 1308.008789, trans_MSE: 154.173431, trans_RMSE: 12.416659, trans_MAE: 6.526063
B--------->A
EPOCH:: 132, Loss: 184.272084, MSE: 1147503.841667, RMSE: 1071.216057, MAE: 553.722099, rot_MSE: 2272510.250000, rot_RMSE: 1507.484741, rot_MAE: 1307.878662, trans_MSE: 164.106873, trans_RMSE: 12.810420, trans_MAE: 7.119634
==TEST==
A--------->B
EPOCH:: 132, Loss: 1129.065060, Cycle Loss: 154.689613, MSE: 1275029.468944, RMSE: 1129.172028, MAE: 561.981151, rot_MSE: 2210947.500000, rot_RMSE: 1486.925537, rot_MAE: 1273.205444, trans_MSE: 974.127563, trans_RMSE: 31.211018, trans_MAE: 18.578259
B--------->A
EPOCH:: 132, Loss: 1129.065060, MSE: 1274621.887332, RMSE: 1128.991536, MAE: 560.145025, rot_MSE: 2218860.500000, rot_RMSE: 1489.583984, rot_MAE: 1276.978516, trans_MSE: 515.990295, trans_RMSE: 22.715420, trans_MAE: 15.126480
==BEST TEST==
A--------->B
EPOCH:: 132, Loss: 522.191412, Cycle Loss: 69.848373, MSE: 1274376.577027, RMSE: 1128.882889, MAE: 561.570693, rot_MSE: 2207258.500000, rot_RMSE: 1485.684570, rot_MAE: 1273.369019, trans_MSE: 452.134460, trans_RMSE: 21.263454, trans_MAE: 12.405942
B--------->A
EPOCH:: 132, Loss: 522.191412, MSE: 1274177.016142, RMSE: 1128.794497, MAE: 560.700203, rot_MSE: 2216825.250000, rot_RMSE: 1488.900635, rot_MAE: 1276.588867, trans_MSE: 246.431824, trans_RMSE: 15.698147, trans_MAE: 10.369621
==TRAIN==
A--------->B
EPOCH:: 133, Loss: 208.137280, Cycle Loss:, 34.200197, MSE: 1147468.238802, RMSE: 1071.199439, MAE: 557.942042, rot_MSE: 2271552.250000, rot_RMSE: 1507.166992, rot_MAE: 1307.253296, trans_MSE: 173.753693, trans_RMSE: 13.181566, trans_MAE: 6.917450
B--------->A
EPOCH:: 133, Loss: 208.137280, MSE: 1147448.356901, RMSE: 1071.190159, MAE: 553.400864, rot_MSE: 2273724.000000, rot_RMSE: 1507.887207, rot_MAE: 1307.592529, trans_MSE: 174.641693, trans_RMSE: 13.215207, trans_MAE: 7.477844
==TEST==
A--------->B
EPOCH:: 133, Loss: 1746.568288, Cycle Loss: 251.191204, MSE: 1275636.965457, RMSE: 1129.440997, MAE: 562.584806, rot_MSE: 2206981.250000, rot_RMSE: 1485.591187, rot_MAE: 1271.296143, trans_MSE: 1495.107056, trans_RMSE: 38.666615, trans_MAE: 23.761929
B--------->A
EPOCH:: 133, Loss: 1746.568288, MSE: 1275175.795196, RMSE: 1129.236820, MAE: 560.774300, rot_MSE: 2216256.250000, rot_RMSE: 1488.709595, rot_MAE: 1276.457886, trans_MSE: 838.918579, trans_RMSE: 28.964090, trans_MAE: 19.905586
==BEST TEST==
A--------->B
EPOCH:: 133, Loss: 522.191412, Cycle Loss: 69.848373, MSE: 1274376.577027, RMSE: 1128.882889, MAE: 561.570693, rot_MSE: 2207258.500000, rot_RMSE: 1485.684570, rot_MAE: 1273.369019, trans_MSE: 452.134460, trans_RMSE: 21.263454, trans_MAE: 12.405942
B--------->A
EPOCH:: 133, Loss: 522.191412, MSE: 1274177.016142, RMSE: 1128.794497, MAE: 560.700203, rot_MSE: 2216825.250000, rot_RMSE: 1488.900635, rot_MAE: 1276.588867, trans_MSE: 246.431824, trans_RMSE: 15.698147, trans_MAE: 10.369621
==TRAIN==
A--------->B
EPOCH:: 134, Loss: 146.414409, Cycle Loss:, 28.805464, MSE: 1147001.848568, RMSE: 1070.981722, MAE: 557.874799, rot_MSE: 2268988.500000, rot_RMSE: 1506.316162, rot_MAE: 1306.183105, trans_MSE: 117.428169, trans_RMSE: 10.836428, trans_MAE: 6.317413
B--------->A
EPOCH:: 134, Loss: 146.414409, MSE: 1147172.025391, RMSE: 1071.061168, MAE: 552.329818, rot_MSE: 2271893.750000, rot_RMSE: 1507.280273, rot_MAE: 1307.125854, trans_MSE: 171.368011, trans_RMSE: 13.090760, trans_MAE: 7.150144
==TEST==
A--------->B
EPOCH:: 134, Loss: 994.976961, Cycle Loss: 135.041875, MSE: 1274985.261299, RMSE: 1129.152453, MAE: 561.741147, rot_MSE: 2208343.000000, rot_RMSE: 1486.049438, rot_MAE: 1273.646118, trans_MSE: 859.707397, trans_RMSE: 29.320766, trans_MAE: 17.197186
B--------->A
EPOCH:: 134, Loss: 994.976961, MSE: 1274571.978499, RMSE: 1128.969432, MAE: 560.040408, rot_MSE: 2218087.750000, rot_RMSE: 1489.324585, rot_MAE: 1276.827271, trans_MSE: 444.384827, trans_RMSE: 21.080437, trans_MAE: 14.197876
==BEST TEST==
A--------->B
EPOCH:: 134, Loss: 522.191412, Cycle Loss: 69.848373, MSE: 1274376.577027, RMSE: 1128.882889, MAE: 561.570693, rot_MSE: 2207258.500000, rot_RMSE: 1485.684570, rot_MAE: 1273.369019, trans_MSE: 452.134460, trans_RMSE: 21.263454, trans_MAE: 12.405942
B--------->A
EPOCH:: 134, Loss: 522.191412, MSE: 1274177.016142, RMSE: 1128.794497, MAE: 560.700203, rot_MSE: 2216825.250000, rot_RMSE: 1488.900635, rot_MAE: 1276.588867, trans_MSE: 246.431824, trans_RMSE: 15.698147, trans_MAE: 10.369621
==TRAIN==
A--------->B
EPOCH:: 135, Loss: 159.512978, Cycle Loss:, 30.204321, MSE: 1148392.156120, RMSE: 1071.630606, MAE: 558.715354, rot_MSE: 2267489.000000, rot_RMSE: 1505.818359, rot_MAE: 1305.419922, trans_MSE: 129.125839, trans_RMSE: 11.363355, trans_MAE: 6.577405
B--------->A
EPOCH:: 135, Loss: 159.512978, MSE: 1148336.990625, RMSE: 1071.604867, MAE: 553.512592, rot_MSE: 2262795.000000, rot_RMSE: 1504.258911, rot_MAE: 1304.094116, trans_MSE: 166.456894, trans_RMSE: 12.901817, trans_MAE: 7.286159
==TEST==
A--------->B
EPOCH:: 135, Loss: 1115.863689, Cycle Loss: 153.524551, MSE: 1275080.119512, RMSE: 1129.194456, MAE: 561.858075, rot_MSE: 2208884.750000, rot_RMSE: 1486.231689, rot_MAE: 1273.246948, trans_MSE: 962.099548, trans_RMSE: 31.017729, trans_MAE: 18.350004
B--------->A
EPOCH:: 135, Loss: 1115.863689, MSE: 1274705.786544, RMSE: 1129.028692, MAE: 560.419675, rot_MSE: 2219169.750000, rot_RMSE: 1489.687744, rot_MAE: 1276.828125, trans_MSE: 499.153839, trans_RMSE: 22.341751, trans_MAE: 14.973077
==BEST TEST==
A--------->B
EPOCH:: 135, Loss: 522.191412, Cycle Loss: 69.848373, MSE: 1274376.577027, RMSE: 1128.882889, MAE: 561.570693, rot_MSE: 2207258.500000, rot_RMSE: 1485.684570, rot_MAE: 1273.369019, trans_MSE: 452.134460, trans_RMSE: 21.263454, trans_MAE: 12.405942
B--------->A
EPOCH:: 135, Loss: 522.191412, MSE: 1274177.016142, RMSE: 1128.794497, MAE: 560.700203, rot_MSE: 2216825.250000, rot_RMSE: 1488.900635, rot_MAE: 1276.588867, trans_MSE: 246.431824, trans_RMSE: 15.698147, trans_MAE: 10.369621
==TRAIN==
A--------->B
EPOCH:: 136, Loss: 141.473534, Cycle Loss:, 29.190108, MSE: 1147875.771484, RMSE: 1071.389645, MAE: 558.460103, rot_MSE: 2270576.750000, rot_RMSE: 1506.843262, rot_MAE: 1306.717651, trans_MSE: 112.100090, trans_RMSE: 10.587733, trans_MAE: 6.370125
B--------->A
EPOCH:: 136, Loss: 141.473534, MSE: 1148067.335026, RMSE: 1071.479041, MAE: 552.304315, rot_MSE: 2273423.000000, rot_RMSE: 1507.787476, rot_MAE: 1307.727295, trans_MSE: 166.475006, trans_RMSE: 12.902519, trans_MAE: 7.191853
==TEST==
A--------->B
EPOCH:: 136, Loss: 1503.901113, Cycle Loss: 211.991501, MSE: 1275370.992769, RMSE: 1129.323245, MAE: 562.166590, rot_MSE: 2214276.500000, rot_RMSE: 1488.044556, rot_MAE: 1274.471924, trans_MSE: 1291.653564, trans_RMSE: 35.939583, trans_MAE: 21.785831
B--------->A
EPOCH:: 136, Loss: 1503.901113, MSE: 1275088.807335, RMSE: 1129.198303, MAE: 560.639560, rot_MSE: 2218135.750000, rot_RMSE: 1489.340698, rot_MAE: 1276.277588, trans_MSE: 705.744446, trans_RMSE: 26.565851, trans_MAE: 18.171051
==BEST TEST==
A--------->B
EPOCH:: 136, Loss: 522.191412, Cycle Loss: 69.848373, MSE: 1274376.577027, RMSE: 1128.882889, MAE: 561.570693, rot_MSE: 2207258.500000, rot_RMSE: 1485.684570, rot_MAE: 1273.369019, trans_MSE: 452.134460, trans_RMSE: 21.263454, trans_MAE: 12.405942
B--------->A
EPOCH:: 136, Loss: 522.191412, MSE: 1274177.016142, RMSE: 1128.794497, MAE: 560.700203, rot_MSE: 2216825.250000, rot_RMSE: 1488.900635, rot_MAE: 1276.588867, trans_MSE: 246.431824, trans_RMSE: 15.698147, trans_MAE: 10.369621
==TRAIN==
A--------->B
EPOCH:: 137, Loss: 158.358641, Cycle Loss:, 25.389105, MSE: 1132590.907096, RMSE: 1064.232544, MAE: 554.611020, rot_MSE: 2265586.500000, rot_RMSE: 1505.186523, rot_MAE: 1304.071411, trans_MSE: 132.786224, trans_RMSE: 11.523291, trans_MAE: 6.419393
B--------->A
EPOCH:: 137, Loss: 158.358641, MSE: 1132535.616016, RMSE: 1064.206566, MAE: 547.542999, rot_MSE: 2264988.500000, rot_RMSE: 1504.987915, rot_MAE: 1303.770874, trans_MSE: 130.723938, trans_RMSE: 11.433457, trans_MAE: 6.740710
==TEST==
A--------->B
EPOCH:: 137, Loss: 1108.697327, Cycle Loss: 151.546473, MSE: 1274868.213391, RMSE: 1129.100621, MAE: 561.836379, rot_MSE: 2207081.500000, rot_RMSE: 1485.625000, rot_MAE: 1271.666138, trans_MSE: 956.909363, trans_RMSE: 30.933952, trans_MAE: 18.391752
B--------->A
EPOCH:: 137, Loss: 1108.697327, MSE: 1274424.061919, RMSE: 1128.903921, MAE: 561.025175, rot_MSE: 2211263.000000, rot_RMSE: 1487.031616, rot_MAE: 1274.919800, trans_MSE: 479.348389, trans_RMSE: 21.894026, trans_MAE: 14.489287
==BEST TEST==
A--------->B
EPOCH:: 137, Loss: 522.191412, Cycle Loss: 69.848373, MSE: 1274376.577027, RMSE: 1128.882889, MAE: 561.570693, rot_MSE: 2207258.500000, rot_RMSE: 1485.684570, rot_MAE: 1273.369019, trans_MSE: 452.134460, trans_RMSE: 21.263454, trans_MAE: 12.405942
B--------->A
EPOCH:: 137, Loss: 522.191412, MSE: 1274177.016142, RMSE: 1128.794497, MAE: 560.700203, rot_MSE: 2216825.250000, rot_RMSE: 1488.900635, rot_MAE: 1276.588867, trans_MSE: 246.431824, trans_RMSE: 15.698147, trans_MAE: 10.369621
==TRAIN==
A--------->B
EPOCH:: 138, Loss: 197.570510, Cycle Loss:, 36.355425, MSE: 1147407.537565, RMSE: 1071.171106, MAE: 557.910874, rot_MSE: 2262755.750000, rot_RMSE: 1504.245850, rot_MAE: 1304.482422, trans_MSE: 161.026169, trans_RMSE: 12.689609, trans_MAE: 6.567510
B--------->A
EPOCH:: 138, Loss: 197.570510, MSE: 1147405.754492, RMSE: 1071.170273, MAE: 551.887962, rot_MSE: 2264947.250000, rot_RMSE: 1504.974121, rot_MAE: 1305.321289, trans_MSE: 208.258804, trans_RMSE: 14.431174, trans_MAE: 7.540834
==TEST==
A--------->B
EPOCH:: 138, Loss: 1196.869439, Cycle Loss: 163.784403, MSE: 1274950.392562, RMSE: 1129.137012, MAE: 562.065149, rot_MSE: 2212608.250000, rot_RMSE: 1487.483887, rot_MAE: 1275.315063, trans_MSE: 1032.832764, trans_RMSE: 32.137714, trans_MAE: 19.109186
B--------->A
EPOCH:: 138, Loss: 1196.869439, MSE: 1274507.868091, RMSE: 1128.941038, MAE: 561.664416, rot_MSE: 2222503.250000, rot_RMSE: 1490.806274, rot_MAE: 1277.843628, trans_MSE: 533.892700, trans_RMSE: 23.106119, trans_MAE: 15.535780
==BEST TEST==
A--------->B
EPOCH:: 138, Loss: 522.191412, Cycle Loss: 69.848373, MSE: 1274376.577027, RMSE: 1128.882889, MAE: 561.570693, rot_MSE: 2207258.500000, rot_RMSE: 1485.684570, rot_MAE: 1273.369019, trans_MSE: 452.134460, trans_RMSE: 21.263454, trans_MAE: 12.405942
B--------->A
EPOCH:: 138, Loss: 522.191412, MSE: 1274177.016142, RMSE: 1128.794497, MAE: 560.700203, rot_MSE: 2216825.250000, rot_RMSE: 1488.900635, rot_MAE: 1276.588867, trans_MSE: 246.431824, trans_RMSE: 15.698147, trans_MAE: 10.369621
==TRAIN==
A--------->B
EPOCH:: 139, Loss: 206.752608, Cycle Loss:, 29.529508, MSE: 1148345.286198, RMSE: 1071.608737, MAE: 558.511579, rot_MSE: 2264465.500000, rot_RMSE: 1504.814087, rot_MAE: 1304.717773, trans_MSE: 177.040771, trans_RMSE: 13.305667, trans_MAE: 6.750514
B--------->A
EPOCH:: 139, Loss: 206.752608, MSE: 1148239.628776, RMSE: 1071.559438, MAE: 551.321204, rot_MSE: 2266002.500000, rot_RMSE: 1505.324707, rot_MAE: 1305.450806, trans_MSE: 120.295052, trans_RMSE: 10.967910, trans_MAE: 6.595352
==TEST==
A--------->B
EPOCH:: 139, Loss: 2973.086770, Cycle Loss: 350.176086, MSE: 1276317.821152, RMSE: 1129.742369, MAE: 563.474283, rot_MSE: 2206490.500000, rot_RMSE: 1485.426025, rot_MAE: 1272.656372, trans_MSE: 2622.634521, trans_RMSE: 51.211662, trans_MAE: 26.086853
B--------->A
EPOCH:: 139, Loss: 2973.086770, MSE: 1274850.058432, RMSE: 1129.092582, MAE: 563.717797, rot_MSE: 2219338.750000, rot_RMSE: 1489.744507, rot_MAE: 1277.127075, trans_MSE: 731.321960, trans_RMSE: 27.042965, trans_MAE: 18.748474
==BEST TEST==
A--------->B
EPOCH:: 139, Loss: 522.191412, Cycle Loss: 69.848373, MSE: 1274376.577027, RMSE: 1128.882889, MAE: 561.570693, rot_MSE: 2207258.500000, rot_RMSE: 1485.684570, rot_MAE: 1273.369019, trans_MSE: 452.134460, trans_RMSE: 21.263454, trans_MAE: 12.405942
B--------->A
EPOCH:: 139, Loss: 522.191412, MSE: 1274177.016142, RMSE: 1128.794497, MAE: 560.700203, rot_MSE: 2216825.250000, rot_RMSE: 1488.900635, rot_MAE: 1276.588867, trans_MSE: 246.431824, trans_RMSE: 15.698147, trans_MAE: 10.369621
==TRAIN==
A--------->B
EPOCH:: 140, Loss: 163.394188, Cycle Loss:, 29.102255, MSE: 1122227.289193, RMSE: 1059.352297, MAE: 553.637621, rot_MSE: 2267913.000000, rot_RMSE: 1505.959106, rot_MAE: 1304.866089, trans_MSE: 134.112473, trans_RMSE: 11.580694, trans_MAE: 6.437587
B--------->A
EPOCH:: 140, Loss: 163.394188, MSE: 1122348.945312, RMSE: 1059.409716, MAE: 547.031268, rot_MSE: 2271038.500000, rot_RMSE: 1506.996460, rot_MAE: 1306.437866, trans_MSE: 155.147003, trans_RMSE: 12.455802, trans_MAE: 7.063528
==TEST==
A--------->B
EPOCH:: 140, Loss: 1081.271954, Cycle Loss: 148.790942, MSE: 1274668.173618, RMSE: 1129.012034, MAE: 561.937779, rot_MSE: 2212000.750000, rot_RMSE: 1487.279663, rot_MAE: 1274.739990, trans_MSE: 932.233643, trans_RMSE: 30.532501, trans_MAE: 18.078995
B--------->A
EPOCH:: 140, Loss: 1081.271954, MSE: 1274219.496320, RMSE: 1128.813313, MAE: 561.251422, rot_MSE: 2221083.500000, rot_RMSE: 1490.329956, rot_MAE: 1277.315552, trans_MSE: 473.897827, trans_RMSE: 21.769194, trans_MAE: 14.422639
==BEST TEST==
A--------->B
EPOCH:: 140, Loss: 522.191412, Cycle Loss: 69.848373, MSE: 1274376.577027, RMSE: 1128.882889, MAE: 561.570693, rot_MSE: 2207258.500000, rot_RMSE: 1485.684570, rot_MAE: 1273.369019, trans_MSE: 452.134460, trans_RMSE: 21.263454, trans_MAE: 12.405942
B--------->A
EPOCH:: 140, Loss: 522.191412, MSE: 1274177.016142, RMSE: 1128.794497, MAE: 560.700203, rot_MSE: 2216825.250000, rot_RMSE: 1488.900635, rot_MAE: 1276.588867, trans_MSE: 246.431824, trans_RMSE: 15.698147, trans_MAE: 10.369621
==TRAIN==
A--------->B
EPOCH:: 141, Loss: 148.341417, Cycle Loss:, 25.190567, MSE: 1132644.991536, RMSE: 1064.257953, MAE: 555.321634, rot_MSE: 2263743.500000, rot_RMSE: 1504.574219, rot_MAE: 1304.894043, trans_MSE: 122.968208, trans_RMSE: 11.089103, trans_MAE: 6.231424
B--------->A
EPOCH:: 141, Loss: 148.341417, MSE: 1132622.531250, RMSE: 1064.247401, MAE: 548.681271, rot_MSE: 2263010.500000, rot_RMSE: 1504.330566, rot_MAE: 1304.262207, trans_MSE: 133.999954, trans_RMSE: 11.575835, trans_MAE: 6.754316
==TEST==
A--------->B
EPOCH:: 141, Loss: 874.092764, Cycle Loss: 118.311309, MSE: 1274548.830772, RMSE: 1128.959180, MAE: 562.256644, rot_MSE: 2207547.000000, rot_RMSE: 1485.781616, rot_MAE: 1273.427368, trans_MSE: 755.544861, trans_RMSE: 27.487177, trans_MAE: 15.709372
B--------->A
EPOCH:: 141, Loss: 874.092764, MSE: 1274220.415999, RMSE: 1128.813721, MAE: 561.817373, rot_MSE: 2224911.250000, rot_RMSE: 1491.613647, rot_MAE: 1278.760986, trans_MSE: 354.724762, trans_RMSE: 18.834139, trans_MAE: 12.654025
==BEST TEST==
A--------->B
EPOCH:: 141, Loss: 522.191412, Cycle Loss: 69.848373, MSE: 1274376.577027, RMSE: 1128.882889, MAE: 561.570693, rot_MSE: 2207258.500000, rot_RMSE: 1485.684570, rot_MAE: 1273.369019, trans_MSE: 452.134460, trans_RMSE: 21.263454, trans_MAE: 12.405942
B--------->A
EPOCH:: 141, Loss: 522.191412, MSE: 1274177.016142, RMSE: 1128.794497, MAE: 560.700203, rot_MSE: 2216825.250000, rot_RMSE: 1488.900635, rot_MAE: 1276.588867, trans_MSE: 246.431824, trans_RMSE: 15.698147, trans_MAE: 10.369621
==TRAIN==
A--------->B
EPOCH:: 142, Loss: 162.743162, Cycle Loss:, 35.377952, MSE: 1148047.416471, RMSE: 1071.469746, MAE: 558.454261, rot_MSE: 2269201.750000, rot_RMSE: 1506.386963, rot_MAE: 1306.032349, trans_MSE: 127.188606, trans_RMSE: 11.277793, trans_MAE: 6.376070
B--------->A
EPOCH:: 142, Loss: 162.743162, MSE: 1148116.979362, RMSE: 1071.502207, MAE: 551.723987, rot_MSE: 2273343.500000, rot_RMSE: 1507.761108, rot_MAE: 1307.478760, trans_MSE: 215.241882, trans_RMSE: 14.671124, trans_MAE: 7.359574
==TEST==
A--------->B
EPOCH:: 142, Loss: 14128.691120, Cycle Loss: 1278.285396, MSE: 1283060.156960, RMSE: 1132.722454, MAE: 567.080964, rot_MSE: 2207531.250000, rot_RMSE: 1485.776367, rot_MAE: 1273.253784, trans_MSE: 12850.191406, trans_RMSE: 113.358688, trans_MAE: 29.138510
B--------->A
EPOCH:: 142, Loss: 14128.691120, MSE: 1273778.234698, RMSE: 1128.617843, MAE: 562.666419, rot_MSE: 2214575.000000, rot_RMSE: 1488.144775, rot_MAE: 1276.385620, trans_MSE: 244.275574, trans_RMSE: 15.629318, trans_MAE: 10.144044
==BEST TEST==
A--------->B
EPOCH:: 142, Loss: 522.191412, Cycle Loss: 69.848373, MSE: 1274376.577027, RMSE: 1128.882889, MAE: 561.570693, rot_MSE: 2207258.500000, rot_RMSE: 1485.684570, rot_MAE: 1273.369019, trans_MSE: 452.134460, trans_RMSE: 21.263454, trans_MAE: 12.405942
B--------->A
EPOCH:: 142, Loss: 522.191412, MSE: 1274177.016142, RMSE: 1128.794497, MAE: 560.700203, rot_MSE: 2216825.250000, rot_RMSE: 1488.900635, rot_MAE: 1276.588867, trans_MSE: 246.431824, trans_RMSE: 15.698147, trans_MAE: 10.369621
==TRAIN==
A--------->B
EPOCH:: 143, Loss: 149.271722, Cycle Loss:, 28.333878, MSE: 1146553.066797, RMSE: 1070.772182, MAE: 558.167436, rot_MSE: 2267508.250000, rot_RMSE: 1505.824829, rot_MAE: 1305.317871, trans_MSE: 120.762047, trans_RMSE: 10.989179, trans_MAE: 6.259196
B--------->A
EPOCH:: 143, Loss: 149.271722, MSE: 1146724.242122, RMSE: 1070.852110, MAE: 552.869993, rot_MSE: 2264532.250000, rot_RMSE: 1504.836304, rot_MAE: 1304.543945, trans_MSE: 154.378967, trans_RMSE: 12.424933, trans_MAE: 6.917095
==TEST==
A--------->B
EPOCH:: 143, Loss: 1472.110422, Cycle Loss: 198.011839, MSE: 1275155.134168, RMSE: 1129.227672, MAE: 562.716092, rot_MSE: 2205965.000000, rot_RMSE: 1485.249146, rot_MAE: 1272.546509, trans_MSE: 1273.846680, trans_RMSE: 35.690990, trans_MAE: 21.659121
B--------->A
EPOCH:: 143, Loss: 1472.110422, MSE: 1274593.565147, RMSE: 1128.978992, MAE: 562.107046, rot_MSE: 2220993.500000, rot_RMSE: 1490.299805, rot_MAE: 1276.873779, trans_MSE: 599.004761, trans_RMSE: 24.474573, trans_MAE: 16.918264
==BEST TEST==
A--------->B
EPOCH:: 143, Loss: 522.191412, Cycle Loss: 69.848373, MSE: 1274376.577027, RMSE: 1128.882889, MAE: 561.570693, rot_MSE: 2207258.500000, rot_RMSE: 1485.684570, rot_MAE: 1273.369019, trans_MSE: 452.134460, trans_RMSE: 21.263454, trans_MAE: 12.405942
B--------->A
EPOCH:: 143, Loss: 522.191412, MSE: 1274177.016142, RMSE: 1128.794497, MAE: 560.700203, rot_MSE: 2216825.250000, rot_RMSE: 1488.900635, rot_MAE: 1276.588867, trans_MSE: 246.431824, trans_RMSE: 15.698147, trans_MAE: 10.369621
==TRAIN==
A--------->B
EPOCH:: 144, Loss: 190.575441, Cycle Loss:, 35.120862, MSE: 1148870.685807, RMSE: 1071.853855, MAE: 558.993375, rot_MSE: 2265125.500000, rot_RMSE: 1505.033447, rot_MAE: 1305.058716, trans_MSE: 155.280640, trans_RMSE: 12.461165, trans_MAE: 6.494563
B--------->A
EPOCH:: 144, Loss: 190.575441, MSE: 1148742.356445, RMSE: 1071.793990, MAE: 552.332139, rot_MSE: 2265400.250000, rot_RMSE: 1505.124634, rot_MAE: 1305.025635, trans_MSE: 191.237579, trans_RMSE: 13.828868, trans_MAE: 7.293899
==TEST==
A--------->B
EPOCH:: 144, Loss: 2114.838966, Cycle Loss: 259.876224, MSE: 1275310.907348, RMSE: 1129.296643, MAE: 562.692303, rot_MSE: 2207385.750000, rot_RMSE: 1485.727295, rot_MAE: 1273.893311, trans_MSE: 1854.716309, trans_RMSE: 43.066418, trans_MAE: 22.883402
B--------->A
EPOCH:: 144, Loss: 2114.838966, MSE: 1274292.578319, RMSE: 1128.845684, MAE: 563.079063, rot_MSE: 2216609.000000, rot_RMSE: 1488.828003, rot_MAE: 1276.514771, trans_MSE: 544.521118, trans_RMSE: 23.334976, trans_MAE: 15.926544
==BEST TEST==
A--------->B
EPOCH:: 144, Loss: 522.191412, Cycle Loss: 69.848373, MSE: 1274376.577027, RMSE: 1128.882889, MAE: 561.570693, rot_MSE: 2207258.500000, rot_RMSE: 1485.684570, rot_MAE: 1273.369019, trans_MSE: 452.134460, trans_RMSE: 21.263454, trans_MAE: 12.405942
B--------->A
EPOCH:: 144, Loss: 522.191412, MSE: 1274177.016142, RMSE: 1128.794497, MAE: 560.700203, rot_MSE: 2216825.250000, rot_RMSE: 1488.900635, rot_MAE: 1276.588867, trans_MSE: 246.431824, trans_RMSE: 15.698147, trans_MAE: 10.369621
==TRAIN==
A--------->B
EPOCH:: 145, Loss: 150.270629, Cycle Loss:, 23.934256, MSE: 1134351.315755, RMSE: 1065.059302, MAE: 554.972437, rot_MSE: 2267999.500000, rot_RMSE: 1505.987915, rot_MAE: 1306.476074, trans_MSE: 126.152885, trans_RMSE: 11.231780, trans_MAE: 5.979330
B--------->A
EPOCH:: 145, Loss: 150.270629, MSE: 1134450.792578, RMSE: 1065.106001, MAE: 548.711391, rot_MSE: 2268257.000000, rot_RMSE: 1506.073364, rot_MAE: 1306.860474, trans_MSE: 119.176521, trans_RMSE: 10.916800, trans_MAE: 6.460937
==TEST==
A--------->B
EPOCH:: 145, Loss: 44078.289354, Cycle Loss: 3984.283851, MSE: 1303656.765948, RMSE: 1141.777897, MAE: 572.687446, rot_MSE: 2202991.250000, rot_RMSE: 1484.247681, rot_MAE: 1273.065918, trans_MSE: 40093.808594, trans_RMSE: 200.234390, trans_MAE: 43.973530
B--------->A
EPOCH:: 145, Loss: 44078.289354, MSE: 1274075.209711, RMSE: 1128.749401, MAE: 564.511146, rot_MSE: 2218966.500000, rot_RMSE: 1489.619629, rot_MAE: 1277.750488, trans_MSE: 328.585480, trans_RMSE: 18.126926, trans_MAE: 10.707283
==BEST TEST==
A--------->B
EPOCH:: 145, Loss: 522.191412, Cycle Loss: 69.848373, MSE: 1274376.577027, RMSE: 1128.882889, MAE: 561.570693, rot_MSE: 2207258.500000, rot_RMSE: 1485.684570, rot_MAE: 1273.369019, trans_MSE: 452.134460, trans_RMSE: 21.263454, trans_MAE: 12.405942
B--------->A
EPOCH:: 145, Loss: 522.191412, MSE: 1274177.016142, RMSE: 1128.794497, MAE: 560.700203, rot_MSE: 2216825.250000, rot_RMSE: 1488.900635, rot_MAE: 1276.588867, trans_MSE: 246.431824, trans_RMSE: 15.698147, trans_MAE: 10.369621
==TRAIN==
A--------->B
EPOCH:: 146, Loss: 1582.198284, Cycle Loss:, 183.516203, MSE: 1149065.324479, RMSE: 1071.944646, MAE: 558.881868, rot_MSE: 2276191.750000, rot_RMSE: 1508.705322, rot_MAE: 1308.111694, trans_MSE: 1398.489136, trans_RMSE: 37.396378, trans_MAE: 12.982761
B--------->A
EPOCH:: 146, Loss: 1582.198284, MSE: 1148531.928060, RMSE: 1071.695819, MAE: 552.967316, rot_MSE: 2270667.500000, rot_RMSE: 1506.873413, rot_MAE: 1307.316772, trans_MSE: 317.371368, trans_RMSE: 17.814920, trans_MAE: 11.035247
==TEST==
A--------->B
EPOCH:: 146, Loss: 559.127063, Cycle Loss: 77.572998, MSE: 1273204.554042, RMSE: 1128.363662, MAE: 562.085818, rot_MSE: 2214062.750000, rot_RMSE: 1487.972656, rot_MAE: 1276.500000, trans_MSE: 481.309052, trans_RMSE: 21.938757, trans_MAE: 13.888524
B--------->A
EPOCH:: 146, Loss: 559.127063, MSE: 1273247.291903, RMSE: 1128.382600, MAE: 562.827962, rot_MSE: 2221693.500000, rot_RMSE: 1490.534668, rot_MAE: 1277.844238, trans_MSE: 319.083130, trans_RMSE: 17.862898, trans_MAE: 12.315732
==BEST TEST==
A--------->B
EPOCH:: 146, Loss: 522.191412, Cycle Loss: 69.848373, MSE: 1274376.577027, RMSE: 1128.882889, MAE: 561.570693, rot_MSE: 2207258.500000, rot_RMSE: 1485.684570, rot_MAE: 1273.369019, trans_MSE: 452.134460, trans_RMSE: 21.263454, trans_MAE: 12.405942
B--------->A
EPOCH:: 146, Loss: 522.191412, MSE: 1274177.016142, RMSE: 1128.794497, MAE: 560.700203, rot_MSE: 2216825.250000, rot_RMSE: 1488.900635, rot_MAE: 1276.588867, trans_MSE: 246.431824, trans_RMSE: 15.698147, trans_MAE: 10.369621
==TRAIN==
A--------->B
EPOCH:: 147, Loss: 209.894689, Cycle Loss:, 33.042991, MSE: 1147822.807682, RMSE: 1071.364927, MAE: 558.295789, rot_MSE: 2274370.750000, rot_RMSE: 1508.101685, rot_MAE: 1307.215576, trans_MSE: 176.647873, trans_RMSE: 13.290895, trans_MAE: 8.045003
B--------->A
EPOCH:: 147, Loss: 209.894689, MSE: 1147712.473177, RMSE: 1071.313434, MAE: 551.635124, rot_MSE: 2274624.750000, rot_RMSE: 1508.185913, rot_MAE: 1307.465332, trans_MSE: 162.624893, trans_RMSE: 12.752446, trans_MAE: 7.758278
==TEST==
A--------->B
EPOCH:: 147, Loss: 1463.368106, Cycle Loss: 212.727626, MSE: 1275256.383587, RMSE: 1129.272502, MAE: 562.574809, rot_MSE: 2201075.000000, rot_RMSE: 1483.602051, rot_MAE: 1269.461304, trans_MSE: 1250.340942, trans_RMSE: 35.360161, trans_MAE: 21.234943
B--------->A
EPOCH:: 147, Loss: 1463.368106, MSE: 1274931.775826, RMSE: 1129.128768, MAE: 563.788646, rot_MSE: 2225937.500000, rot_RMSE: 1491.957642, rot_MAE: 1279.444702, trans_MSE: 767.488281, trans_RMSE: 27.703579, trans_MAE: 18.623816
==BEST TEST==
A--------->B
EPOCH:: 147, Loss: 522.191412, Cycle Loss: 69.848373, MSE: 1274376.577027, RMSE: 1128.882889, MAE: 561.570693, rot_MSE: 2207258.500000, rot_RMSE: 1485.684570, rot_MAE: 1273.369019, trans_MSE: 452.134460, trans_RMSE: 21.263454, trans_MAE: 12.405942
B--------->A
EPOCH:: 147, Loss: 522.191412, MSE: 1274177.016142, RMSE: 1128.794497, MAE: 560.700203, rot_MSE: 2216825.250000, rot_RMSE: 1488.900635, rot_MAE: 1276.588867, trans_MSE: 246.431824, trans_RMSE: 15.698147, trans_MAE: 10.369621
==TRAIN==
A--------->B
EPOCH:: 148, Loss: 245.416008, Cycle Loss:, 37.513418, MSE: 1147483.240755, RMSE: 1071.206442, MAE: 558.346151, rot_MSE: 2262348.000000, rot_RMSE: 1504.110352, rot_MAE: 1303.775513, trans_MSE: 207.692368, trans_RMSE: 14.411536, trans_MAE: 7.701559
B--------->A
EPOCH:: 148, Loss: 245.416008, MSE: 1147445.083594, RMSE: 1071.188631, MAE: 553.101941, rot_MSE: 2260217.250000, rot_RMSE: 1503.401855, rot_MAE: 1303.273071, trans_MSE: 190.776566, trans_RMSE: 13.812189, trans_MAE: 7.772148
==TEST==
A--------->B
EPOCH:: 148, Loss: 1695.643363, Cycle Loss: 252.214022, MSE: 1275305.289321, RMSE: 1129.294155, MAE: 562.632716, rot_MSE: 2208637.250000, rot_RMSE: 1486.148438, rot_MAE: 1270.166870, trans_MSE: 1443.124023, trans_RMSE: 37.988472, trans_MAE: 23.187065
B--------->A
EPOCH:: 148, Loss: 1695.643363, MSE: 1274883.644886, RMSE: 1129.107455, MAE: 562.601438, rot_MSE: 2219692.500000, rot_RMSE: 1489.863281, rot_MAE: 1277.039795, trans_MSE: 871.719727, trans_RMSE: 29.524900, trans_MAE: 19.907835
==BEST TEST==
A--------->B
EPOCH:: 148, Loss: 522.191412, Cycle Loss: 69.848373, MSE: 1274376.577027, RMSE: 1128.882889, MAE: 561.570693, rot_MSE: 2207258.500000, rot_RMSE: 1485.684570, rot_MAE: 1273.369019, trans_MSE: 452.134460, trans_RMSE: 21.263454, trans_MAE: 12.405942
B--------->A
EPOCH:: 148, Loss: 522.191412, MSE: 1274177.016142, RMSE: 1128.794497, MAE: 560.700203, rot_MSE: 2216825.250000, rot_RMSE: 1488.900635, rot_MAE: 1276.588867, trans_MSE: 246.431824, trans_RMSE: 15.698147, trans_MAE: 10.369621
==TRAIN==
A--------->B
EPOCH:: 149, Loss: 156.634950, Cycle Loss:, 32.930660, MSE: 1145441.085156, RMSE: 1070.252814, MAE: 556.988456, rot_MSE: 2266119.750000, rot_RMSE: 1505.363647, rot_MAE: 1304.562378, trans_MSE: 123.496719, trans_RMSE: 11.112907, trans_MAE: 6.752929
B--------->A
EPOCH:: 149, Loss: 156.634950, MSE: 1145523.205599, RMSE: 1070.291178, MAE: 549.995944, rot_MSE: 2268670.750000, rot_RMSE: 1506.210693, rot_MAE: 1304.753418, trans_MSE: 217.261246, trans_RMSE: 14.739784, trans_MAE: 7.898172
==TEST==
A--------->B
EPOCH:: 149, Loss: 793.925676, Cycle Loss: 107.535670, MSE: 1274578.289062, RMSE: 1128.972227, MAE: 561.582102, rot_MSE: 2205674.500000, rot_RMSE: 1485.151367, rot_MAE: 1272.567627, trans_MSE: 686.127380, trans_RMSE: 26.194033, trans_MAE: 15.181746
B--------->A
EPOCH:: 149, Loss: 793.925676, MSE: 1274264.591490, RMSE: 1128.833288, MAE: 562.667927, rot_MSE: 2218472.250000, rot_RMSE: 1489.453735, rot_MAE: 1276.973022, trans_MSE: 341.454681, trans_RMSE: 18.478493, trans_MAE: 12.332709
==BEST TEST==
A--------->B
EPOCH:: 149, Loss: 522.191412, Cycle Loss: 69.848373, MSE: 1274376.577027, RMSE: 1128.882889, MAE: 561.570693, rot_MSE: 2207258.500000, rot_RMSE: 1485.684570, rot_MAE: 1273.369019, trans_MSE: 452.134460, trans_RMSE: 21.263454, trans_MAE: 12.405942
B--------->A
EPOCH:: 149, Loss: 522.191412, MSE: 1274177.016142, RMSE: 1128.794497, MAE: 560.700203, rot_MSE: 2216825.250000, rot_RMSE: 1488.900635, rot_MAE: 1276.588867, trans_MSE: 246.431824, trans_RMSE: 15.698147, trans_MAE: 10.369621
==TRAIN==
A--------->B
EPOCH:: 150, Loss: 166.928221, Cycle Loss:, 32.988637, MSE: 1134481.863346, RMSE: 1065.120586, MAE: 555.575350, rot_MSE: 2274986.750000, rot_RMSE: 1508.305908, rot_MAE: 1307.954712, trans_MSE: 133.739807, trans_RMSE: 11.564592, trans_MAE: 6.828057
B--------->A
EPOCH:: 150, Loss: 166.928221, MSE: 1134434.967448, RMSE: 1065.098572, MAE: 548.562383, rot_MSE: 2272577.500000, rot_RMSE: 1507.507080, rot_MAE: 1307.367310, trans_MSE: 183.723618, trans_RMSE: 13.554468, trans_MAE: 7.201050
==TEST==
A--------->B
EPOCH:: 150, Loss: 859.526136, Cycle Loss: 120.042031, MSE: 1274643.845687, RMSE: 1129.001260, MAE: 562.130860, rot_MSE: 2209959.500000, rot_RMSE: 1486.593262, rot_MAE: 1273.431152, trans_MSE: 739.208496, trans_RMSE: 27.188389, trans_MAE: 15.753628
B--------->A
EPOCH:: 150, Loss: 859.526136, MSE: 1274240.296875, RMSE: 1128.822527, MAE: 562.246527, rot_MSE: 2223643.250000, rot_RMSE: 1491.188477, rot_MAE: 1278.109497, trans_MSE: 393.152252, trans_RMSE: 19.828068, trans_MAE: 13.059436
==BEST TEST==
A--------->B
EPOCH:: 150, Loss: 522.191412, Cycle Loss: 69.848373, MSE: 1274376.577027, RMSE: 1128.882889, MAE: 561.570693, rot_MSE: 2207258.500000, rot_RMSE: 1485.684570, rot_MAE: 1273.369019, trans_MSE: 452.134460, trans_RMSE: 21.263454, trans_MAE: 12.405942
B--------->A
EPOCH:: 150, Loss: 522.191412, MSE: 1274177.016142, RMSE: 1128.794497, MAE: 560.700203, rot_MSE: 2216825.250000, rot_RMSE: 1488.900635, rot_MAE: 1276.588867, trans_MSE: 246.431824, trans_RMSE: 15.698147, trans_MAE: 10.369621
==TRAIN==
A--------->B
EPOCH:: 151, Loss: 216.423844, Cycle Loss:, 37.084618, MSE: 1128755.494271, RMSE: 1062.429054, MAE: 553.163084, rot_MSE: 2264324.000000, rot_RMSE: 1504.767090, rot_MAE: 1304.157349, trans_MSE: 179.136581, trans_RMSE: 13.384192, trans_MAE: 7.238591
B--------->A
EPOCH:: 151, Loss: 216.423844, MSE: 1128712.839453, RMSE: 1062.408979, MAE: 547.888662, rot_MSE: 2268033.000000, rot_RMSE: 1505.999023, rot_MAE: 1305.081421, trans_MSE: 196.931274, trans_RMSE: 14.033220, trans_MAE: 7.602070
==TEST==
A--------->B
EPOCH:: 151, Loss: 2098.336486, Cycle Loss: 325.857513, MSE: 1275399.116800, RMSE: 1129.335697, MAE: 562.668365, rot_MSE: 2205264.250000, rot_RMSE: 1485.013184, rot_MAE: 1270.242554, trans_MSE: 1772.167847, trans_RMSE: 42.097122, trans_MAE: 26.303272
B--------->A
EPOCH:: 151, Loss: 2098.336486, MSE: 1274932.358407, RMSE: 1129.129026, MAE: 565.396421, rot_MSE: 2216380.250000, rot_RMSE: 1488.751221, rot_MAE: 1278.339478, trans_MSE: 1109.778564, trans_RMSE: 33.313339, trans_MAE: 23.194790
==BEST TEST==
A--------->B
EPOCH:: 151, Loss: 522.191412, Cycle Loss: 69.848373, MSE: 1274376.577027, RMSE: 1128.882889, MAE: 561.570693, rot_MSE: 2207258.500000, rot_RMSE: 1485.684570, rot_MAE: 1273.369019, trans_MSE: 452.134460, trans_RMSE: 21.263454, trans_MAE: 12.405942
B--------->A
EPOCH:: 151, Loss: 522.191412, MSE: 1274177.016142, RMSE: 1128.794497, MAE: 560.700203, rot_MSE: 2216825.250000, rot_RMSE: 1488.900635, rot_MAE: 1276.588867, trans_MSE: 246.431824, trans_RMSE: 15.698147, trans_MAE: 10.369621
==TRAIN==
A--------->B
EPOCH:: 152, Loss: 152.847195, Cycle Loss:, 29.669448, MSE: 1122102.080078, RMSE: 1059.293198, MAE: 552.790347, rot_MSE: 2274070.500000, rot_RMSE: 1508.002197, rot_MAE: 1307.806396, trans_MSE: 122.974075, trans_RMSE: 11.089368, trans_MAE: 6.631343
B--------->A
EPOCH:: 152, Loss: 152.847195, MSE: 1122093.714453, RMSE: 1059.289250, MAE: 547.241048, rot_MSE: 2274791.750000, rot_RMSE: 1508.241333, rot_MAE: 1308.194092, trans_MSE: 166.799591, trans_RMSE: 12.915092, trans_MAE: 7.440382
==TEST==
A--------->B
EPOCH:: 152, Loss: 1310.191207, Cycle Loss: 188.617626, MSE: 1274995.070635, RMSE: 1129.156796, MAE: 562.210966, rot_MSE: 2205811.750000, rot_RMSE: 1485.197510, rot_MAE: 1270.156128, trans_MSE: 1121.291016, trans_RMSE: 33.485683, trans_MAE: 19.963938
B--------->A
EPOCH:: 152, Loss: 1310.191207, MSE: 1274740.641464, RMSE: 1129.044127, MAE: 562.796192, rot_MSE: 2223387.500000, rot_RMSE: 1491.102783, rot_MAE: 1277.245605, trans_MSE: 646.022522, trans_RMSE: 25.416973, trans_MAE: 17.078789
==BEST TEST==
A--------->B
EPOCH:: 152, Loss: 522.191412, Cycle Loss: 69.848373, MSE: 1274376.577027, RMSE: 1128.882889, MAE: 561.570693, rot_MSE: 2207258.500000, rot_RMSE: 1485.684570, rot_MAE: 1273.369019, trans_MSE: 452.134460, trans_RMSE: 21.263454, trans_MAE: 12.405942
B--------->A
EPOCH:: 152, Loss: 522.191412, MSE: 1274177.016142, RMSE: 1128.794497, MAE: 560.700203, rot_MSE: 2216825.250000, rot_RMSE: 1488.900635, rot_MAE: 1276.588867, trans_MSE: 246.431824, trans_RMSE: 15.698147, trans_MAE: 10.369621
==TRAIN==
A--------->B
EPOCH:: 153, Loss: 142.479647, Cycle Loss:, 25.712018, MSE: 1147985.501042, RMSE: 1071.440853, MAE: 558.112503, rot_MSE: 2259196.000000, rot_RMSE: 1503.062256, rot_MAE: 1302.727295, trans_MSE: 116.559616, trans_RMSE: 10.796278, trans_MAE: 6.509881
B--------->A
EPOCH:: 153, Loss: 142.479647, MSE: 1148067.113672, RMSE: 1071.478938, MAE: 551.799654, rot_MSE: 2265103.000000, rot_RMSE: 1505.025879, rot_MAE: 1303.988037, trans_MSE: 152.851135, trans_RMSE: 12.363297, trans_MAE: 6.998549
==TEST==
A--------->B
EPOCH:: 153, Loss: 1385.101512, Cycle Loss: 203.007748, MSE: 1274981.067472, RMSE: 1129.150596, MAE: 562.119583, rot_MSE: 2204587.250000, rot_RMSE: 1484.785278, rot_MAE: 1270.535400, trans_MSE: 1181.817017, trans_RMSE: 34.377567, trans_MAE: 20.813738
B--------->A
EPOCH:: 153, Loss: 1385.101512, MSE: 1274617.965974, RMSE: 1128.989799, MAE: 563.277882, rot_MSE: 2223886.500000, rot_RMSE: 1491.270142, rot_MAE: 1278.630981, trans_MSE: 698.840027, trans_RMSE: 26.435583, trans_MAE: 17.887619
==BEST TEST==
A--------->B
EPOCH:: 153, Loss: 522.191412, Cycle Loss: 69.848373, MSE: 1274376.577027, RMSE: 1128.882889, MAE: 561.570693, rot_MSE: 2207258.500000, rot_RMSE: 1485.684570, rot_MAE: 1273.369019, trans_MSE: 452.134460, trans_RMSE: 21.263454, trans_MAE: 12.405942
B--------->A
EPOCH:: 153, Loss: 522.191412, MSE: 1274177.016142, RMSE: 1128.794497, MAE: 560.700203, rot_MSE: 2216825.250000, rot_RMSE: 1488.900635, rot_MAE: 1276.588867, trans_MSE: 246.431824, trans_RMSE: 15.698147, trans_MAE: 10.369621
==TRAIN==
A--------->B
EPOCH:: 154, Loss: 212.812178, Cycle Loss:, 33.841624, MSE: 1119586.672591, RMSE: 1058.105228, MAE: 551.434392, rot_MSE: 2272650.750000, rot_RMSE: 1507.531372, rot_MAE: 1306.500244, trans_MSE: 178.771790, trans_RMSE: 13.370557, trans_MAE: 6.910121
B--------->A
EPOCH:: 154, Loss: 212.812178, MSE: 1119511.302669, RMSE: 1058.069611, MAE: 545.281694, rot_MSE: 2277267.500000, rot_RMSE: 1509.061768, rot_MAE: 1308.261475, trans_MSE: 155.051483, trans_RMSE: 12.451967, trans_MAE: 7.227318
==TEST==
A--------->B
EPOCH:: 154, Loss: 399.891780, Cycle Loss: 51.661619, MSE: 1273122.390560, RMSE: 1128.327253, MAE: 561.152348, rot_MSE: 2209342.500000, rot_RMSE: 1486.385742, rot_MAE: 1273.860962, trans_MSE: 348.009766, trans_RMSE: 18.655020, trans_MAE: 11.109338
B--------->A
EPOCH:: 154, Loss: 399.891780, MSE: 1273145.073735, RMSE: 1128.337305, MAE: 563.856988, rot_MSE: 2218540.750000, rot_RMSE: 1489.476685, rot_MAE: 1277.354370, trans_MSE: 184.846466, trans_RMSE: 13.595825, trans_MAE: 8.945072
==BEST TEST==
A--------->B
EPOCH:: 154, Loss: 399.891780, Cycle Loss: 51.661619, MSE: 1273122.390560, RMSE: 1128.327253, MAE: 561.152348, rot_MSE: 2209342.500000, rot_RMSE: 1486.385742, rot_MAE: 1273.860962, trans_MSE: 348.009766, trans_RMSE: 18.655020, trans_MAE: 11.109338
B--------->A
EPOCH:: 154, Loss: 399.891780, MSE: 1273145.073735, RMSE: 1128.337305, MAE: 563.856988, rot_MSE: 2218540.750000, rot_RMSE: 1489.476685, rot_MAE: 1277.354370, trans_MSE: 184.846466, trans_RMSE: 13.595825, trans_MAE: 8.945072
==TRAIN==
A--------->B
EPOCH:: 155, Loss: 198.929712, Cycle Loss:, 31.873850, MSE: 1145887.343229, RMSE: 1070.461276, MAE: 556.978275, rot_MSE: 2259322.750000, rot_RMSE: 1503.104370, rot_MAE: 1302.957764, trans_MSE: 166.851944, trans_RMSE: 12.917118, trans_MAE: 7.064564
B--------->A
EPOCH:: 155, Loss: 198.929712, MSE: 1145960.749609, RMSE: 1070.495563, MAE: 551.103501, rot_MSE: 2262744.250000, rot_RMSE: 1504.242065, rot_MAE: 1303.712158, trans_MSE: 158.418228, trans_RMSE: 12.586431, trans_MAE: 7.047796
==TEST==
A--------->B
EPOCH:: 155, Loss: 901.298036, Cycle Loss: 121.552504, MSE: 1274259.856211, RMSE: 1128.831190, MAE: 562.060820, rot_MSE: 2208703.500000, rot_RMSE: 1486.170776, rot_MAE: 1273.871094, trans_MSE: 779.486755, trans_RMSE: 27.919291, trans_MAE: 16.345623
B--------->A
EPOCH:: 155, Loss: 901.298036, MSE: 1273917.504390, RMSE: 1128.679540, MAE: 562.260222, rot_MSE: 2220338.750000, rot_RMSE: 1490.080078, rot_MAE: 1277.719482, trans_MSE: 386.441986, trans_RMSE: 19.658127, trans_MAE: 13.023781
==BEST TEST==
A--------->B
EPOCH:: 155, Loss: 399.891780, Cycle Loss: 51.661619, MSE: 1273122.390560, RMSE: 1128.327253, MAE: 561.152348, rot_MSE: 2209342.500000, rot_RMSE: 1486.385742, rot_MAE: 1273.860962, trans_MSE: 348.009766, trans_RMSE: 18.655020, trans_MAE: 11.109338
B--------->A
EPOCH:: 155, Loss: 399.891780, MSE: 1273145.073735, RMSE: 1128.337305, MAE: 563.856988, rot_MSE: 2218540.750000, rot_RMSE: 1489.476685, rot_MAE: 1277.354370, trans_MSE: 184.846466, trans_RMSE: 13.595825, trans_MAE: 8.945072
==TRAIN==
A--------->B
EPOCH:: 156, Loss: 175.791425, Cycle Loss:, 30.926935, MSE: 1121088.531250, RMSE: 1058.814682, MAE: 553.802051, rot_MSE: 2266783.750000, rot_RMSE: 1505.584229, rot_MAE: 1305.149658, trans_MSE: 144.656174, trans_RMSE: 12.027309, trans_MAE: 6.804035
B--------->A
EPOCH:: 156, Loss: 175.791425, MSE: 1121221.391797, RMSE: 1058.877421, MAE: 549.369821, rot_MSE: 2268322.750000, rot_RMSE: 1506.095215, rot_MAE: 1305.471191, trans_MSE: 175.254486, trans_RMSE: 13.238372, trans_MAE: 7.366337
==TEST==
A--------->B
EPOCH:: 156, Loss: 2018.568000, Cycle Loss: 303.805051, MSE: 1275395.069796, RMSE: 1129.333905, MAE: 563.068504, rot_MSE: 2206652.750000, rot_RMSE: 1485.480591, rot_MAE: 1272.213135, trans_MSE: 1714.453491, trans_RMSE: 41.405960, trans_MAE: 25.609573
B--------->A
EPOCH:: 156, Loss: 2018.568000, MSE: 1274770.961325, RMSE: 1129.057554, MAE: 563.490335, rot_MSE: 2216735.750000, rot_RMSE: 1488.870605, rot_MAE: 1277.307983, trans_MSE: 1011.957031, trans_RMSE: 31.811272, trans_MAE: 21.612906
==BEST TEST==
A--------->B
EPOCH:: 156, Loss: 399.891780, Cycle Loss: 51.661619, MSE: 1273122.390560, RMSE: 1128.327253, MAE: 561.152348, rot_MSE: 2209342.500000, rot_RMSE: 1486.385742, rot_MAE: 1273.860962, trans_MSE: 348.009766, trans_RMSE: 18.655020, trans_MAE: 11.109338
B--------->A
EPOCH:: 156, Loss: 399.891780, MSE: 1273145.073735, RMSE: 1128.337305, MAE: 563.856988, rot_MSE: 2218540.750000, rot_RMSE: 1489.476685, rot_MAE: 1277.354370, trans_MSE: 184.846466, trans_RMSE: 13.595825, trans_MAE: 8.945072
==TRAIN==
A--------->B
EPOCH:: 157, Loss: 178.489462, Cycle Loss:, 32.453836, MSE: 1148060.729818, RMSE: 1071.475959, MAE: 558.331731, rot_MSE: 2262990.750000, rot_RMSE: 1504.323975, rot_MAE: 1303.530396, trans_MSE: 145.826645, trans_RMSE: 12.075871, trans_MAE: 6.874376
B--------->A
EPOCH:: 157, Loss: 178.489462, MSE: 1148178.635156, RMSE: 1071.530977, MAE: 552.206619, rot_MSE: 2262142.750000, rot_RMSE: 1504.042114, rot_MAE: 1302.490356, trans_MSE: 192.814316, trans_RMSE: 13.885759, trans_MAE: 7.360031
==TEST==
A--------->B
EPOCH:: 157, Loss: 888.539929, Cycle Loss: 123.838647, MSE: 1274330.997998, RMSE: 1128.862701, MAE: 561.640311, rot_MSE: 2203306.750000, rot_RMSE: 1484.354004, rot_MAE: 1271.952148, trans_MSE: 764.450012, trans_RMSE: 27.648689, trans_MAE: 16.258417
B--------->A
EPOCH:: 157, Loss: 888.539929, MSE: 1273992.186144, RMSE: 1128.712623, MAE: 563.234674, rot_MSE: 2218818.250000, rot_RMSE: 1489.569824, rot_MAE: 1277.163208, trans_MSE: 397.186340, trans_RMSE: 19.929535, trans_MAE: 13.263551
==BEST TEST==
A--------->B
EPOCH:: 157, Loss: 399.891780, Cycle Loss: 51.661619, MSE: 1273122.390560, RMSE: 1128.327253, MAE: 561.152348, rot_MSE: 2209342.500000, rot_RMSE: 1486.385742, rot_MAE: 1273.860962, trans_MSE: 348.009766, trans_RMSE: 18.655020, trans_MAE: 11.109338
B--------->A
EPOCH:: 157, Loss: 399.891780, MSE: 1273145.073735, RMSE: 1128.337305, MAE: 563.856988, rot_MSE: 2218540.750000, rot_RMSE: 1489.476685, rot_MAE: 1277.354370, trans_MSE: 184.846466, trans_RMSE: 13.595825, trans_MAE: 8.945072
==TRAIN==
A--------->B
EPOCH:: 158, Loss: 216.104151, Cycle Loss:, 35.029926, MSE: 1147227.960677, RMSE: 1071.087280, MAE: 557.832082, rot_MSE: 2270946.250000, rot_RMSE: 1506.965942, rot_MAE: 1306.440186, trans_MSE: 180.874069, trans_RMSE: 13.448943, trans_MAE: 7.219580
B--------->A
EPOCH:: 158, Loss: 216.104151, MSE: 1147166.610286, RMSE: 1071.058640, MAE: 551.693823, rot_MSE: 2269191.500000, rot_RMSE: 1506.383545, rot_MAE: 1305.781250, trans_MSE: 188.706329, trans_RMSE: 13.737042, trans_MAE: 7.614923
==TEST==
A--------->B
EPOCH:: 158, Loss: 1062.073588, Cycle Loss: 146.886512, MSE: 1274785.341555, RMSE: 1129.063923, MAE: 561.868554, rot_MSE: 2202820.750000, rot_RMSE: 1484.190308, rot_MAE: 1271.723511, trans_MSE: 914.912048, trans_RMSE: 30.247513, trans_MAE: 17.656040
B--------->A
EPOCH:: 158, Loss: 1062.073588, MSE: 1274396.754455, RMSE: 1128.891826, MAE: 563.342811, rot_MSE: 2222274.750000, rot_RMSE: 1490.729614, rot_MAE: 1278.044189, trans_MSE: 479.437073, trans_RMSE: 21.896051, trans_MAE: 14.481864
==BEST TEST==
A--------->B
EPOCH:: 158, Loss: 399.891780, Cycle Loss: 51.661619, MSE: 1273122.390560, RMSE: 1128.327253, MAE: 561.152348, rot_MSE: 2209342.500000, rot_RMSE: 1486.385742, rot_MAE: 1273.860962, trans_MSE: 348.009766, trans_RMSE: 18.655020, trans_MAE: 11.109338
B--------->A
EPOCH:: 158, Loss: 399.891780, MSE: 1273145.073735, RMSE: 1128.337305, MAE: 563.856988, rot_MSE: 2218540.750000, rot_RMSE: 1489.476685, rot_MAE: 1277.354370, trans_MSE: 184.846466, trans_RMSE: 13.595825, trans_MAE: 8.945072
==TRAIN==
A--------->B
EPOCH:: 159, Loss: 236.939230, Cycle Loss:, 39.681293, MSE: 1148260.078255, RMSE: 1071.568980, MAE: 558.465754, rot_MSE: 2275733.750000, rot_RMSE: 1508.553589, rot_MAE: 1309.193848, trans_MSE: 197.055099, trans_RMSE: 14.037632, trans_MAE: 7.097266
B--------->A
EPOCH:: 159, Loss: 236.939230, MSE: 1148109.244661, RMSE: 1071.498598, MAE: 552.614153, rot_MSE: 2274504.750000, rot_RMSE: 1508.146118, rot_MAE: 1309.208984, trans_MSE: 188.126953, trans_RMSE: 13.715938, trans_MAE: 7.373751
==TEST==
A--------->B
EPOCH:: 159, Loss: 1166.554215, Cycle Loss: 161.338795, MSE: 1274380.227725, RMSE: 1128.884506, MAE: 562.017639, rot_MSE: 2203096.500000, rot_RMSE: 1484.283203, rot_MAE: 1272.311523, trans_MSE: 1004.952637, trans_RMSE: 31.700989, trans_MAE: 19.251827
B--------->A
EPOCH:: 159, Loss: 1166.554215, MSE: 1273936.742446, RMSE: 1128.688063, MAE: 565.012119, rot_MSE: 2222691.750000, rot_RMSE: 1490.869507, rot_MAE: 1278.847778, trans_MSE: 514.289673, trans_RMSE: 22.677956, trans_MAE: 15.090495
==BEST TEST==
A--------->B
EPOCH:: 159, Loss: 399.891780, Cycle Loss: 51.661619, MSE: 1273122.390560, RMSE: 1128.327253, MAE: 561.152348, rot_MSE: 2209342.500000, rot_RMSE: 1486.385742, rot_MAE: 1273.860962, trans_MSE: 348.009766, trans_RMSE: 18.655020, trans_MAE: 11.109338
B--------->A
EPOCH:: 159, Loss: 399.891780, MSE: 1273145.073735, RMSE: 1128.337305, MAE: 563.856988, rot_MSE: 2218540.750000, rot_RMSE: 1489.476685, rot_MAE: 1277.354370, trans_MSE: 184.846466, trans_RMSE: 13.595825, trans_MAE: 8.945072
==TRAIN==
A--------->B
EPOCH:: 160, Loss: 176.078055, Cycle Loss:, 28.225828, MSE: 1147473.862240, RMSE: 1071.202064, MAE: 558.031570, rot_MSE: 2273776.000000, rot_RMSE: 1507.904541, rot_MAE: 1307.604736, trans_MSE: 147.645828, trans_RMSE: 12.150960, trans_MAE: 6.688987
B--------->A
EPOCH:: 160, Loss: 176.078055, MSE: 1147415.795573, RMSE: 1071.174960, MAE: 552.923698, rot_MSE: 2274277.500000, rot_RMSE: 1508.070801, rot_MAE: 1307.797974, trans_MSE: 151.854843, trans_RMSE: 12.322940, trans_MAE: 6.979637
==TEST==
A--------->B
EPOCH:: 160, Loss: 1326.438168, Cycle Loss: 188.127359, MSE: 1274647.438662, RMSE: 1129.002851, MAE: 562.045897, rot_MSE: 2205964.250000, rot_RMSE: 1485.248901, rot_MAE: 1272.014771, trans_MSE: 1138.042114, trans_RMSE: 33.734879, trans_MAE: 20.647898
B--------->A
EPOCH:: 160, Loss: 1326.438168, MSE: 1274272.026020, RMSE: 1128.836581, MAE: 565.419566, rot_MSE: 2221443.250000, rot_RMSE: 1490.450684, rot_MAE: 1278.091064, trans_MSE: 624.791443, trans_RMSE: 24.995829, trans_MAE: 16.818810
==BEST TEST==
A--------->B
EPOCH:: 160, Loss: 399.891780, Cycle Loss: 51.661619, MSE: 1273122.390560, RMSE: 1128.327253, MAE: 561.152348, rot_MSE: 2209342.500000, rot_RMSE: 1486.385742, rot_MAE: 1273.860962, trans_MSE: 348.009766, trans_RMSE: 18.655020, trans_MAE: 11.109338
B--------->A
EPOCH:: 160, Loss: 399.891780, MSE: 1273145.073735, RMSE: 1128.337305, MAE: 563.856988, rot_MSE: 2218540.750000, rot_RMSE: 1489.476685, rot_MAE: 1277.354370, trans_MSE: 184.846466, trans_RMSE: 13.595825, trans_MAE: 8.945072
==TRAIN==
A--------->B
EPOCH:: 161, Loss: 163.485645, Cycle Loss:, 31.502545, MSE: 1146538.128255, RMSE: 1070.765207, MAE: 557.382255, rot_MSE: 2275375.000000, rot_RMSE: 1508.434570, rot_MAE: 1307.385010, trans_MSE: 131.776535, trans_RMSE: 11.479396, trans_MAE: 6.599070
B--------->A
EPOCH:: 161, Loss: 163.485645, MSE: 1146469.494922, RMSE: 1070.733158, MAE: 551.431051, rot_MSE: 2269811.500000, rot_RMSE: 1506.589355, rot_MAE: 1305.721191, trans_MSE: 172.790588, trans_RMSE: 13.144983, trans_MAE: 7.261213
==TEST==
A--------->B
EPOCH:: 161, Loss: 1641.074435, Cycle Loss: 239.091208, MSE: 1275443.679688, RMSE: 1129.355427, MAE: 562.634678, rot_MSE: 2200420.250000, rot_RMSE: 1483.381348, rot_MAE: 1268.513794, trans_MSE: 1401.691162, trans_RMSE: 37.439167, trans_MAE: 22.603268
B--------->A
EPOCH:: 161, Loss: 1641.074435, MSE: 1275017.434465, RMSE: 1129.166699, MAE: 562.180608, rot_MSE: 2225275.000000, rot_RMSE: 1491.735596, rot_MAE: 1279.494873, trans_MSE: 813.889282, trans_RMSE: 28.528746, trans_MAE: 19.374765
==BEST TEST==
A--------->B
EPOCH:: 161, Loss: 399.891780, Cycle Loss: 51.661619, MSE: 1273122.390560, RMSE: 1128.327253, MAE: 561.152348, rot_MSE: 2209342.500000, rot_RMSE: 1486.385742, rot_MAE: 1273.860962, trans_MSE: 348.009766, trans_RMSE: 18.655020, trans_MAE: 11.109338
B--------->A
EPOCH:: 161, Loss: 399.891780, MSE: 1273145.073735, RMSE: 1128.337305, MAE: 563.856988, rot_MSE: 2218540.750000, rot_RMSE: 1489.476685, rot_MAE: 1277.354370, trans_MSE: 184.846466, trans_RMSE: 13.595825, trans_MAE: 8.945072
==TRAIN==
A--------->B
EPOCH:: 162, Loss: 156.699146, Cycle Loss:, 25.400872, MSE: 1148200.669792, RMSE: 1071.541259, MAE: 558.502341, rot_MSE: 2274732.500000, rot_RMSE: 1508.221680, rot_MAE: 1307.256958, trans_MSE: 131.085938, trans_RMSE: 11.449277, trans_MAE: 6.470167
B--------->A
EPOCH:: 162, Loss: 156.699146, MSE: 1148355.412695, RMSE: 1071.613462, MAE: 553.864323, rot_MSE: 2274807.250000, rot_RMSE: 1508.246460, rot_MAE: 1307.777832, trans_MSE: 160.839035, trans_RMSE: 12.682233, trans_MAE: 7.172744
==TEST==
A--------->B
EPOCH:: 162, Loss: 1425.206852, Cycle Loss: 205.332900, MSE: 1274964.141852, RMSE: 1129.143101, MAE: 562.307281, rot_MSE: 2205305.750000, rot_RMSE: 1485.027222, rot_MAE: 1269.669434, trans_MSE: 1219.578735, trans_RMSE: 34.922466, trans_MAE: 20.806278
B--------->A
EPOCH:: 162, Loss: 1425.206852, MSE: 1274569.714811, RMSE: 1128.968430, MAE: 563.218949, rot_MSE: 2225555.500000, rot_RMSE: 1491.829590, rot_MAE: 1279.127686, trans_MSE: 704.946777, trans_RMSE: 26.550835, trans_MAE: 17.802504
==BEST TEST==
A--------->B
EPOCH:: 162, Loss: 399.891780, Cycle Loss: 51.661619, MSE: 1273122.390560, RMSE: 1128.327253, MAE: 561.152348, rot_MSE: 2209342.500000, rot_RMSE: 1486.385742, rot_MAE: 1273.860962, trans_MSE: 348.009766, trans_RMSE: 18.655020, trans_MAE: 11.109338
B--------->A
EPOCH:: 162, Loss: 399.891780, MSE: 1273145.073735, RMSE: 1128.337305, MAE: 563.856988, rot_MSE: 2218540.750000, rot_RMSE: 1489.476685, rot_MAE: 1277.354370, trans_MSE: 184.846466, trans_RMSE: 13.595825, trans_MAE: 8.945072
==TRAIN==
A--------->B
EPOCH:: 163, Loss: 260.088542, Cycle Loss:, 41.121901, MSE: 1133848.292448, RMSE: 1064.823127, MAE: 554.279446, rot_MSE: 2261687.500000, rot_RMSE: 1503.890747, rot_MAE: 1303.404297, trans_MSE: 218.760117, trans_RMSE: 14.790542, trans_MAE: 6.942128
B--------->A
EPOCH:: 163, Loss: 260.088542, MSE: 1133812.056120, RMSE: 1064.806112, MAE: 548.745134, rot_MSE: 2265423.750000, rot_RMSE: 1505.132446, rot_MAE: 1304.176270, trans_MSE: 182.917969, trans_RMSE: 13.524717, trans_MAE: 7.302790
==TEST==
A--------->B
EPOCH:: 163, Loss: 1200.897231, Cycle Loss: 169.412308, MSE: 1275051.629713, RMSE: 1129.181841, MAE: 562.052337, rot_MSE: 2209095.250000, rot_RMSE: 1486.302490, rot_MAE: 1271.954102, trans_MSE: 1031.204346, trans_RMSE: 32.112370, trans_MAE: 18.906097
B--------->A
EPOCH:: 163, Loss: 1200.897231, MSE: 1274655.012913, RMSE: 1129.006206, MAE: 563.214590, rot_MSE: 2224269.750000, rot_RMSE: 1491.398560, rot_MAE: 1278.140381, trans_MSE: 563.514221, trans_RMSE: 23.738455, trans_MAE: 15.691472
==BEST TEST==
A--------->B
EPOCH:: 163, Loss: 399.891780, Cycle Loss: 51.661619, MSE: 1273122.390560, RMSE: 1128.327253, MAE: 561.152348, rot_MSE: 2209342.500000, rot_RMSE: 1486.385742, rot_MAE: 1273.860962, trans_MSE: 348.009766, trans_RMSE: 18.655020, trans_MAE: 11.109338
B--------->A
EPOCH:: 163, Loss: 399.891780, MSE: 1273145.073735, RMSE: 1128.337305, MAE: 563.856988, rot_MSE: 2218540.750000, rot_RMSE: 1489.476685, rot_MAE: 1277.354370, trans_MSE: 184.846466, trans_RMSE: 13.595825, trans_MAE: 8.945072
==TRAIN==
A--------->B
EPOCH:: 164, Loss: 142.590793, Cycle Loss:, 26.046795, MSE: 1122663.470573, RMSE: 1059.558149, MAE: 553.414201, rot_MSE: 2269301.250000, rot_RMSE: 1506.420044, rot_MAE: 1305.509155, trans_MSE: 116.332512, trans_RMSE: 10.785755, trans_MAE: 6.373327
B--------->A
EPOCH:: 164, Loss: 142.590793, MSE: 1122813.775130, RMSE: 1059.629074, MAE: 546.891542, rot_MSE: 2273187.000000, rot_RMSE: 1507.709229, rot_MAE: 1306.837646, trans_MSE: 165.619583, trans_RMSE: 12.869328, trans_MAE: 7.103826
==TEST==
A--------->B
EPOCH:: 164, Loss: 2157.386408, Cycle Loss: 317.336201, MSE: 1275130.298360, RMSE: 1129.216675, MAE: 562.886299, rot_MSE: 2208067.000000, rot_RMSE: 1485.956543, rot_MAE: 1273.098511, trans_MSE: 1839.729126, trans_RMSE: 42.892063, trans_MAE: 26.345736
B--------->A
EPOCH:: 164, Loss: 2157.386408, MSE: 1274420.934401, RMSE: 1128.902535, MAE: 563.243568, rot_MSE: 2215324.500000, rot_RMSE: 1488.396606, rot_MAE: 1277.602417, trans_MSE: 1040.944092, trans_RMSE: 32.263664, trans_MAE: 21.817011
==BEST TEST==
A--------->B
EPOCH:: 164, Loss: 399.891780, Cycle Loss: 51.661619, MSE: 1273122.390560, RMSE: 1128.327253, MAE: 561.152348, rot_MSE: 2209342.500000, rot_RMSE: 1486.385742, rot_MAE: 1273.860962, trans_MSE: 348.009766, trans_RMSE: 18.655020, trans_MAE: 11.109338
B--------->A
EPOCH:: 164, Loss: 399.891780, MSE: 1273145.073735, RMSE: 1128.337305, MAE: 563.856988, rot_MSE: 2218540.750000, rot_RMSE: 1489.476685, rot_MAE: 1277.354370, trans_MSE: 184.846466, trans_RMSE: 13.595825, trans_MAE: 8.945072
==TRAIN==
A--------->B
EPOCH:: 165, Loss: 162.562873, Cycle Loss:, 28.108786, MSE: 1148096.262240, RMSE: 1071.492540, MAE: 558.562538, rot_MSE: 2270383.250000, rot_RMSE: 1506.779053, rot_MAE: 1307.202393, trans_MSE: 134.245224, trans_RMSE: 11.586424, trans_MAE: 6.634299
B--------->A
EPOCH:: 165, Loss: 162.562873, MSE: 1148182.411263, RMSE: 1071.532739, MAE: 552.750687, rot_MSE: 2273529.250000, rot_RMSE: 1507.822632, rot_MAE: 1307.472656, trans_MSE: 157.061401, trans_RMSE: 12.532414, trans_MAE: 7.041103
==TEST==
A--------->B
EPOCH:: 165, Loss: 1299.896904, Cycle Loss: 187.551025, MSE: 1274703.598851, RMSE: 1129.027723, MAE: 562.087517, rot_MSE: 2209468.000000, rot_RMSE: 1486.427979, rot_MAE: 1272.818726, trans_MSE: 1112.072266, trans_RMSE: 33.347748, trans_MAE: 20.360987
B--------->A
EPOCH:: 165, Loss: 1299.896904, MSE: 1274459.788675, RMSE: 1128.919744, MAE: 564.775282, rot_MSE: 2219615.750000, rot_RMSE: 1489.837524, rot_MAE: 1277.247437, trans_MSE: 641.202026, trans_RMSE: 25.321968, trans_MAE: 17.131575
==BEST TEST==
A--------->B
EPOCH:: 165, Loss: 399.891780, Cycle Loss: 51.661619, MSE: 1273122.390560, RMSE: 1128.327253, MAE: 561.152348, rot_MSE: 2209342.500000, rot_RMSE: 1486.385742, rot_MAE: 1273.860962, trans_MSE: 348.009766, trans_RMSE: 18.655020, trans_MAE: 11.109338
B--------->A
EPOCH:: 165, Loss: 399.891780, MSE: 1273145.073735, RMSE: 1128.337305, MAE: 563.856988, rot_MSE: 2218540.750000, rot_RMSE: 1489.476685, rot_MAE: 1277.354370, trans_MSE: 184.846466, trans_RMSE: 13.595825, trans_MAE: 8.945072
==TRAIN==
A--------->B
EPOCH:: 166, Loss: 199.920821, Cycle Loss:, 32.925717, MSE: 1147188.479948, RMSE: 1071.068849, MAE: 557.867466, rot_MSE: 2268231.500000, rot_RMSE: 1506.064941, rot_MAE: 1305.244385, trans_MSE: 166.789078, trans_RMSE: 12.914684, trans_MAE: 7.012845
B--------->A
EPOCH:: 166, Loss: 199.920821, MSE: 1147128.546224, RMSE: 1071.040870, MAE: 551.731253, rot_MSE: 2266168.250000, rot_RMSE: 1505.379761, rot_MAE: 1305.075195, trans_MSE: 183.441620, trans_RMSE: 13.544063, trans_MAE: 7.175563
==TEST==
A--------->B
EPOCH:: 166, Loss: 739.047514, Cycle Loss: 98.605150, MSE: 1274135.503099, RMSE: 1128.776108, MAE: 561.667283, rot_MSE: 2208181.250000, rot_RMSE: 1485.994995, rot_MAE: 1273.494873, trans_MSE: 640.183289, trans_RMSE: 25.301844, trans_MAE: 14.582254
B--------->A
EPOCH:: 166, Loss: 739.047514, MSE: 1273838.259427, RMSE: 1128.644434, MAE: 563.904545, rot_MSE: 2221439.750000, rot_RMSE: 1490.449463, rot_MAE: 1278.077515, trans_MSE: 303.811340, trans_RMSE: 17.430185, trans_MAE: 11.487281
==BEST TEST==
A--------->B
EPOCH:: 166, Loss: 399.891780, Cycle Loss: 51.661619, MSE: 1273122.390560, RMSE: 1128.327253, MAE: 561.152348, rot_MSE: 2209342.500000, rot_RMSE: 1486.385742, rot_MAE: 1273.860962, trans_MSE: 348.009766, trans_RMSE: 18.655020, trans_MAE: 11.109338
B--------->A
EPOCH:: 166, Loss: 399.891780, MSE: 1273145.073735, RMSE: 1128.337305, MAE: 563.856988, rot_MSE: 2218540.750000, rot_RMSE: 1489.476685, rot_MAE: 1277.354370, trans_MSE: 184.846466, trans_RMSE: 13.595825, trans_MAE: 8.945072
==TRAIN==
A--------->B
EPOCH:: 167, Loss: 194.232527, Cycle Loss:, 33.024694, MSE: 1145950.422656, RMSE: 1070.490739, MAE: 557.214245, rot_MSE: 2269774.250000, rot_RMSE: 1506.577026, rot_MAE: 1306.053467, trans_MSE: 161.006531, trans_RMSE: 12.688835, trans_MAE: 6.750340
B--------->A
EPOCH:: 167, Loss: 194.232527, MSE: 1146043.601562, RMSE: 1070.534260, MAE: 552.381981, rot_MSE: 2269567.250000, rot_RMSE: 1506.508301, rot_MAE: 1305.816284, trans_MSE: 163.468430, trans_RMSE: 12.785478, trans_MAE: 7.103238
==TEST==
A--------->B
EPOCH:: 167, Loss: 1602.395759, Cycle Loss: 235.124621, MSE: 1275226.074961, RMSE: 1129.259082, MAE: 562.839496, rot_MSE: 2203340.500000, rot_RMSE: 1484.365356, rot_MAE: 1270.797974, trans_MSE: 1366.959717, trans_RMSE: 36.972420, trans_MAE: 22.146791
B--------->A
EPOCH:: 167, Loss: 1602.395759, MSE: 1274772.657541, RMSE: 1129.058306, MAE: 562.191631, rot_MSE: 2221074.750000, rot_RMSE: 1490.327026, rot_MAE: 1277.614868, trans_MSE: 788.971008, trans_RMSE: 28.088627, trans_MAE: 18.931747
==BEST TEST==
A--------->B
EPOCH:: 167, Loss: 399.891780, Cycle Loss: 51.661619, MSE: 1273122.390560, RMSE: 1128.327253, MAE: 561.152348, rot_MSE: 2209342.500000, rot_RMSE: 1486.385742, rot_MAE: 1273.860962, trans_MSE: 348.009766, trans_RMSE: 18.655020, trans_MAE: 11.109338
B--------->A
EPOCH:: 167, Loss: 399.891780, MSE: 1273145.073735, RMSE: 1128.337305, MAE: 563.856988, rot_MSE: 2218540.750000, rot_RMSE: 1489.476685, rot_MAE: 1277.354370, trans_MSE: 184.846466, trans_RMSE: 13.595825, trans_MAE: 8.945072
==TRAIN==
A--------->B
EPOCH:: 168, Loss: 153.210083, Cycle Loss:, 26.825065, MSE: 1146406.005729, RMSE: 1070.703510, MAE: 557.860929, rot_MSE: 2263641.000000, rot_RMSE: 1504.540161, rot_MAE: 1303.693359, trans_MSE: 126.183052, trans_RMSE: 11.233123, trans_MAE: 6.459494
B--------->A
EPOCH:: 168, Loss: 153.210083, MSE: 1146406.551693, RMSE: 1070.703765, MAE: 551.404475, rot_MSE: 2265865.750000, rot_RMSE: 1505.279297, rot_MAE: 1304.075195, trans_MSE: 153.963882, trans_RMSE: 12.408218, trans_MAE: 7.235342
==TEST==
A--------->B
EPOCH:: 168, Loss: 1056.565266, Cycle Loss: 148.302271, MSE: 1274597.772404, RMSE: 1128.980856, MAE: 562.055105, rot_MSE: 2200104.250000, rot_RMSE: 1483.274780, rot_MAE: 1272.509277, trans_MSE: 907.986389, trans_RMSE: 30.132812, trans_MAE: 17.775654
B--------->A
EPOCH:: 168, Loss: 1056.565266, MSE: 1274278.764527, RMSE: 1128.839565, MAE: 564.111914, rot_MSE: 2221729.500000, rot_RMSE: 1490.546753, rot_MAE: 1278.215942, trans_MSE: 462.677765, trans_RMSE: 21.509945, trans_MAE: 14.162575
==BEST TEST==
A--------->B
EPOCH:: 168, Loss: 399.891780, Cycle Loss: 51.661619, MSE: 1273122.390560, RMSE: 1128.327253, MAE: 561.152348, rot_MSE: 2209342.500000, rot_RMSE: 1486.385742, rot_MAE: 1273.860962, trans_MSE: 348.009766, trans_RMSE: 18.655020, trans_MAE: 11.109338
B--------->A
EPOCH:: 168, Loss: 399.891780, MSE: 1273145.073735, RMSE: 1128.337305, MAE: 563.856988, rot_MSE: 2218540.750000, rot_RMSE: 1489.476685, rot_MAE: 1277.354370, trans_MSE: 184.846466, trans_RMSE: 13.595825, trans_MAE: 8.945072
==TRAIN==
A--------->B
EPOCH:: 169, Loss: 155.377877, Cycle Loss:, 27.147902, MSE: 1146833.961979, RMSE: 1070.903339, MAE: 557.713950, rot_MSE: 2266827.500000, rot_RMSE: 1505.598755, rot_MAE: 1304.938965, trans_MSE: 128.026352, trans_RMSE: 11.314873, trans_MAE: 6.442386
B--------->A
EPOCH:: 169, Loss: 155.377877, MSE: 1147021.620052, RMSE: 1070.990952, MAE: 551.347624, rot_MSE: 2268619.250000, rot_RMSE: 1506.193604, rot_MAE: 1304.625732, trans_MSE: 152.064041, trans_RMSE: 12.331425, trans_MAE: 7.048764
==TEST==
A--------->B
EPOCH:: 169, Loss: 1317.623951, Cycle Loss: 175.599713, MSE: 1275054.623386, RMSE: 1129.183166, MAE: 562.446276, rot_MSE: 2211149.500000, rot_RMSE: 1486.993408, rot_MAE: 1272.016724, trans_MSE: 1141.739868, trans_RMSE: 33.789642, trans_MAE: 19.995430
B--------->A
EPOCH:: 169, Loss: 1317.623951, MSE: 1274752.117898, RMSE: 1129.049210, MAE: 562.979971, rot_MSE: 2226053.000000, rot_RMSE: 1491.996338, rot_MAE: 1278.521362, trans_MSE: 611.812500, trans_RMSE: 24.734844, trans_MAE: 16.373323
==BEST TEST==
A--------->B
EPOCH:: 169, Loss: 399.891780, Cycle Loss: 51.661619, MSE: 1273122.390560, RMSE: 1128.327253, MAE: 561.152348, rot_MSE: 2209342.500000, rot_RMSE: 1486.385742, rot_MAE: 1273.860962, trans_MSE: 348.009766, trans_RMSE: 18.655020, trans_MAE: 11.109338
B--------->A
EPOCH:: 169, Loss: 399.891780, MSE: 1273145.073735, RMSE: 1128.337305, MAE: 563.856988, rot_MSE: 2218540.750000, rot_RMSE: 1489.476685, rot_MAE: 1277.354370, trans_MSE: 184.846466, trans_RMSE: 13.595825, trans_MAE: 8.945072
==TRAIN==
A--------->B
EPOCH:: 170, Loss: 157.399317, Cycle Loss:, 32.236235, MSE: 1146881.950521, RMSE: 1070.925745, MAE: 557.421033, rot_MSE: 2266563.250000, rot_RMSE: 1505.510986, rot_MAE: 1305.101196, trans_MSE: 124.961830, trans_RMSE: 11.178633, trans_MAE: 6.438381
B--------->A
EPOCH:: 170, Loss: 157.399317, MSE: 1146735.939974, RMSE: 1070.857572, MAE: 550.792224, rot_MSE: 2273493.000000, rot_RMSE: 1507.810669, rot_MAE: 1307.145508, trans_MSE: 200.114822, trans_RMSE: 14.146194, trans_MAE: 7.220631
==TEST==
A--------->B
EPOCH:: 170, Loss: 904.280610, Cycle Loss: 121.669995, MSE: 1274339.515044, RMSE: 1128.866474, MAE: 561.906956, rot_MSE: 2204112.750000, rot_RMSE: 1484.625488, rot_MAE: 1273.096680, trans_MSE: 782.351929, trans_RMSE: 27.970554, trans_MAE: 16.402912
B--------->A
EPOCH:: 170, Loss: 904.280610, MSE: 1273901.739347, RMSE: 1128.672556, MAE: 564.238772, rot_MSE: 2220674.750000, rot_RMSE: 1490.192871, rot_MAE: 1278.413940, trans_MSE: 368.026031, trans_RMSE: 19.184004, trans_MAE: 12.698581
==BEST TEST==
A--------->B
EPOCH:: 170, Loss: 399.891780, Cycle Loss: 51.661619, MSE: 1273122.390560, RMSE: 1128.327253, MAE: 561.152348, rot_MSE: 2209342.500000, rot_RMSE: 1486.385742, rot_MAE: 1273.860962, trans_MSE: 348.009766, trans_RMSE: 18.655020, trans_MAE: 11.109338
B--------->A
EPOCH:: 170, Loss: 399.891780, MSE: 1273145.073735, RMSE: 1128.337305, MAE: 563.856988, rot_MSE: 2218540.750000, rot_RMSE: 1489.476685, rot_MAE: 1277.354370, trans_MSE: 184.846466, trans_RMSE: 13.595825, trans_MAE: 8.945072
==TRAIN==
A--------->B
EPOCH:: 171, Loss: 190.049642, Cycle Loss:, 35.911866, MSE: 1113790.052604, RMSE: 1055.362522, MAE: 551.183415, rot_MSE: 2268017.000000, rot_RMSE: 1505.993652, rot_MAE: 1305.574707, trans_MSE: 153.941406, trans_RMSE: 12.407312, trans_MAE: 6.344652
B--------->A
EPOCH:: 171, Loss: 190.049642, MSE: 1113852.202734, RMSE: 1055.391966, MAE: 544.789387, rot_MSE: 2271271.000000, rot_RMSE: 1507.073608, rot_MAE: 1306.828857, trans_MSE: 162.728760, trans_RMSE: 12.756518, trans_MAE: 6.989259
==TEST==
A--------->B
EPOCH:: 171, Loss: 1164.786476, Cycle Loss: 163.405558, MSE: 1274699.776989, RMSE: 1129.026030, MAE: 562.288506, rot_MSE: 2199745.000000, rot_RMSE: 1483.153687, rot_MAE: 1272.602417, trans_MSE: 1001.097595, trans_RMSE: 31.640127, trans_MAE: 18.952568
B--------->A
EPOCH:: 171, Loss: 1164.786476, MSE: 1274168.604274, RMSE: 1128.790771, MAE: 564.731646, rot_MSE: 2226299.500000, rot_RMSE: 1492.078979, rot_MAE: 1279.874268, trans_MSE: 478.655396, trans_RMSE: 21.878195, trans_MAE: 14.485499
==BEST TEST==
A--------->B
EPOCH:: 171, Loss: 399.891780, Cycle Loss: 51.661619, MSE: 1273122.390560, RMSE: 1128.327253, MAE: 561.152348, rot_MSE: 2209342.500000, rot_RMSE: 1486.385742, rot_MAE: 1273.860962, trans_MSE: 348.009766, trans_RMSE: 18.655020, trans_MAE: 11.109338
B--------->A
EPOCH:: 171, Loss: 399.891780, MSE: 1273145.073735, RMSE: 1128.337305, MAE: 563.856988, rot_MSE: 2218540.750000, rot_RMSE: 1489.476685, rot_MAE: 1277.354370, trans_MSE: 184.846466, trans_RMSE: 13.595825, trans_MAE: 8.945072
==TRAIN==
A--------->B
EPOCH:: 172, Loss: 171.926756, Cycle Loss:, 32.170171, MSE: 1147295.447917, RMSE: 1071.118783, MAE: 558.043702, rot_MSE: 2267628.750000, rot_RMSE: 1505.864746, rot_MAE: 1305.569092, trans_MSE: 139.544952, trans_RMSE: 11.812915, trans_MAE: 6.818432
B--------->A
EPOCH:: 172, Loss: 171.926756, MSE: 1147597.150130, RMSE: 1071.259609, MAE: 552.679148, rot_MSE: 2269684.000000, rot_RMSE: 1506.546997, rot_MAE: 1306.614868, trans_MSE: 170.974442, trans_RMSE: 13.075720, trans_MAE: 7.121775
==TEST==
A--------->B
EPOCH:: 172, Loss: 1568.962266, Cycle Loss: 233.951564, MSE: 1275059.615121, RMSE: 1129.185377, MAE: 562.481567, rot_MSE: 2200532.000000, rot_RMSE: 1483.419067, rot_MAE: 1269.755371, trans_MSE: 1334.711426, trans_RMSE: 36.533703, trans_MAE: 22.209877
B--------->A
EPOCH:: 172, Loss: 1568.962266, MSE: 1274652.932399, RMSE: 1129.005284, MAE: 564.591036, rot_MSE: 2227081.250000, rot_RMSE: 1492.340820, rot_MAE: 1279.818359, trans_MSE: 764.818115, trans_RMSE: 27.655346, trans_MAE: 18.664946
==BEST TEST==
A--------->B
EPOCH:: 172, Loss: 399.891780, Cycle Loss: 51.661619, MSE: 1273122.390560, RMSE: 1128.327253, MAE: 561.152348, rot_MSE: 2209342.500000, rot_RMSE: 1486.385742, rot_MAE: 1273.860962, trans_MSE: 348.009766, trans_RMSE: 18.655020, trans_MAE: 11.109338
B--------->A
EPOCH:: 172, Loss: 399.891780, MSE: 1273145.073735, RMSE: 1128.337305, MAE: 563.856988, rot_MSE: 2218540.750000, rot_RMSE: 1489.476685, rot_MAE: 1277.354370, trans_MSE: 184.846466, trans_RMSE: 13.595825, trans_MAE: 8.945072
==TRAIN==
A--------->B
EPOCH:: 173, Loss: 180.067091, Cycle Loss:, 34.514784, MSE: 1148287.445247, RMSE: 1071.581749, MAE: 558.160994, rot_MSE: 2266529.750000, rot_RMSE: 1505.499878, rot_MAE: 1305.647095, trans_MSE: 145.349319, trans_RMSE: 12.056090, trans_MAE: 6.742688
B--------->A
EPOCH:: 173, Loss: 180.067091, MSE: 1148406.244661, RMSE: 1071.637180, MAE: 552.121213, rot_MSE: 2266852.750000, rot_RMSE: 1505.607056, rot_MAE: 1306.309692, trans_MSE: 179.968887, trans_RMSE: 13.415248, trans_MAE: 7.023147
==TEST==
A--------->B
EPOCH:: 173, Loss: 1268.903931, Cycle Loss: 183.313576, MSE: 1274702.383071, RMSE: 1129.027184, MAE: 562.504247, rot_MSE: 2204000.500000, rot_RMSE: 1484.587646, rot_MAE: 1270.549438, trans_MSE: 1085.301025, trans_RMSE: 32.943909, trans_MAE: 19.392668
B--------->A
EPOCH:: 173, Loss: 1268.903931, MSE: 1274154.599755, RMSE: 1128.784567, MAE: 564.572736, rot_MSE: 2226674.250000, rot_RMSE: 1492.204468, rot_MAE: 1279.687866, trans_MSE: 598.007202, trans_RMSE: 24.454185, trans_MAE: 16.268648
==BEST TEST==
A--------->B
EPOCH:: 173, Loss: 399.891780, Cycle Loss: 51.661619, MSE: 1273122.390560, RMSE: 1128.327253, MAE: 561.152348, rot_MSE: 2209342.500000, rot_RMSE: 1486.385742, rot_MAE: 1273.860962, trans_MSE: 348.009766, trans_RMSE: 18.655020, trans_MAE: 11.109338
B--------->A
EPOCH:: 173, Loss: 399.891780, MSE: 1273145.073735, RMSE: 1128.337305, MAE: 563.856988, rot_MSE: 2218540.750000, rot_RMSE: 1489.476685, rot_MAE: 1277.354370, trans_MSE: 184.846466, trans_RMSE: 13.595825, trans_MAE: 8.945072
==TRAIN==
A--------->B
EPOCH:: 174, Loss: 150.013324, Cycle Loss:, 31.219936, MSE: 1148309.438411, RMSE: 1071.592011, MAE: 558.520540, rot_MSE: 2274380.750000, rot_RMSE: 1508.104980, rot_MAE: 1307.735474, trans_MSE: 118.586044, trans_RMSE: 10.889722, trans_MAE: 6.430490
B--------->A
EPOCH:: 174, Loss: 150.013324, MSE: 1148371.137370, RMSE: 1071.620799, MAE: 552.719839, rot_MSE: 2275639.750000, rot_RMSE: 1508.522339, rot_MAE: 1307.639893, trans_MSE: 190.901321, trans_RMSE: 13.816705, trans_MAE: 7.369719
==TEST==
A--------->B
EPOCH:: 174, Loss: 1627.695665, Cycle Loss: 240.002004, MSE: 1275478.506005, RMSE: 1129.370845, MAE: 562.589104, rot_MSE: 2203724.250000, rot_RMSE: 1484.494629, rot_MAE: 1270.624878, trans_MSE: 1387.397827, trans_RMSE: 37.247791, trans_MAE: 22.474157
B--------->A
EPOCH:: 174, Loss: 1627.695665, MSE: 1275046.681689, RMSE: 1129.179650, MAE: 562.703893, rot_MSE: 2219269.750000, rot_RMSE: 1489.721313, rot_MAE: 1277.449951, trans_MSE: 796.716248, trans_RMSE: 28.226162, trans_MAE: 19.118465
==BEST TEST==
A--------->B
EPOCH:: 174, Loss: 399.891780, Cycle Loss: 51.661619, MSE: 1273122.390560, RMSE: 1128.327253, MAE: 561.152348, rot_MSE: 2209342.500000, rot_RMSE: 1486.385742, rot_MAE: 1273.860962, trans_MSE: 348.009766, trans_RMSE: 18.655020, trans_MAE: 11.109338
B--------->A
EPOCH:: 174, Loss: 399.891780, MSE: 1273145.073735, RMSE: 1128.337305, MAE: 563.856988, rot_MSE: 2218540.750000, rot_RMSE: 1489.476685, rot_MAE: 1277.354370, trans_MSE: 184.846466, trans_RMSE: 13.595825, trans_MAE: 8.945072
==TRAIN==
A--------->B
EPOCH:: 175, Loss: 138.981491, Cycle Loss:, 23.415679, MSE: 1133735.132552, RMSE: 1064.769990, MAE: 555.131549, rot_MSE: 2273109.250000, rot_RMSE: 1507.683350, rot_MAE: 1307.899414, trans_MSE: 115.361732, trans_RMSE: 10.740658, trans_MAE: 6.450702
B--------->A
EPOCH:: 175, Loss: 138.981491, MSE: 1133621.780404, RMSE: 1064.716761, MAE: 548.226007, rot_MSE: 2277234.500000, rot_RMSE: 1509.050903, rot_MAE: 1308.779785, trans_MSE: 130.936203, trans_RMSE: 11.442736, trans_MAE: 6.456678
==TEST==
A--------->B
EPOCH:: 175, Loss: 589.193312, Cycle Loss: 62.787902, MSE: 1273659.854274, RMSE: 1128.565397, MAE: 561.416192, rot_MSE: 2209087.250000, rot_RMSE: 1486.299805, rot_MAE: 1274.610596, trans_MSE: 526.193420, trans_RMSE: 22.938906, trans_MAE: 11.812016
B--------->A
EPOCH:: 175, Loss: 589.193312, MSE: 1273333.792807, RMSE: 1128.420929, MAE: 563.534113, rot_MSE: 2217390.500000, rot_RMSE: 1489.090454, rot_MAE: 1277.106445, trans_MSE: 108.822617, trans_RMSE: 10.431808, trans_MAE: 6.725721
==BEST TEST==
A--------->B
EPOCH:: 175, Loss: 399.891780, Cycle Loss: 51.661619, MSE: 1273122.390560, RMSE: 1128.327253, MAE: 561.152348, rot_MSE: 2209342.500000, rot_RMSE: 1486.385742, rot_MAE: 1273.860962, trans_MSE: 348.009766, trans_RMSE: 18.655020, trans_MAE: 11.109338
B--------->A
EPOCH:: 175, Loss: 399.891780, MSE: 1273145.073735, RMSE: 1128.337305, MAE: 563.856988, rot_MSE: 2218540.750000, rot_RMSE: 1489.476685, rot_MAE: 1277.354370, trans_MSE: 184.846466, trans_RMSE: 13.595825, trans_MAE: 8.945072
==TRAIN==
A--------->B
EPOCH:: 176, Loss: 149.330551, Cycle Loss:, 27.897331, MSE: 1147822.775781, RMSE: 1071.364913, MAE: 558.032535, rot_MSE: 2266358.750000, rot_RMSE: 1505.442993, rot_MAE: 1305.310669, trans_MSE: 121.237823, trans_RMSE: 11.010805, trans_MAE: 6.250479
B--------->A
EPOCH:: 176, Loss: 149.330551, MSE: 1147865.812760, RMSE: 1071.384997, MAE: 551.803620, rot_MSE: 2268985.250000, rot_RMSE: 1506.315063, rot_MAE: 1306.491089, trans_MSE: 157.130661, trans_RMSE: 12.535177, trans_MAE: 6.934631
==TEST==
A--------->B
EPOCH:: 176, Loss: 636.847572, Cycle Loss: 86.749254, MSE: 1273801.842007, RMSE: 1128.628301, MAE: 561.728936, rot_MSE: 2210994.000000, rot_RMSE: 1486.941162, rot_MAE: 1274.918457, trans_MSE: 549.842346, trans_RMSE: 23.448717, trans_MAE: 13.581288
B--------->A
EPOCH:: 176, Loss: 636.847572, MSE: 1273464.486635, RMSE: 1128.478837, MAE: 564.326645, rot_MSE: 2224108.250000, rot_RMSE: 1491.344482, rot_MAE: 1279.095093, trans_MSE: 261.287933, trans_RMSE: 16.164404, trans_MAE: 10.770972
==BEST TEST==
A--------->B
EPOCH:: 176, Loss: 399.891780, Cycle Loss: 51.661619, MSE: 1273122.390560, RMSE: 1128.327253, MAE: 561.152348, rot_MSE: 2209342.500000, rot_RMSE: 1486.385742, rot_MAE: 1273.860962, trans_MSE: 348.009766, trans_RMSE: 18.655020, trans_MAE: 11.109338
B--------->A
EPOCH:: 176, Loss: 399.891780, MSE: 1273145.073735, RMSE: 1128.337305, MAE: 563.856988, rot_MSE: 2218540.750000, rot_RMSE: 1489.476685, rot_MAE: 1277.354370, trans_MSE: 184.846466, trans_RMSE: 13.595825, trans_MAE: 8.945072
==TRAIN==
A--------->B
EPOCH:: 177, Loss: 165.427344, Cycle Loss:, 33.959519, MSE: 1146339.702214, RMSE: 1070.672547, MAE: 557.835713, rot_MSE: 2272389.000000, rot_RMSE: 1507.444580, rot_MAE: 1307.013550, trans_MSE: 131.262161, trans_RMSE: 11.456970, trans_MAE: 6.270959
B--------->A
EPOCH:: 177, Loss: 165.427344, MSE: 1146194.677995, RMSE: 1070.604819, MAE: 553.808482, rot_MSE: 2276830.000000, rot_RMSE: 1508.916870, rot_MAE: 1307.257446, trans_MSE: 212.403595, trans_RMSE: 14.574073, trans_MAE: 7.143891
==TEST==
A--------->B
EPOCH:: 177, Loss: 453.747276, Cycle Loss: 55.793695, MSE: 1273047.572766, RMSE: 1128.294099, MAE: 561.276611, rot_MSE: 2210678.250000, rot_RMSE: 1486.834961, rot_MAE: 1274.380737, trans_MSE: 397.723389, trans_RMSE: 19.943003, trans_MAE: 11.960865
B--------->A
EPOCH:: 177, Loss: 453.747276, MSE: 1273007.538288, RMSE: 1128.276357, MAE: 564.163658, rot_MSE: 2220256.000000, rot_RMSE: 1490.052368, rot_MAE: 1277.904053, trans_MSE: 174.306458, trans_RMSE: 13.202518, trans_MAE: 8.584243
==BEST TEST==
A--------->B
EPOCH:: 177, Loss: 399.891780, Cycle Loss: 51.661619, MSE: 1273122.390560, RMSE: 1128.327253, MAE: 561.152348, rot_MSE: 2209342.500000, rot_RMSE: 1486.385742, rot_MAE: 1273.860962, trans_MSE: 348.009766, trans_RMSE: 18.655020, trans_MAE: 11.109338
B--------->A
EPOCH:: 177, Loss: 399.891780, MSE: 1273145.073735, RMSE: 1128.337305, MAE: 563.856988, rot_MSE: 2218540.750000, rot_RMSE: 1489.476685, rot_MAE: 1277.354370, trans_MSE: 184.846466, trans_RMSE: 13.595825, trans_MAE: 8.945072
==TRAIN==
A--------->B
EPOCH:: 178, Loss: 132.737467, Cycle Loss:, 23.774940, MSE: 1147065.900716, RMSE: 1071.011625, MAE: 557.399092, rot_MSE: 2260548.500000, rot_RMSE: 1503.512085, rot_MAE: 1303.205444, trans_MSE: 108.762283, trans_RMSE: 10.428916, trans_MAE: 6.114175
B--------->A
EPOCH:: 178, Loss: 132.737467, MSE: 1147211.912370, RMSE: 1071.079788, MAE: 550.957507, rot_MSE: 2262678.750000, rot_RMSE: 1504.220337, rot_MAE: 1303.910889, trans_MSE: 151.376373, trans_RMSE: 12.303511, trans_MAE: 6.879019
==TEST==
A--------->B
EPOCH:: 178, Loss: 504.985184, Cycle Loss: 66.682223, MSE: 1273515.539192, RMSE: 1128.501457, MAE: 561.422506, rot_MSE: 2211714.750000, rot_RMSE: 1487.183472, rot_MAE: 1275.051270, trans_MSE: 438.062103, trans_RMSE: 20.929934, trans_MAE: 12.629545
B--------->A
EPOCH:: 178, Loss: 504.985184, MSE: 1273236.674329, RMSE: 1128.377895, MAE: 563.970642, rot_MSE: 2220815.500000, rot_RMSE: 1490.240112, rot_MAE: 1278.732910, trans_MSE: 209.678528, trans_RMSE: 14.480281, trans_MAE: 9.609604
==BEST TEST==
A--------->B
EPOCH:: 178, Loss: 399.891780, Cycle Loss: 51.661619, MSE: 1273122.390560, RMSE: 1128.327253, MAE: 561.152348, rot_MSE: 2209342.500000, rot_RMSE: 1486.385742, rot_MAE: 1273.860962, trans_MSE: 348.009766, trans_RMSE: 18.655020, trans_MAE: 11.109338
B--------->A
EPOCH:: 178, Loss: 399.891780, MSE: 1273145.073735, RMSE: 1128.337305, MAE: 563.856988, rot_MSE: 2218540.750000, rot_RMSE: 1489.476685, rot_MAE: 1277.354370, trans_MSE: 184.846466, trans_RMSE: 13.595825, trans_MAE: 8.945072
==TRAIN==
A--------->B
EPOCH:: 179, Loss: 163.156949, Cycle Loss:, 30.766844, MSE: 1136073.617188, RMSE: 1065.867542, MAE: 554.842324, rot_MSE: 2260407.750000, rot_RMSE: 1503.465210, rot_MAE: 1303.587646, trans_MSE: 132.185944, trans_RMSE: 11.497214, trans_MAE: 6.620331
B--------->A
EPOCH:: 179, Loss: 163.156949, MSE: 1136136.930208, RMSE: 1065.897242, MAE: 548.976479, rot_MSE: 2263892.500000, rot_RMSE: 1504.623657, rot_MAE: 1303.906616, trans_MSE: 168.904861, trans_RMSE: 12.996341, trans_MAE: 6.993794
==TEST==
A--------->B
EPOCH:: 179, Loss: 1777.463775, Cycle Loss: 189.697716, MSE: 1274795.312048, RMSE: 1129.068338, MAE: 562.528022, rot_MSE: 2207823.250000, rot_RMSE: 1485.874634, rot_MAE: 1274.391724, trans_MSE: 1587.508667, trans_RMSE: 39.843552, trans_MAE: 17.868389
B--------->A
EPOCH:: 179, Loss: 1777.463775, MSE: 1273588.620287, RMSE: 1128.533837, MAE: 565.425984, rot_MSE: 2221600.500000, rot_RMSE: 1490.503418, rot_MAE: 1278.251221, trans_MSE: 264.870575, trans_RMSE: 16.274845, trans_MAE: 10.800477
==BEST TEST==
A--------->B
EPOCH:: 179, Loss: 399.891780, Cycle Loss: 51.661619, MSE: 1273122.390560, RMSE: 1128.327253, MAE: 561.152348, rot_MSE: 2209342.500000, rot_RMSE: 1486.385742, rot_MAE: 1273.860962, trans_MSE: 348.009766, trans_RMSE: 18.655020, trans_MAE: 11.109338
B--------->A
EPOCH:: 179, Loss: 399.891780, MSE: 1273145.073735, RMSE: 1128.337305, MAE: 563.856988, rot_MSE: 2218540.750000, rot_RMSE: 1489.476685, rot_MAE: 1277.354370, trans_MSE: 184.846466, trans_RMSE: 13.595825, trans_MAE: 8.945072
==TRAIN==
A--------->B
EPOCH:: 180, Loss: 164.018950, Cycle Loss:, 28.539501, MSE: 1122368.129557, RMSE: 1059.418770, MAE: 553.257670, rot_MSE: 2269890.750000, rot_RMSE: 1506.615601, rot_MAE: 1305.948120, trans_MSE: 135.278046, trans_RMSE: 11.630909, trans_MAE: 6.551230
B--------->A
EPOCH:: 180, Loss: 164.018950, MSE: 1122461.958073, RMSE: 1059.463052, MAE: 548.436202, rot_MSE: 2271791.000000, rot_RMSE: 1507.246216, rot_MAE: 1306.875488, trans_MSE: 187.740631, trans_RMSE: 13.701848, trans_MAE: 6.897811
==TEST==
A--------->B
EPOCH:: 180, Loss: 730.739408, Cycle Loss: 100.044567, MSE: 1274067.662642, RMSE: 1128.746058, MAE: 561.372754, rot_MSE: 2210951.750000, rot_RMSE: 1486.927002, rot_MAE: 1274.907349, trans_MSE: 630.431580, trans_RMSE: 25.108397, trans_MAE: 14.310412
B--------->A
EPOCH:: 180, Loss: 730.739408, MSE: 1273841.119254, RMSE: 1128.645701, MAE: 564.520217, rot_MSE: 2220569.750000, rot_RMSE: 1490.157593, rot_MAE: 1277.921997, trans_MSE: 300.425323, trans_RMSE: 17.332781, trans_MAE: 11.489697
==BEST TEST==
A--------->B
EPOCH:: 180, Loss: 399.891780, Cycle Loss: 51.661619, MSE: 1273122.390560, RMSE: 1128.327253, MAE: 561.152348, rot_MSE: 2209342.500000, rot_RMSE: 1486.385742, rot_MAE: 1273.860962, trans_MSE: 348.009766, trans_RMSE: 18.655020, trans_MAE: 11.109338
B--------->A
EPOCH:: 180, Loss: 399.891780, MSE: 1273145.073735, RMSE: 1128.337305, MAE: 563.856988, rot_MSE: 2218540.750000, rot_RMSE: 1489.476685, rot_MAE: 1277.354370, trans_MSE: 184.846466, trans_RMSE: 13.595825, trans_MAE: 8.945072
==TRAIN==
A--------->B
EPOCH:: 181, Loss: 158.115542, Cycle Loss:, 28.152338, MSE: 1123441.237630, RMSE: 1059.925109, MAE: 552.021903, rot_MSE: 2268946.000000, rot_RMSE: 1506.302124, rot_MAE: 1306.529541, trans_MSE: 129.752426, trans_RMSE: 11.390892, trans_MAE: 6.540264
B--------->A
EPOCH:: 181, Loss: 158.115542, MSE: 1123449.424740, RMSE: 1059.928972, MAE: 546.575331, rot_MSE: 2268235.500000, rot_RMSE: 1506.066284, rot_MAE: 1305.939209, trans_MSE: 140.884781, trans_RMSE: 11.869490, trans_MAE: 6.774024
==TEST==
A--------->B
EPOCH:: 181, Loss: 2088.321731, Cycle Loss: 321.029274, MSE: 1275409.789837, RMSE: 1129.340422, MAE: 562.565539, rot_MSE: 2213863.250000, rot_RMSE: 1487.905640, rot_MAE: 1274.449341, trans_MSE: 1766.976929, trans_RMSE: 42.035423, trans_MAE: 26.188576
B--------->A
EPOCH:: 181, Loss: 2088.321731, MSE: 1274736.512203, RMSE: 1129.042299, MAE: 564.329478, rot_MSE: 2218636.000000, rot_RMSE: 1489.508667, rot_MAE: 1277.907837, trans_MSE: 1051.976807, trans_RMSE: 32.434193, trans_MAE: 22.185137
==BEST TEST==
A--------->B
EPOCH:: 181, Loss: 399.891780, Cycle Loss: 51.661619, MSE: 1273122.390560, RMSE: 1128.327253, MAE: 561.152348, rot_MSE: 2209342.500000, rot_RMSE: 1486.385742, rot_MAE: 1273.860962, trans_MSE: 348.009766, trans_RMSE: 18.655020, trans_MAE: 11.109338
B--------->A
EPOCH:: 181, Loss: 399.891780, MSE: 1273145.073735, RMSE: 1128.337305, MAE: 563.856988, rot_MSE: 2218540.750000, rot_RMSE: 1489.476685, rot_MAE: 1277.354370, trans_MSE: 184.846466, trans_RMSE: 13.595825, trans_MAE: 8.945072
==TRAIN==
A--------->B
EPOCH:: 182, Loss: 153.610876, Cycle Loss:, 25.569312, MSE: 1147354.626562, RMSE: 1071.146408, MAE: 558.095280, rot_MSE: 2262913.500000, rot_RMSE: 1504.298340, rot_MAE: 1303.434082, trans_MSE: 127.837471, trans_RMSE: 11.306523, trans_MAE: 6.404454
B--------->A
EPOCH:: 182, Loss: 153.610876, MSE: 1147536.491927, RMSE: 1071.231297, MAE: 552.062049, rot_MSE: 2266763.500000, rot_RMSE: 1505.577515, rot_MAE: 1304.439209, trans_MSE: 151.197205, trans_RMSE: 12.296227, trans_MAE: 6.715643
==TEST==
A--------->B
EPOCH:: 182, Loss: 1713.707388, Cycle Loss: 252.892113, MSE: 1275218.367188, RMSE: 1129.255670, MAE: 562.390770, rot_MSE: 2211661.500000, rot_RMSE: 1487.165649, rot_MAE: 1273.265137, trans_MSE: 1460.500488, trans_RMSE: 38.216496, trans_MAE: 23.090073
B--------->A
EPOCH:: 182, Loss: 1713.707388, MSE: 1274748.541774, RMSE: 1129.047626, MAE: 564.246030, rot_MSE: 2219024.250000, rot_RMSE: 1489.638916, rot_MAE: 1277.373291, trans_MSE: 863.590637, trans_RMSE: 29.386913, trans_MAE: 20.189623
==BEST TEST==
A--------->B
EPOCH:: 182, Loss: 399.891780, Cycle Loss: 51.661619, MSE: 1273122.390560, RMSE: 1128.327253, MAE: 561.152348, rot_MSE: 2209342.500000, rot_RMSE: 1486.385742, rot_MAE: 1273.860962, trans_MSE: 348.009766, trans_RMSE: 18.655020, trans_MAE: 11.109338
B--------->A
EPOCH:: 182, Loss: 399.891780, MSE: 1273145.073735, RMSE: 1128.337305, MAE: 563.856988, rot_MSE: 2218540.750000, rot_RMSE: 1489.476685, rot_MAE: 1277.354370, trans_MSE: 184.846466, trans_RMSE: 13.595825, trans_MAE: 8.945072
==TRAIN==
A--------->B
EPOCH:: 183, Loss: 173.458583, Cycle Loss:, 27.930662, MSE: 1136561.641146, RMSE: 1066.096450, MAE: 554.948392, rot_MSE: 2271976.500000, rot_RMSE: 1507.307739, rot_MAE: 1307.250122, trans_MSE: 145.324310, trans_RMSE: 12.055054, trans_MAE: 6.596130
B--------->A
EPOCH:: 183, Loss: 173.458583, MSE: 1136604.260677, RMSE: 1066.116439, MAE: 549.318801, rot_MSE: 2273300.500000, rot_RMSE: 1507.746826, rot_MAE: 1307.757812, trans_MSE: 121.339043, trans_RMSE: 11.015400, trans_MAE: 6.426727
==TEST==
A--------->B
EPOCH:: 183, Loss: 1680.152310, Cycle Loss: 250.724014, MSE: 1275124.354726, RMSE: 1129.214043, MAE: 562.119282, rot_MSE: 2211450.000000, rot_RMSE: 1487.094482, rot_MAE: 1272.102783, trans_MSE: 1429.128418, trans_RMSE: 37.803814, trans_MAE: 23.099819
B--------->A
EPOCH:: 183, Loss: 1680.152310, MSE: 1274690.002454, RMSE: 1129.021701, MAE: 564.568897, rot_MSE: 2218635.250000, rot_RMSE: 1489.508423, rot_MAE: 1276.979858, trans_MSE: 856.333313, trans_RMSE: 29.263174, trans_MAE: 20.016888
==BEST TEST==
A--------->B
EPOCH:: 183, Loss: 399.891780, Cycle Loss: 51.661619, MSE: 1273122.390560, RMSE: 1128.327253, MAE: 561.152348, rot_MSE: 2209342.500000, rot_RMSE: 1486.385742, rot_MAE: 1273.860962, trans_MSE: 348.009766, trans_RMSE: 18.655020, trans_MAE: 11.109338
B--------->A
EPOCH:: 183, Loss: 399.891780, MSE: 1273145.073735, RMSE: 1128.337305, MAE: 563.856988, rot_MSE: 2218540.750000, rot_RMSE: 1489.476685, rot_MAE: 1277.354370, trans_MSE: 184.846466, trans_RMSE: 13.595825, trans_MAE: 8.945072
==TRAIN==
A--------->B
EPOCH:: 184, Loss: 124.879507, Cycle Loss:, 26.488854, MSE: 1148737.970898, RMSE: 1071.791944, MAE: 559.040319, rot_MSE: 2266214.750000, rot_RMSE: 1505.395264, rot_MAE: 1304.544922, trans_MSE: 98.188759, trans_RMSE: 9.909024, trans_MAE: 6.072095
B--------->A
EPOCH:: 184, Loss: 124.879507, MSE: 1148717.044661, RMSE: 1071.782182, MAE: 552.500025, rot_MSE: 2269647.750000, rot_RMSE: 1506.535034, rot_MAE: 1305.444580, trans_MSE: 170.548523, trans_RMSE: 13.059422, trans_MAE: 7.226755
==TEST==
A--------->B
EPOCH:: 184, Loss: 1134.266083, Cycle Loss: 156.090691, MSE: 1274990.060111, RMSE: 1129.154578, MAE: 562.084749, rot_MSE: 2203821.500000, rot_RMSE: 1484.527344, rot_MAE: 1272.311157, trans_MSE: 977.900635, trans_RMSE: 31.271402, trans_MAE: 18.287441
B--------->A
EPOCH:: 184, Loss: 1134.266083, MSE: 1274517.667807, RMSE: 1128.945379, MAE: 563.411342, rot_MSE: 2223663.250000, rot_RMSE: 1491.195190, rot_MAE: 1278.478271, trans_MSE: 495.340485, trans_RMSE: 22.256247, trans_MAE: 14.726358
==BEST TEST==
A--------->B
EPOCH:: 184, Loss: 399.891780, Cycle Loss: 51.661619, MSE: 1273122.390560, RMSE: 1128.327253, MAE: 561.152348, rot_MSE: 2209342.500000, rot_RMSE: 1486.385742, rot_MAE: 1273.860962, trans_MSE: 348.009766, trans_RMSE: 18.655020, trans_MAE: 11.109338
B--------->A
EPOCH:: 184, Loss: 399.891780, MSE: 1273145.073735, RMSE: 1128.337305, MAE: 563.856988, rot_MSE: 2218540.750000, rot_RMSE: 1489.476685, rot_MAE: 1277.354370, trans_MSE: 184.846466, trans_RMSE: 13.595825, trans_MAE: 8.945072
==TRAIN==
A--------->B
EPOCH:: 185, Loss: 168.351442, Cycle Loss:, 27.562458, MSE: 1146721.052604, RMSE: 1070.850621, MAE: 557.623422, rot_MSE: 2271874.750000, rot_RMSE: 1507.273926, rot_MAE: 1307.419800, trans_MSE: 140.585587, trans_RMSE: 11.856879, trans_MAE: 6.210784
B--------->A
EPOCH:: 185, Loss: 168.351442, MSE: 1146722.740234, RMSE: 1070.851409, MAE: 550.139781, rot_MSE: 2268875.750000, rot_RMSE: 1506.278809, rot_MAE: 1306.093628, trans_MSE: 137.661606, trans_RMSE: 11.732928, trans_MAE: 6.518692
==TEST==
A--------->B
EPOCH:: 185, Loss: 1535.848694, Cycle Loss: 224.939749, MSE: 1275507.182722, RMSE: 1129.383541, MAE: 562.158493, rot_MSE: 2199702.500000, rot_RMSE: 1483.139404, rot_MAE: 1268.702881, trans_MSE: 1310.621338, trans_RMSE: 36.202503, trans_MAE: 21.799913
B--------->A
EPOCH:: 185, Loss: 1535.848694, MSE: 1275073.472495, RMSE: 1129.191513, MAE: 563.792611, rot_MSE: 2220374.750000, rot_RMSE: 1490.092163, rot_MAE: 1278.244019, trans_MSE: 738.060791, trans_RMSE: 27.167274, trans_MAE: 18.264124
==BEST TEST==
A--------->B
EPOCH:: 185, Loss: 399.891780, Cycle Loss: 51.661619, MSE: 1273122.390560, RMSE: 1128.327253, MAE: 561.152348, rot_MSE: 2209342.500000, rot_RMSE: 1486.385742, rot_MAE: 1273.860962, trans_MSE: 348.009766, trans_RMSE: 18.655020, trans_MAE: 11.109338
B--------->A
EPOCH:: 185, Loss: 399.891780, MSE: 1273145.073735, RMSE: 1128.337305, MAE: 563.856988, rot_MSE: 2218540.750000, rot_RMSE: 1489.476685, rot_MAE: 1277.354370, trans_MSE: 184.846466, trans_RMSE: 13.595825, trans_MAE: 8.945072
==TRAIN==
A--------->B
EPOCH:: 186, Loss: 233.241186, Cycle Loss:, 33.214820, MSE: 1148367.499609, RMSE: 1071.619102, MAE: 558.429803, rot_MSE: 2265526.750000, rot_RMSE: 1505.166626, rot_MAE: 1305.206299, trans_MSE: 199.819321, trans_RMSE: 14.135746, trans_MAE: 6.631561
B--------->A
EPOCH:: 186, Loss: 233.241186, MSE: 1148383.688932, RMSE: 1071.626656, MAE: 553.347840, rot_MSE: 2266025.500000, rot_RMSE: 1505.332397, rot_MAE: 1305.410034, trans_MSE: 136.316498, trans_RMSE: 11.675466, trans_MAE: 6.717377
==TEST==
A--------->B
EPOCH:: 186, Loss: 1770.429907, Cycle Loss: 262.160233, MSE: 1275309.184401, RMSE: 1129.295880, MAE: 561.955973, rot_MSE: 2211974.500000, rot_RMSE: 1487.270874, rot_MAE: 1274.640503, trans_MSE: 1507.978882, trans_RMSE: 38.832703, trans_MAE: 24.014385
B--------->A
EPOCH:: 186, Loss: 1770.429907, MSE: 1274841.680398, RMSE: 1129.088872, MAE: 565.396213, rot_MSE: 2215448.500000, rot_RMSE: 1488.438232, rot_MAE: 1276.631470, trans_MSE: 829.742188, trans_RMSE: 28.805246, trans_MAE: 19.769651
==BEST TEST==
A--------->B
EPOCH:: 186, Loss: 399.891780, Cycle Loss: 51.661619, MSE: 1273122.390560, RMSE: 1128.327253, MAE: 561.152348, rot_MSE: 2209342.500000, rot_RMSE: 1486.385742, rot_MAE: 1273.860962, trans_MSE: 348.009766, trans_RMSE: 18.655020, trans_MAE: 11.109338
B--------->A
EPOCH:: 186, Loss: 399.891780, MSE: 1273145.073735, RMSE: 1128.337305, MAE: 563.856988, rot_MSE: 2218540.750000, rot_RMSE: 1489.476685, rot_MAE: 1277.354370, trans_MSE: 184.846466, trans_RMSE: 13.595825, trans_MAE: 8.945072
==TRAIN==
A--------->B
EPOCH:: 187, Loss: 130.873218, Cycle Loss:, 26.985854, MSE: 1137918.019401, RMSE: 1066.732403, MAE: 555.554436, rot_MSE: 2261543.750000, rot_RMSE: 1503.843018, rot_MAE: 1303.851196, trans_MSE: 103.695549, trans_RMSE: 10.183101, trans_MAE: 6.010242
B--------->A
EPOCH:: 187, Loss: 130.873218, MSE: 1137937.356250, RMSE: 1066.741466, MAE: 548.725848, rot_MSE: 2269884.000000, rot_RMSE: 1506.613403, rot_MAE: 1305.926270, trans_MSE: 168.320526, trans_RMSE: 12.973840, trans_MAE: 6.861667
==TEST==
A--------->B
EPOCH:: 187, Loss: 1100.746518, Cycle Loss: 156.616084, MSE: 1274700.537190, RMSE: 1129.026367, MAE: 561.655763, rot_MSE: 2206104.000000, rot_RMSE: 1485.295898, rot_MAE: 1272.854004, trans_MSE: 943.862671, trans_RMSE: 30.722347, trans_MAE: 18.224289
B--------->A
EPOCH:: 187, Loss: 1100.746518, MSE: 1274380.333419, RMSE: 1128.884553, MAE: 565.313162, rot_MSE: 2219954.750000, rot_RMSE: 1489.951294, rot_MAE: 1277.833008, trans_MSE: 500.085327, trans_RMSE: 22.362587, trans_MAE: 15.166444
==BEST TEST==
A--------->B
EPOCH:: 187, Loss: 399.891780, Cycle Loss: 51.661619, MSE: 1273122.390560, RMSE: 1128.327253, MAE: 561.152348, rot_MSE: 2209342.500000, rot_RMSE: 1486.385742, rot_MAE: 1273.860962, trans_MSE: 348.009766, trans_RMSE: 18.655020, trans_MAE: 11.109338
B--------->A
EPOCH:: 187, Loss: 399.891780, MSE: 1273145.073735, RMSE: 1128.337305, MAE: 563.856988, rot_MSE: 2218540.750000, rot_RMSE: 1489.476685, rot_MAE: 1277.354370, trans_MSE: 184.846466, trans_RMSE: 13.595825, trans_MAE: 8.945072
==TRAIN==
A--------->B
EPOCH:: 188, Loss: 123.585235, Cycle Loss:, 22.896675, MSE: 1131762.165690, RMSE: 1063.843111, MAE: 555.503629, rot_MSE: 2276975.750000, rot_RMSE: 1508.965088, rot_MAE: 1309.178345, trans_MSE: 100.481041, trans_RMSE: 10.024023, trans_MAE: 6.002494
B--------->A
EPOCH:: 188, Loss: 123.585235, MSE: 1131740.732487, RMSE: 1063.833038, MAE: 549.546060, rot_MSE: 2276369.750000, rot_RMSE: 1508.764282, rot_MAE: 1309.343628, trans_MSE: 140.455841, trans_RMSE: 11.851407, trans_MAE: 6.680177
==TEST==
A--------->B
EPOCH:: 188, Loss: 1024.379992, Cycle Loss: 137.708028, MSE: 1274325.770145, RMSE: 1128.860386, MAE: 561.825521, rot_MSE: 2205065.500000, rot_RMSE: 1484.946289, rot_MAE: 1272.983276, trans_MSE: 886.403748, trans_RMSE: 29.772533, trans_MAE: 17.270582
B--------->A
EPOCH:: 188, Loss: 1024.379992, MSE: 1273866.382102, RMSE: 1128.656893, MAE: 564.961714, rot_MSE: 2220116.250000, rot_RMSE: 1490.005493, rot_MAE: 1277.890015, trans_MSE: 372.607727, trans_RMSE: 19.303049, trans_MAE: 12.913290
==BEST TEST==
A--------->B
EPOCH:: 188, Loss: 399.891780, Cycle Loss: 51.661619, MSE: 1273122.390560, RMSE: 1128.327253, MAE: 561.152348, rot_MSE: 2209342.500000, rot_RMSE: 1486.385742, rot_MAE: 1273.860962, trans_MSE: 348.009766, trans_RMSE: 18.655020, trans_MAE: 11.109338
B--------->A
EPOCH:: 188, Loss: 399.891780, MSE: 1273145.073735, RMSE: 1128.337305, MAE: 563.856988, rot_MSE: 2218540.750000, rot_RMSE: 1489.476685, rot_MAE: 1277.354370, trans_MSE: 184.846466, trans_RMSE: 13.595825, trans_MAE: 8.945072
==TRAIN==
A--------->B
EPOCH:: 189, Loss: 154.776792, Cycle Loss:, 29.864807, MSE: 1147118.252865, RMSE: 1071.036065, MAE: 557.318620, rot_MSE: 2260623.750000, rot_RMSE: 1503.537109, rot_MAE: 1303.082275, trans_MSE: 124.725197, trans_RMSE: 11.168043, trans_MAE: 6.043245
B--------->A
EPOCH:: 189, Loss: 154.776792, MSE: 1147101.187826, RMSE: 1071.028099, MAE: 551.036626, rot_MSE: 2261766.500000, rot_RMSE: 1503.916992, rot_MAE: 1303.516479, trans_MSE: 172.494888, trans_RMSE: 13.133731, trans_MAE: 6.723798
==TEST==
A--------->B
EPOCH:: 189, Loss: 4521.111834, Cycle Loss: 429.219437, MSE: 1276510.672069, RMSE: 1129.827718, MAE: 563.267138, rot_MSE: 2210830.500000, rot_RMSE: 1486.886230, rot_MAE: 1275.382202, trans_MSE: 4091.656250, trans_RMSE: 63.966057, trans_MAE: 22.829403
B--------->A
EPOCH:: 189, Loss: 4521.111834, MSE: 1273803.691761, RMSE: 1128.629121, MAE: 565.907835, rot_MSE: 2218666.250000, rot_RMSE: 1489.518799, rot_MAE: 1277.710571, trans_MSE: 252.792526, trans_RMSE: 15.899450, trans_MAE: 10.375838
==BEST TEST==
A--------->B
EPOCH:: 189, Loss: 399.891780, Cycle Loss: 51.661619, MSE: 1273122.390560, RMSE: 1128.327253, MAE: 561.152348, rot_MSE: 2209342.500000, rot_RMSE: 1486.385742, rot_MAE: 1273.860962, trans_MSE: 348.009766, trans_RMSE: 18.655020, trans_MAE: 11.109338
B--------->A
EPOCH:: 189, Loss: 399.891780, MSE: 1273145.073735, RMSE: 1128.337305, MAE: 563.856988, rot_MSE: 2218540.750000, rot_RMSE: 1489.476685, rot_MAE: 1277.354370, trans_MSE: 184.846466, trans_RMSE: 13.595825, trans_MAE: 8.945072
==TRAIN==
A--------->B
EPOCH:: 190, Loss: 170.266936, Cycle Loss:, 26.761775, MSE: 1148191.059245, RMSE: 1071.536775, MAE: 558.108818, rot_MSE: 2273640.500000, rot_RMSE: 1507.859619, rot_MAE: 1308.206665, trans_MSE: 143.304657, trans_RMSE: 11.970992, trans_MAE: 6.187501
B--------->A
EPOCH:: 190, Loss: 170.266936, MSE: 1148105.992318, RMSE: 1071.497080, MAE: 552.402576, rot_MSE: 2275305.250000, rot_RMSE: 1508.411499, rot_MAE: 1308.409424, trans_MSE: 133.954208, trans_RMSE: 11.573859, trans_MAE: 6.666054
==TEST==
A--------->B
EPOCH:: 190, Loss: 1216.828277, Cycle Loss: 173.766295, MSE: 1274940.104791, RMSE: 1129.132457, MAE: 562.223513, rot_MSE: 2204642.750000, rot_RMSE: 1484.803955, rot_MAE: 1270.482910, trans_MSE: 1042.776123, trans_RMSE: 32.292046, trans_MAE: 18.915739
B--------->A
EPOCH:: 190, Loss: 1216.828277, MSE: 1274531.705385, RMSE: 1128.951596, MAE: 563.111825, rot_MSE: 2224619.250000, rot_RMSE: 1491.515747, rot_MAE: 1277.703857, trans_MSE: 546.014893, trans_RMSE: 23.366962, trans_MAE: 15.422515
==BEST TEST==
A--------->B
EPOCH:: 190, Loss: 399.891780, Cycle Loss: 51.661619, MSE: 1273122.390560, RMSE: 1128.327253, MAE: 561.152348, rot_MSE: 2209342.500000, rot_RMSE: 1486.385742, rot_MAE: 1273.860962, trans_MSE: 348.009766, trans_RMSE: 18.655020, trans_MAE: 11.109338
B--------->A
EPOCH:: 190, Loss: 399.891780, MSE: 1273145.073735, RMSE: 1128.337305, MAE: 563.856988, rot_MSE: 2218540.750000, rot_RMSE: 1489.476685, rot_MAE: 1277.354370, trans_MSE: 184.846466, trans_RMSE: 13.595825, trans_MAE: 8.945072
==TRAIN==
A--------->B
EPOCH:: 191, Loss: 140.881502, Cycle Loss:, 26.846917, MSE: 1147934.305990, RMSE: 1071.416962, MAE: 558.380817, rot_MSE: 2267045.000000, rot_RMSE: 1505.670898, rot_MAE: 1304.917603, trans_MSE: 113.830772, trans_RMSE: 10.669150, trans_MAE: 5.969935
B--------->A
EPOCH:: 191, Loss: 140.881502, MSE: 1147891.431641, RMSE: 1071.396953, MAE: 554.227609, rot_MSE: 2266400.000000, rot_RMSE: 1505.456787, rot_MAE: 1305.062988, trans_MSE: 144.553543, trans_RMSE: 12.023042, trans_MAE: 6.445986
==TEST==
A--------->B
EPOCH:: 191, Loss: 1149.934258, Cycle Loss: 156.264733, MSE: 1274654.786480, RMSE: 1129.006106, MAE: 562.077779, rot_MSE: 2204475.000000, rot_RMSE: 1484.747437, rot_MAE: 1272.564941, trans_MSE: 993.398865, trans_RMSE: 31.518230, trans_MAE: 18.362707
B--------->A
EPOCH:: 191, Loss: 1149.934258, MSE: 1274175.046617, RMSE: 1128.793624, MAE: 564.101271, rot_MSE: 2221624.500000, rot_RMSE: 1490.511475, rot_MAE: 1278.743164, trans_MSE: 425.377838, trans_RMSE: 20.624689, trans_MAE: 13.770255
==BEST TEST==
A--------->B
EPOCH:: 191, Loss: 399.891780, Cycle Loss: 51.661619, MSE: 1273122.390560, RMSE: 1128.327253, MAE: 561.152348, rot_MSE: 2209342.500000, rot_RMSE: 1486.385742, rot_MAE: 1273.860962, trans_MSE: 348.009766, trans_RMSE: 18.655020, trans_MAE: 11.109338
B--------->A
EPOCH:: 191, Loss: 399.891780, MSE: 1273145.073735, RMSE: 1128.337305, MAE: 563.856988, rot_MSE: 2218540.750000, rot_RMSE: 1489.476685, rot_MAE: 1277.354370, trans_MSE: 184.846466, trans_RMSE: 13.595825, trans_MAE: 8.945072
==TRAIN==
A--------->B
EPOCH:: 192, Loss: 149.977794, Cycle Loss:, 26.696251, MSE: 1146549.794466, RMSE: 1070.770654, MAE: 557.576125, rot_MSE: 2263287.750000, rot_RMSE: 1504.422729, rot_MAE: 1304.002441, trans_MSE: 123.082077, trans_RMSE: 11.094236, trans_MAE: 6.119306
B--------->A
EPOCH:: 192, Loss: 149.977794, MSE: 1146571.407552, RMSE: 1070.780747, MAE: 551.041744, rot_MSE: 2265728.000000, rot_RMSE: 1505.233521, rot_MAE: 1304.270142, trans_MSE: 153.818985, trans_RMSE: 12.402378, trans_MAE: 6.618713
==TEST==
A--------->B
EPOCH:: 192, Loss: 1337.030871, Cycle Loss: 169.564723, MSE: 1274654.829997, RMSE: 1129.006125, MAE: 562.533827, rot_MSE: 2207619.500000, rot_RMSE: 1485.806030, rot_MAE: 1274.429443, trans_MSE: 1167.180054, trans_RMSE: 34.164017, trans_MAE: 18.533215
B--------->A
EPOCH:: 192, Loss: 1337.030871, MSE: 1274041.679042, RMSE: 1128.734548, MAE: 564.931336, rot_MSE: 2221014.500000, rot_RMSE: 1490.306885, rot_MAE: 1278.375000, trans_MSE: 388.513397, trans_RMSE: 19.710743, trans_MAE: 12.964166
==BEST TEST==
A--------->B
EPOCH:: 192, Loss: 399.891780, Cycle Loss: 51.661619, MSE: 1273122.390560, RMSE: 1128.327253, MAE: 561.152348, rot_MSE: 2209342.500000, rot_RMSE: 1486.385742, rot_MAE: 1273.860962, trans_MSE: 348.009766, trans_RMSE: 18.655020, trans_MAE: 11.109338
B--------->A
EPOCH:: 192, Loss: 399.891780, MSE: 1273145.073735, RMSE: 1128.337305, MAE: 563.856988, rot_MSE: 2218540.750000, rot_RMSE: 1489.476685, rot_MAE: 1277.354370, trans_MSE: 184.846466, trans_RMSE: 13.595825, trans_MAE: 8.945072
==TRAIN==
A--------->B
EPOCH:: 193, Loss: 117.183431, Cycle Loss:, 23.537864, MSE: 1147575.104297, RMSE: 1071.249319, MAE: 557.794990, rot_MSE: 2266266.000000, rot_RMSE: 1505.412231, rot_MAE: 1305.052612, trans_MSE: 93.444252, trans_RMSE: 9.666656, trans_MAE: 5.689010
B--------->A
EPOCH:: 193, Loss: 117.183431, MSE: 1147445.753906, RMSE: 1071.188944, MAE: 551.358239, rot_MSE: 2268789.250000, rot_RMSE: 1506.250122, rot_MAE: 1304.945801, trans_MSE: 149.421204, trans_RMSE: 12.223797, trans_MAE: 6.791380
==TEST==
A--------->B
EPOCH:: 193, Loss: 3199.068726, Cycle Loss: 338.158655, MSE: 1275898.343750, RMSE: 1129.556702, MAE: 563.014566, rot_MSE: 2204641.750000, rot_RMSE: 1484.803589, rot_MAE: 1273.476440, trans_MSE: 2860.634277, trans_RMSE: 53.484898, trans_MAE: 22.552454
B--------->A
EPOCH:: 193, Loss: 3199.068726, MSE: 1273931.132361, RMSE: 1128.685577, MAE: 565.673351, rot_MSE: 2220411.500000, rot_RMSE: 1490.104492, rot_MAE: 1278.271484, trans_MSE: 396.717468, trans_RMSE: 19.917768, trans_MAE: 13.165220
==BEST TEST==
A--------->B
EPOCH:: 193, Loss: 399.891780, Cycle Loss: 51.661619, MSE: 1273122.390560, RMSE: 1128.327253, MAE: 561.152348, rot_MSE: 2209342.500000, rot_RMSE: 1486.385742, rot_MAE: 1273.860962, trans_MSE: 348.009766, trans_RMSE: 18.655020, trans_MAE: 11.109338
B--------->A
EPOCH:: 193, Loss: 399.891780, MSE: 1273145.073735, RMSE: 1128.337305, MAE: 563.856988, rot_MSE: 2218540.750000, rot_RMSE: 1489.476685, rot_MAE: 1277.354370, trans_MSE: 184.846466, trans_RMSE: 13.595825, trans_MAE: 8.945072
==TRAIN==
A--------->B
EPOCH:: 194, Loss: 138.163366, Cycle Loss:, 23.713711, MSE: 1148100.110807, RMSE: 1071.494335, MAE: 558.612609, rot_MSE: 2268319.750000, rot_RMSE: 1506.094238, rot_MAE: 1305.202759, trans_MSE: 114.248016, trans_RMSE: 10.688686, trans_MAE: 5.994538
B--------->A
EPOCH:: 194, Loss: 138.163366, MSE: 1148371.996615, RMSE: 1071.621200, MAE: 552.750387, rot_MSE: 2273969.000000, rot_RMSE: 1507.968506, rot_MAE: 1306.747437, trans_MSE: 142.497360, trans_RMSE: 11.937225, trans_MAE: 6.674504
==TEST==
A--------->B
EPOCH:: 194, Loss: 1597.087868, Cycle Loss: 237.716389, MSE: 1275113.120803, RMSE: 1129.209069, MAE: 561.989466, rot_MSE: 2215645.000000, rot_RMSE: 1488.504272, rot_MAE: 1273.674438, trans_MSE: 1359.062866, trans_RMSE: 36.865471, trans_MAE: 22.231840
B--------->A
EPOCH:: 194, Loss: 1597.087868, MSE: 1274673.275633, RMSE: 1129.014294, MAE: 564.500982, rot_MSE: 2217695.500000, rot_RMSE: 1489.192871, rot_MAE: 1276.556030, trans_MSE: 777.404968, trans_RMSE: 27.881983, trans_MAE: 18.945620
==BEST TEST==
A--------->B
EPOCH:: 194, Loss: 399.891780, Cycle Loss: 51.661619, MSE: 1273122.390560, RMSE: 1128.327253, MAE: 561.152348, rot_MSE: 2209342.500000, rot_RMSE: 1486.385742, rot_MAE: 1273.860962, trans_MSE: 348.009766, trans_RMSE: 18.655020, trans_MAE: 11.109338
B--------->A
EPOCH:: 194, Loss: 399.891780, MSE: 1273145.073735, RMSE: 1128.337305, MAE: 563.856988, rot_MSE: 2218540.750000, rot_RMSE: 1489.476685, rot_MAE: 1277.354370, trans_MSE: 184.846466, trans_RMSE: 13.595825, trans_MAE: 8.945072
==TRAIN==
A--------->B
EPOCH:: 195, Loss: 121.960217, Cycle Loss:, 23.491768, MSE: 1147620.550391, RMSE: 1071.270531, MAE: 557.896516, rot_MSE: 2269313.000000, rot_RMSE: 1506.423950, rot_MAE: 1306.425903, trans_MSE: 98.265083, trans_RMSE: 9.912874, trans_MAE: 5.781967
B--------->A
EPOCH:: 195, Loss: 121.960217, MSE: 1147637.866406, RMSE: 1071.278613, MAE: 551.465899, rot_MSE: 2270407.000000, rot_RMSE: 1506.786987, rot_MAE: 1307.013916, trans_MSE: 151.518753, trans_RMSE: 12.309296, trans_MAE: 6.793556
==TEST==
A--------->B
EPOCH:: 195, Loss: 2028.734343, Cycle Loss: 263.535288, MSE: 1275096.312758, RMSE: 1129.201626, MAE: 562.678617, rot_MSE: 2193993.000000, rot_RMSE: 1481.213379, rot_MAE: 1267.954834, trans_MSE: 1764.921875, trans_RMSE: 42.010975, trans_MAE: 23.494850
B--------->A
EPOCH:: 195, Loss: 2028.734343, MSE: 1274256.650891, RMSE: 1128.829771, MAE: 565.539992, rot_MSE: 2215767.500000, rot_RMSE: 1488.545410, rot_MAE: 1276.521851, trans_MSE: 636.370178, trans_RMSE: 25.226379, trans_MAE: 16.878893
==BEST TEST==
A--------->B
EPOCH:: 195, Loss: 399.891780, Cycle Loss: 51.661619, MSE: 1273122.390560, RMSE: 1128.327253, MAE: 561.152348, rot_MSE: 2209342.500000, rot_RMSE: 1486.385742, rot_MAE: 1273.860962, trans_MSE: 348.009766, trans_RMSE: 18.655020, trans_MAE: 11.109338
B--------->A
EPOCH:: 195, Loss: 399.891780, MSE: 1273145.073735, RMSE: 1128.337305, MAE: 563.856988, rot_MSE: 2218540.750000, rot_RMSE: 1489.476685, rot_MAE: 1277.354370, trans_MSE: 184.846466, trans_RMSE: 13.595825, trans_MAE: 8.945072
==TRAIN==
A--------->B
EPOCH:: 196, Loss: 123.279972, Cycle Loss:, 23.478381, MSE: 1147744.677474, RMSE: 1071.328464, MAE: 557.929045, rot_MSE: 2262647.500000, rot_RMSE: 1504.209961, rot_MAE: 1303.851074, trans_MSE: 99.602043, trans_RMSE: 9.980083, trans_MAE: 5.709355
B--------->A
EPOCH:: 196, Loss: 123.279972, MSE: 1147798.736719, RMSE: 1071.353694, MAE: 552.019284, rot_MSE: 2267408.250000, rot_RMSE: 1505.791626, rot_MAE: 1305.193237, trans_MSE: 129.560379, trans_RMSE: 11.382460, trans_MAE: 6.570463
==TEST==
A--------->B
EPOCH:: 196, Loss: 1442.597965, Cycle Loss: 212.457567, MSE: 1275274.597947, RMSE: 1129.280567, MAE: 562.275978, rot_MSE: 2211291.250000, rot_RMSE: 1487.041138, rot_MAE: 1273.358521, trans_MSE: 1229.834961, trans_RMSE: 35.069004, trans_MAE: 20.933725
B--------->A
EPOCH:: 196, Loss: 1442.597965, MSE: 1274871.237280, RMSE: 1129.101961, MAE: 563.822548, rot_MSE: 2219578.500000, rot_RMSE: 1489.824951, rot_MAE: 1276.827515, trans_MSE: 686.197815, trans_RMSE: 26.195377, trans_MAE: 17.538559
==BEST TEST==
A--------->B
EPOCH:: 196, Loss: 399.891780, Cycle Loss: 51.661619, MSE: 1273122.390560, RMSE: 1128.327253, MAE: 561.152348, rot_MSE: 2209342.500000, rot_RMSE: 1486.385742, rot_MAE: 1273.860962, trans_MSE: 348.009766, trans_RMSE: 18.655020, trans_MAE: 11.109338
B--------->A
EPOCH:: 196, Loss: 399.891780, MSE: 1273145.073735, RMSE: 1128.337305, MAE: 563.856988, rot_MSE: 2218540.750000, rot_RMSE: 1489.476685, rot_MAE: 1277.354370, trans_MSE: 184.846466, trans_RMSE: 13.595825, trans_MAE: 8.945072
==TRAIN==
A--------->B
EPOCH:: 197, Loss: 121.175458, Cycle Loss:, 24.535113, MSE: 1136385.541406, RMSE: 1066.013856, MAE: 554.515146, rot_MSE: 2264969.750000, rot_RMSE: 1504.981689, rot_MAE: 1305.033936, trans_MSE: 96.444099, trans_RMSE: 9.820596, trans_MAE: 5.720603
B--------->A
EPOCH:: 197, Loss: 121.175458, MSE: 1136398.172526, RMSE: 1066.019781, MAE: 549.044569, rot_MSE: 2271124.500000, rot_RMSE: 1507.025024, rot_MAE: 1307.035278, trans_MSE: 159.072281, trans_RMSE: 12.612386, trans_MAE: 6.795022
==TEST==
A--------->B
EPOCH:: 197, Loss: 1241.823627, Cycle Loss: 179.423819, MSE: 1275075.971720, RMSE: 1129.192619, MAE: 562.195228, rot_MSE: 2211998.750000, rot_RMSE: 1487.278931, rot_MAE: 1273.926270, trans_MSE: 1062.110352, trans_RMSE: 32.590034, trans_MAE: 19.192213
B--------->A
EPOCH:: 197, Loss: 1241.823627, MSE: 1274626.359827, RMSE: 1128.993516, MAE: 564.038312, rot_MSE: 2217190.000000, rot_RMSE: 1489.023193, rot_MAE: 1276.439575, trans_MSE: 532.606262, trans_RMSE: 23.078264, trans_MAE: 15.285029
==BEST TEST==
A--------->B
EPOCH:: 197, Loss: 399.891780, Cycle Loss: 51.661619, MSE: 1273122.390560, RMSE: 1128.327253, MAE: 561.152348, rot_MSE: 2209342.500000, rot_RMSE: 1486.385742, rot_MAE: 1273.860962, trans_MSE: 348.009766, trans_RMSE: 18.655020, trans_MAE: 11.109338
B--------->A
EPOCH:: 197, Loss: 399.891780, MSE: 1273145.073735, RMSE: 1128.337305, MAE: 563.856988, rot_MSE: 2218540.750000, rot_RMSE: 1489.476685, rot_MAE: 1277.354370, trans_MSE: 184.846466, trans_RMSE: 13.595825, trans_MAE: 8.945072
==TRAIN==
A--------->B
EPOCH:: 198, Loss: 115.382692, Cycle Loss:, 22.760227, MSE: 1124053.811914, RMSE: 1060.214041, MAE: 554.407695, rot_MSE: 2265501.500000, rot_RMSE: 1505.158325, rot_MAE: 1304.874146, trans_MSE: 92.414429, trans_RMSE: 9.613242, trans_MAE: 5.705489
B--------->A
EPOCH:: 198, Loss: 115.382692, MSE: 1124057.701042, RMSE: 1060.215875, MAE: 548.142580, rot_MSE: 2269818.000000, rot_RMSE: 1506.591553, rot_MAE: 1306.144775, trans_MSE: 147.589890, trans_RMSE: 12.148658, trans_MAE: 6.794755
==TEST==
A--------->B
EPOCH:: 198, Loss: 991.740816, Cycle Loss: 130.064656, MSE: 1274306.249096, RMSE: 1128.851739, MAE: 561.975131, rot_MSE: 2206341.750000, rot_RMSE: 1485.375977, rot_MAE: 1273.433228, trans_MSE: 861.408142, trans_RMSE: 29.349756, trans_MAE: 16.660719
B--------->A
EPOCH:: 198, Loss: 991.740816, MSE: 1273858.997805, RMSE: 1128.653622, MAE: 564.701532, rot_MSE: 2221474.000000, rot_RMSE: 1490.461060, rot_MAE: 1278.422485, trans_MSE: 334.260986, trans_RMSE: 18.282806, trans_MAE: 12.105550
==BEST TEST==
A--------->B
EPOCH:: 198, Loss: 399.891780, Cycle Loss: 51.661619, MSE: 1273122.390560, RMSE: 1128.327253, MAE: 561.152348, rot_MSE: 2209342.500000, rot_RMSE: 1486.385742, rot_MAE: 1273.860962, trans_MSE: 348.009766, trans_RMSE: 18.655020, trans_MAE: 11.109338
B--------->A
EPOCH:: 198, Loss: 399.891780, MSE: 1273145.073735, RMSE: 1128.337305, MAE: 563.856988, rot_MSE: 2218540.750000, rot_RMSE: 1489.476685, rot_MAE: 1277.354370, trans_MSE: 184.846466, trans_RMSE: 13.595825, trans_MAE: 8.945072
==TRAIN==
A--------->B
EPOCH:: 199, Loss: 159.969510, Cycle Loss:, 33.042218, MSE: 1147031.471745, RMSE: 1070.995552, MAE: 558.352788, rot_MSE: 2271947.500000, rot_RMSE: 1507.298096, rot_MAE: 1306.967407, trans_MSE: 126.725716, trans_RMSE: 11.257252, trans_MAE: 6.218476
B--------->A
EPOCH:: 199, Loss: 159.969510, MSE: 1147128.044401, RMSE: 1071.040636, MAE: 551.943603, rot_MSE: 2273861.250000, rot_RMSE: 1507.932739, rot_MAE: 1307.536255, trans_MSE: 214.129303, trans_RMSE: 14.633158, trans_MAE: 7.208404
==TEST==
A--------->B
EPOCH:: 199, Loss: 1496.162688, Cycle Loss: 213.075093, MSE: 1275523.055010, RMSE: 1129.390568, MAE: 562.591036, rot_MSE: 2205378.000000, rot_RMSE: 1485.051514, rot_MAE: 1271.229736, trans_MSE: 1282.785767, trans_RMSE: 35.815998, trans_MAE: 21.475506
B--------->A
EPOCH:: 199, Loss: 1496.162688, MSE: 1275088.608600, RMSE: 1129.198215, MAE: 564.397831, rot_MSE: 2219837.000000, rot_RMSE: 1489.911743, rot_MAE: 1277.260376, trans_MSE: 634.204224, trans_RMSE: 25.183413, trans_MAE: 16.791876
==BEST TEST==
A--------->B
EPOCH:: 199, Loss: 399.891780, Cycle Loss: 51.661619, MSE: 1273122.390560, RMSE: 1128.327253, MAE: 561.152348, rot_MSE: 2209342.500000, rot_RMSE: 1486.385742, rot_MAE: 1273.860962, trans_MSE: 348.009766, trans_RMSE: 18.655020, trans_MAE: 11.109338
B--------->A
EPOCH:: 199, Loss: 399.891780, MSE: 1273145.073735, RMSE: 1128.337305, MAE: 563.856988, rot_MSE: 2218540.750000, rot_RMSE: 1489.476685, rot_MAE: 1277.354370, trans_MSE: 184.846466, trans_RMSE: 13.595825, trans_MAE: 8.945072
==TRAIN==
A--------->B
EPOCH:: 200, Loss: 1343.351198, Cycle Loss:, 131.994269, MSE: 1135478.138932, RMSE: 1065.588166, MAE: 555.004663, rot_MSE: 2271416.500000, rot_RMSE: 1507.121948, rot_MAE: 1307.280396, trans_MSE: 1211.161133, trans_RMSE: 34.801739, trans_MAE: 7.690936
B--------->A
EPOCH:: 200, Loss: 1343.351198, MSE: 1134804.026042, RMSE: 1065.271809, MAE: 551.148348, rot_MSE: 2270842.250000, rot_RMSE: 1506.931396, rot_MAE: 1306.647949, trans_MSE: 124.789680, trans_RMSE: 11.170930, trans_MAE: 6.331706
==TEST==
A--------->B
EPOCH:: 200, Loss: 5489.544441, Cycle Loss: 517.549005, MSE: 1276829.731792, RMSE: 1129.968907, MAE: 563.777610, rot_MSE: 2209785.500000, rot_RMSE: 1486.534668, rot_MAE: 1274.338623, trans_MSE: 4971.775391, trans_RMSE: 70.510818, trans_MAE: 20.467058
B--------->A
EPOCH:: 200, Loss: 5489.544441, MSE: 1273442.776601, RMSE: 1128.469218, MAE: 563.761202, rot_MSE: 2216800.750000, rot_RMSE: 1488.892456, rot_MAE: 1276.728882, trans_MSE: 230.386658, trans_RMSE: 15.178493, trans_MAE: 8.742862
==BEST TEST==
A--------->B
EPOCH:: 200, Loss: 399.891780, Cycle Loss: 51.661619, MSE: 1273122.390560, RMSE: 1128.327253, MAE: 561.152348, rot_MSE: 2209342.500000, rot_RMSE: 1486.385742, rot_MAE: 1273.860962, trans_MSE: 348.009766, trans_RMSE: 18.655020, trans_MAE: 11.109338
B--------->A
EPOCH:: 200, Loss: 399.891780, MSE: 1273145.073735, RMSE: 1128.337305, MAE: 563.856988, rot_MSE: 2218540.750000, rot_RMSE: 1489.476685, rot_MAE: 1277.354370, trans_MSE: 184.846466, trans_RMSE: 13.595825, trans_MAE: 8.945072
==TRAIN==
A--------->B
EPOCH:: 201, Loss: 186.749675, Cycle Loss:, 28.158453, MSE: 1147627.611328, RMSE: 1071.273826, MAE: 557.921907, rot_MSE: 2262945.250000, rot_RMSE: 1504.308838, rot_MAE: 1303.663696, trans_MSE: 158.373886, trans_RMSE: 12.584669, trans_MAE: 5.958529
B--------->A
EPOCH:: 201, Loss: 186.749675, MSE: 1147538.058919, RMSE: 1071.232029, MAE: 550.858628, rot_MSE: 2265787.750000, rot_RMSE: 1505.253418, rot_MAE: 1303.690430, trans_MSE: 126.559723, trans_RMSE: 11.249877, trans_MAE: 6.346302
==TEST==
A--------->B
EPOCH:: 201, Loss: 973.279288, Cycle Loss: 131.343213, MSE: 1274601.029248, RMSE: 1128.982298, MAE: 562.235898, rot_MSE: 2206348.750000, rot_RMSE: 1485.378296, rot_MAE: 1273.761597, trans_MSE: 841.647217, trans_RMSE: 29.011156, trans_MAE: 16.555435
B--------->A
EPOCH:: 201, Loss: 973.279288, MSE: 1274235.232309, RMSE: 1128.820283, MAE: 563.866372, rot_MSE: 2219103.750000, rot_RMSE: 1489.665649, rot_MAE: 1277.766235, trans_MSE: 347.344696, trans_RMSE: 18.637186, trans_MAE: 12.349553
==BEST TEST==
A--------->B
EPOCH:: 201, Loss: 399.891780, Cycle Loss: 51.661619, MSE: 1273122.390560, RMSE: 1128.327253, MAE: 561.152348, rot_MSE: 2209342.500000, rot_RMSE: 1486.385742, rot_MAE: 1273.860962, trans_MSE: 348.009766, trans_RMSE: 18.655020, trans_MAE: 11.109338
B--------->A
EPOCH:: 201, Loss: 399.891780, MSE: 1273145.073735, RMSE: 1128.337305, MAE: 563.856988, rot_MSE: 2218540.750000, rot_RMSE: 1489.476685, rot_MAE: 1277.354370, trans_MSE: 184.846466, trans_RMSE: 13.595825, trans_MAE: 8.945072
==TRAIN==
A--------->B
EPOCH:: 202, Loss: 143.481873, Cycle Loss:, 29.856539, MSE: 1132662.035807, RMSE: 1064.265961, MAE: 555.896905, rot_MSE: 2270111.750000, rot_RMSE: 1506.688965, rot_MAE: 1306.961792, trans_MSE: 113.431686, trans_RMSE: 10.650432, trans_MAE: 5.791014
B--------->A
EPOCH:: 202, Loss: 143.481873, MSE: 1132740.307943, RMSE: 1064.302733, MAE: 549.261497, rot_MSE: 2268212.250000, rot_RMSE: 1506.058472, rot_MAE: 1306.554810, trans_MSE: 164.085083, trans_RMSE: 12.809570, trans_MAE: 6.810731
==TEST==
A--------->B
EPOCH:: 202, Loss: 1213.726660, Cycle Loss: 173.703570, MSE: 1274781.728241, RMSE: 1129.062323, MAE: 561.841065, rot_MSE: 2205164.250000, rot_RMSE: 1484.979492, rot_MAE: 1271.601440, trans_MSE: 1039.747437, trans_RMSE: 32.245113, trans_MAE: 19.060736
B--------->A
EPOCH:: 202, Loss: 1213.726660, MSE: 1274327.695506, RMSE: 1128.861238, MAE: 564.798056, rot_MSE: 2222172.500000, rot_RMSE: 1490.695312, rot_MAE: 1277.697510, trans_MSE: 538.066223, trans_RMSE: 23.196255, trans_MAE: 15.575068
==BEST TEST==
A--------->B
EPOCH:: 202, Loss: 399.891780, Cycle Loss: 51.661619, MSE: 1273122.390560, RMSE: 1128.327253, MAE: 561.152348, rot_MSE: 2209342.500000, rot_RMSE: 1486.385742, rot_MAE: 1273.860962, trans_MSE: 348.009766, trans_RMSE: 18.655020, trans_MAE: 11.109338
B--------->A
EPOCH:: 202, Loss: 399.891780, MSE: 1273145.073735, RMSE: 1128.337305, MAE: 563.856988, rot_MSE: 2218540.750000, rot_RMSE: 1489.476685, rot_MAE: 1277.354370, trans_MSE: 184.846466, trans_RMSE: 13.595825, trans_MAE: 8.945072
==TRAIN==
A--------->B
EPOCH:: 203, Loss: 117.997567, Cycle Loss:, 20.982029, MSE: 1123337.447266, RMSE: 1059.876147, MAE: 553.374900, rot_MSE: 2266411.750000, rot_RMSE: 1505.460693, rot_MAE: 1305.176270, trans_MSE: 96.818916, trans_RMSE: 9.839661, trans_MAE: 5.581222
B--------->A
EPOCH:: 203, Loss: 117.997567, MSE: 1123433.081055, RMSE: 1059.921262, MAE: 546.063426, rot_MSE: 2270624.250000, rot_RMSE: 1506.859009, rot_MAE: 1306.651123, trans_MSE: 131.251755, trans_RMSE: 11.456516, trans_MAE: 6.560905
==TEST==
A--------->B
EPOCH:: 203, Loss: 1646.885773, Cycle Loss: 242.064820, MSE: 1275580.579481, RMSE: 1129.416035, MAE: 562.429657, rot_MSE: 2199418.750000, rot_RMSE: 1483.043701, rot_MAE: 1269.576416, trans_MSE: 1404.532227, trans_RMSE: 37.477089, trans_MAE: 23.025055
B--------->A
EPOCH:: 203, Loss: 1646.885773, MSE: 1275057.848851, RMSE: 1129.184595, MAE: 563.638058, rot_MSE: 2218491.500000, rot_RMSE: 1489.460083, rot_MAE: 1278.020630, trans_MSE: 782.143250, trans_RMSE: 27.966824, trans_MAE: 18.834208
==BEST TEST==
A--------->B
EPOCH:: 203, Loss: 399.891780, Cycle Loss: 51.661619, MSE: 1273122.390560, RMSE: 1128.327253, MAE: 561.152348, rot_MSE: 2209342.500000, rot_RMSE: 1486.385742, rot_MAE: 1273.860962, trans_MSE: 348.009766, trans_RMSE: 18.655020, trans_MAE: 11.109338
B--------->A
EPOCH:: 203, Loss: 399.891780, MSE: 1273145.073735, RMSE: 1128.337305, MAE: 563.856988, rot_MSE: 2218540.750000, rot_RMSE: 1489.476685, rot_MAE: 1277.354370, trans_MSE: 184.846466, trans_RMSE: 13.595825, trans_MAE: 8.945072
==TRAIN==
A--------->B
EPOCH:: 204, Loss: 117.302800, Cycle Loss:, 21.165404, MSE: 1148705.789453, RMSE: 1071.776931, MAE: 558.214928, rot_MSE: 2260647.500000, rot_RMSE: 1503.544922, rot_MAE: 1302.662842, trans_MSE: 95.927986, trans_RMSE: 9.794283, trans_MAE: 5.657696
B--------->A
EPOCH:: 204, Loss: 117.302800, MSE: 1148773.755599, RMSE: 1071.808638, MAE: 551.529471, rot_MSE: 2260796.000000, rot_RMSE: 1503.594360, rot_MAE: 1303.107666, trans_MSE: 121.281944, trans_RMSE: 11.012808, trans_MAE: 6.347322
==TEST==
A--------->B
EPOCH:: 204, Loss: 1652.528906, Cycle Loss: 207.688348, MSE: 1275018.555462, RMSE: 1129.167196, MAE: 562.338547, rot_MSE: 2205019.250000, rot_RMSE: 1484.930664, rot_MAE: 1272.765869, trans_MSE: 1444.569946, trans_RMSE: 38.007500, trans_MAE: 20.431818
B--------->A
EPOCH:: 204, Loss: 1652.528906, MSE: 1274186.143595, RMSE: 1128.798540, MAE: 564.305363, rot_MSE: 2220930.000000, rot_RMSE: 1490.278442, rot_MAE: 1278.639282, trans_MSE: 456.050323, trans_RMSE: 21.355335, trans_MAE: 14.208725
==BEST TEST==
A--------->B
EPOCH:: 204, Loss: 399.891780, Cycle Loss: 51.661619, MSE: 1273122.390560, RMSE: 1128.327253, MAE: 561.152348, rot_MSE: 2209342.500000, rot_RMSE: 1486.385742, rot_MAE: 1273.860962, trans_MSE: 348.009766, trans_RMSE: 18.655020, trans_MAE: 11.109338
B--------->A
EPOCH:: 204, Loss: 399.891780, MSE: 1273145.073735, RMSE: 1128.337305, MAE: 563.856988, rot_MSE: 2218540.750000, rot_RMSE: 1489.476685, rot_MAE: 1277.354370, trans_MSE: 184.846466, trans_RMSE: 13.595825, trans_MAE: 8.945072
==TRAIN==
A--------->B
EPOCH:: 205, Loss: 119.854653, Cycle Loss:, 26.537254, MSE: 1138340.266797, RMSE: 1066.930301, MAE: 555.649284, rot_MSE: 2261418.000000, rot_RMSE: 1503.801147, rot_MAE: 1303.070068, trans_MSE: 93.111259, trans_RMSE: 9.649418, trans_MAE: 5.486750
B--------->A
EPOCH:: 205, Loss: 119.854653, MSE: 1138416.745117, RMSE: 1066.966141, MAE: 549.734153, rot_MSE: 2263493.250000, rot_RMSE: 1504.490967, rot_MAE: 1304.381592, trans_MSE: 163.071869, trans_RMSE: 12.769959, trans_MAE: 6.613700
==TEST==
A--------->B
EPOCH:: 205, Loss: 2030.497995, Cycle Loss: 259.884539, MSE: 1275686.348011, RMSE: 1129.462858, MAE: 562.754564, rot_MSE: 2208669.000000, rot_RMSE: 1486.159180, rot_MAE: 1271.878296, trans_MSE: 1770.327515, trans_RMSE: 42.075260, trans_MAE: 23.300856
B--------->A
EPOCH:: 205, Loss: 2030.497995, MSE: 1274870.661351, RMSE: 1129.101705, MAE: 563.533930, rot_MSE: 2215896.000000, rot_RMSE: 1488.588623, rot_MAE: 1276.645264, trans_MSE: 606.162292, trans_RMSE: 24.620363, trans_MAE: 16.678593
==BEST TEST==
A--------->B
EPOCH:: 205, Loss: 399.891780, Cycle Loss: 51.661619, MSE: 1273122.390560, RMSE: 1128.327253, MAE: 561.152348, rot_MSE: 2209342.500000, rot_RMSE: 1486.385742, rot_MAE: 1273.860962, trans_MSE: 348.009766, trans_RMSE: 18.655020, trans_MAE: 11.109338
B--------->A
EPOCH:: 205, Loss: 399.891780, MSE: 1273145.073735, RMSE: 1128.337305, MAE: 563.856988, rot_MSE: 2218540.750000, rot_RMSE: 1489.476685, rot_MAE: 1277.354370, trans_MSE: 184.846466, trans_RMSE: 13.595825, trans_MAE: 8.945072
==TRAIN==
A--------->B
EPOCH:: 206, Loss: 137.184601, Cycle Loss:, 25.017763, MSE: 1147985.193750, RMSE: 1071.440709, MAE: 557.998535, rot_MSE: 2264171.500000, rot_RMSE: 1504.716431, rot_MAE: 1303.443237, trans_MSE: 111.969986, trans_RMSE: 10.581587, trans_MAE: 5.947471
B--------->A
EPOCH:: 206, Loss: 137.184601, MSE: 1148182.383464, RMSE: 1071.532726, MAE: 551.688894, rot_MSE: 2264219.750000, rot_RMSE: 1504.732422, rot_MAE: 1303.853516, trans_MSE: 156.026398, trans_RMSE: 12.491053, trans_MAE: 6.640660
==TEST==
A--------->B
EPOCH:: 206, Loss: 1660.946969, Cycle Loss: 245.148653, MSE: 1275643.206676, RMSE: 1129.443760, MAE: 562.317757, rot_MSE: 2205330.250000, rot_RMSE: 1485.035400, rot_MAE: 1271.984619, trans_MSE: 1415.490234, trans_RMSE: 37.623001, trans_MAE: 22.652752
B--------->A
EPOCH:: 206, Loss: 1660.946969, MSE: 1275058.015883, RMSE: 1129.184669, MAE: 561.806940, rot_MSE: 2219328.250000, rot_RMSE: 1489.740967, rot_MAE: 1276.857056, trans_MSE: 807.008667, trans_RMSE: 28.407898, trans_MAE: 19.074121
==BEST TEST==
A--------->B
EPOCH:: 206, Loss: 399.891780, Cycle Loss: 51.661619, MSE: 1273122.390560, RMSE: 1128.327253, MAE: 561.152348, rot_MSE: 2209342.500000, rot_RMSE: 1486.385742, rot_MAE: 1273.860962, trans_MSE: 348.009766, trans_RMSE: 18.655020, trans_MAE: 11.109338
B--------->A
EPOCH:: 206, Loss: 399.891780, MSE: 1273145.073735, RMSE: 1128.337305, MAE: 563.856988, rot_MSE: 2218540.750000, rot_RMSE: 1489.476685, rot_MAE: 1277.354370, trans_MSE: 184.846466, trans_RMSE: 13.595825, trans_MAE: 8.945072
==TRAIN==
A--------->B
EPOCH:: 207, Loss: 134.602664, Cycle Loss:, 21.803340, MSE: 1148107.967057, RMSE: 1071.498001, MAE: 558.110008, rot_MSE: 2267982.250000, rot_RMSE: 1505.982178, rot_MAE: 1305.824829, trans_MSE: 112.594849, trans_RMSE: 10.611072, trans_MAE: 5.840184
B--------->A
EPOCH:: 207, Loss: 134.602664, MSE: 1148266.978906, RMSE: 1071.572200, MAE: 552.706955, rot_MSE: 2269119.750000, rot_RMSE: 1506.359741, rot_MAE: 1305.845093, trans_MSE: 127.905769, trans_RMSE: 11.309544, trans_MAE: 6.462621
==TEST==
A--------->B
EPOCH:: 207, Loss: 2105.261239, Cycle Loss: 252.093599, MSE: 1275324.525374, RMSE: 1129.302672, MAE: 562.502518, rot_MSE: 2205444.250000, rot_RMSE: 1485.073853, rot_MAE: 1273.152588, trans_MSE: 1852.902222, trans_RMSE: 43.045349, trans_MAE: 22.001595
B--------->A
EPOCH:: 207, Loss: 2105.261239, MSE: 1274176.150891, RMSE: 1128.794114, MAE: 564.627523, rot_MSE: 2220453.750000, rot_RMSE: 1490.118652, rot_MAE: 1278.622559, trans_MSE: 472.792969, trans_RMSE: 21.743803, trans_MAE: 14.516614
==BEST TEST==
A--------->B
EPOCH:: 207, Loss: 399.891780, Cycle Loss: 51.661619, MSE: 1273122.390560, RMSE: 1128.327253, MAE: 561.152348, rot_MSE: 2209342.500000, rot_RMSE: 1486.385742, rot_MAE: 1273.860962, trans_MSE: 348.009766, trans_RMSE: 18.655020, trans_MAE: 11.109338
B--------->A
EPOCH:: 207, Loss: 399.891780, MSE: 1273145.073735, RMSE: 1128.337305, MAE: 563.856988, rot_MSE: 2218540.750000, rot_RMSE: 1489.476685, rot_MAE: 1277.354370, trans_MSE: 184.846466, trans_RMSE: 13.595825, trans_MAE: 8.945072
==TRAIN==
A--------->B
EPOCH:: 208, Loss: 121.533229, Cycle Loss:, 24.679805, MSE: 1148739.522656, RMSE: 1071.792668, MAE: 558.499010, rot_MSE: 2267230.500000, rot_RMSE: 1505.732544, rot_MAE: 1305.402832, trans_MSE: 96.657051, trans_RMSE: 9.831431, trans_MAE: 5.649374
B--------->A
EPOCH:: 208, Loss: 121.533229, MSE: 1148690.650391, RMSE: 1071.769868, MAE: 551.059469, rot_MSE: 2268701.500000, rot_RMSE: 1506.220947, rot_MAE: 1305.520386, trans_MSE: 141.471130, trans_RMSE: 11.894164, trans_MAE: 6.648436
==TEST==
A--------->B
EPOCH:: 208, Loss: 1166.482798, Cycle Loss: 165.864118, MSE: 1275238.946862, RMSE: 1129.264782, MAE: 562.082881, rot_MSE: 2203245.750000, rot_RMSE: 1484.333496, rot_MAE: 1270.968262, trans_MSE: 1000.329529, trans_RMSE: 31.627987, trans_MAE: 18.534466
B--------->A
EPOCH:: 208, Loss: 1166.482798, MSE: 1274950.430721, RMSE: 1129.137029, MAE: 563.267533, rot_MSE: 2220923.500000, rot_RMSE: 1490.276367, rot_MAE: 1276.633301, trans_MSE: 509.766663, trans_RMSE: 22.578012, trans_MAE: 14.926404
==BEST TEST==
A--------->B
EPOCH:: 208, Loss: 399.891780, Cycle Loss: 51.661619, MSE: 1273122.390560, RMSE: 1128.327253, MAE: 561.152348, rot_MSE: 2209342.500000, rot_RMSE: 1486.385742, rot_MAE: 1273.860962, trans_MSE: 348.009766, trans_RMSE: 18.655020, trans_MAE: 11.109338
B--------->A
EPOCH:: 208, Loss: 399.891780, MSE: 1273145.073735, RMSE: 1128.337305, MAE: 563.856988, rot_MSE: 2218540.750000, rot_RMSE: 1489.476685, rot_MAE: 1277.354370, trans_MSE: 184.846466, trans_RMSE: 13.595825, trans_MAE: 8.945072
==TRAIN==
A--------->B
EPOCH:: 209, Loss: 173.712807, Cycle Loss:, 34.671803, MSE: 1148673.713867, RMSE: 1071.761967, MAE: 558.535329, rot_MSE: 2272071.750000, rot_RMSE: 1507.339355, rot_MAE: 1307.164185, trans_MSE: 138.839478, trans_RMSE: 11.783016, trans_MAE: 6.201148
B--------->A
EPOCH:: 209, Loss: 173.712807, MSE: 1148722.172005, RMSE: 1071.784574, MAE: 551.175940, rot_MSE: 2274503.750000, rot_RMSE: 1508.145752, rot_MAE: 1308.334473, trans_MSE: 186.140839, trans_RMSE: 13.643344, trans_MAE: 6.660486
==TEST==
A--------->B
EPOCH:: 209, Loss: 689.823806, Cycle Loss: 90.821614, MSE: 1273744.370351, RMSE: 1128.602840, MAE: 561.548017, rot_MSE: 2214376.750000, rot_RMSE: 1488.078247, rot_MAE: 1276.058838, trans_MSE: 598.746033, trans_RMSE: 24.469288, trans_MAE: 13.732341
B--------->A
EPOCH:: 209, Loss: 689.823806, MSE: 1273439.040612, RMSE: 1128.467563, MAE: 564.176110, rot_MSE: 2218056.750000, rot_RMSE: 1489.314209, rot_MAE: 1276.398682, trans_MSE: 235.885284, trans_RMSE: 15.358558, trans_MAE: 10.212106
==BEST TEST==
A--------->B
EPOCH:: 209, Loss: 399.891780, Cycle Loss: 51.661619, MSE: 1273122.390560, RMSE: 1128.327253, MAE: 561.152348, rot_MSE: 2209342.500000, rot_RMSE: 1486.385742, rot_MAE: 1273.860962, trans_MSE: 348.009766, trans_RMSE: 18.655020, trans_MAE: 11.109338
B--------->A
EPOCH:: 209, Loss: 399.891780, MSE: 1273145.073735, RMSE: 1128.337305, MAE: 563.856988, rot_MSE: 2218540.750000, rot_RMSE: 1489.476685, rot_MAE: 1277.354370, trans_MSE: 184.846466, trans_RMSE: 13.595825, trans_MAE: 8.945072
==TRAIN==
A--------->B
EPOCH:: 210, Loss: 147.322108, Cycle Loss:, 23.769288, MSE: 1135868.862500, RMSE: 1065.771487, MAE: 554.490280, rot_MSE: 2271373.500000, rot_RMSE: 1507.107666, rot_MAE: 1307.326904, trans_MSE: 123.344490, trans_RMSE: 11.106056, trans_MAE: 5.913849
B--------->A
EPOCH:: 210, Loss: 147.322108, MSE: 1135865.587826, RMSE: 1065.769951, MAE: 548.251404, rot_MSE: 2269255.250000, rot_RMSE: 1506.404785, rot_MAE: 1306.221680, trans_MSE: 134.155319, trans_RMSE: 11.582543, trans_MAE: 6.617868
==TEST==
A--------->B
EPOCH:: 210, Loss: 1199.477832, Cycle Loss: 170.113574, MSE: 1274773.198735, RMSE: 1129.058545, MAE: 562.026775, rot_MSE: 2207245.750000, rot_RMSE: 1485.680176, rot_MAE: 1272.132690, trans_MSE: 1029.084595, trans_RMSE: 32.079350, trans_MAE: 18.982409
B--------->A
EPOCH:: 210, Loss: 1199.477832, MSE: 1274344.417485, RMSE: 1128.868645, MAE: 564.361044, rot_MSE: 2223357.750000, rot_RMSE: 1491.092773, rot_MAE: 1278.285034, trans_MSE: 506.157013, trans_RMSE: 22.497934, trans_MAE: 14.913831
==BEST TEST==
A--------->B
EPOCH:: 210, Loss: 399.891780, Cycle Loss: 51.661619, MSE: 1273122.390560, RMSE: 1128.327253, MAE: 561.152348, rot_MSE: 2209342.500000, rot_RMSE: 1486.385742, rot_MAE: 1273.860962, trans_MSE: 348.009766, trans_RMSE: 18.655020, trans_MAE: 11.109338
B--------->A
EPOCH:: 210, Loss: 399.891780, MSE: 1273145.073735, RMSE: 1128.337305, MAE: 563.856988, rot_MSE: 2218540.750000, rot_RMSE: 1489.476685, rot_MAE: 1277.354370, trans_MSE: 184.846466, trans_RMSE: 13.595825, trans_MAE: 8.945072
==TRAIN==
A--------->B
EPOCH:: 211, Loss: 139.840216, Cycle Loss:, 25.108320, MSE: 1148522.608724, RMSE: 1071.691471, MAE: 558.401067, rot_MSE: 2268084.500000, rot_RMSE: 1506.016113, rot_MAE: 1306.319580, trans_MSE: 114.533791, trans_RMSE: 10.702046, trans_MAE: 5.721057
B--------->A
EPOCH:: 211, Loss: 139.840216, MSE: 1148539.199219, RMSE: 1071.699211, MAE: 550.858856, rot_MSE: 2267731.250000, rot_RMSE: 1505.898804, rot_MAE: 1306.586792, trans_MSE: 138.614395, trans_RMSE: 11.773461, trans_MAE: 6.499727
==TEST==
A--------->B
EPOCH:: 211, Loss: 2920.685552, Cycle Loss: 302.400626, MSE: 1275399.428654, RMSE: 1129.335835, MAE: 562.247719, rot_MSE: 2211876.000000, rot_RMSE: 1487.237671, rot_MAE: 1275.466919, trans_MSE: 2618.042969, trans_RMSE: 51.166817, trans_MAE: 20.523849
B--------->A
EPOCH:: 211, Loss: 2920.685552, MSE: 1273585.503680, RMSE: 1128.532456, MAE: 564.878530, rot_MSE: 2219846.250000, rot_RMSE: 1489.914795, rot_MAE: 1277.635376, trans_MSE: 275.198151, trans_RMSE: 16.589098, trans_MAE: 11.026935
==BEST TEST==
A--------->B
EPOCH:: 211, Loss: 399.891780, Cycle Loss: 51.661619, MSE: 1273122.390560, RMSE: 1128.327253, MAE: 561.152348, rot_MSE: 2209342.500000, rot_RMSE: 1486.385742, rot_MAE: 1273.860962, trans_MSE: 348.009766, trans_RMSE: 18.655020, trans_MAE: 11.109338
B--------->A
EPOCH:: 211, Loss: 399.891780, MSE: 1273145.073735, RMSE: 1128.337305, MAE: 563.856988, rot_MSE: 2218540.750000, rot_RMSE: 1489.476685, rot_MAE: 1277.354370, trans_MSE: 184.846466, trans_RMSE: 13.595825, trans_MAE: 8.945072
==TRAIN==
A--------->B
EPOCH:: 212, Loss: 160.583095, Cycle Loss:, 27.746541, MSE: 1147005.125846, RMSE: 1070.983252, MAE: 557.483764, rot_MSE: 2268942.000000, rot_RMSE: 1506.300781, rot_MAE: 1306.380371, trans_MSE: 132.632675, trans_RMSE: 11.516626, trans_MAE: 6.251826
B--------->A
EPOCH:: 212, Loss: 160.583095, MSE: 1147036.114062, RMSE: 1070.997719, MAE: 550.188683, rot_MSE: 2266480.000000, rot_RMSE: 1505.483276, rot_MAE: 1306.636475, trans_MSE: 140.572372, trans_RMSE: 11.856322, trans_MAE: 6.506086
==TEST==
A--------->B
EPOCH:: 212, Loss: 2085.700452, Cycle Loss: 323.141755, MSE: 1275546.761299, RMSE: 1129.401063, MAE: 562.912300, rot_MSE: 2214584.000000, rot_RMSE: 1488.147827, rot_MAE: 1273.985229, trans_MSE: 1762.226196, trans_RMSE: 41.978878, trans_MAE: 25.749580
B--------->A
EPOCH:: 212, Loss: 2085.700452, MSE: 1274803.251098, RMSE: 1129.071854, MAE: 562.547929, rot_MSE: 2220506.500000, rot_RMSE: 1490.136353, rot_MAE: 1278.121094, trans_MSE: 1017.113892, trans_RMSE: 31.892223, trans_MAE: 21.724985
==BEST TEST==
A--------->B
EPOCH:: 212, Loss: 399.891780, Cycle Loss: 51.661619, MSE: 1273122.390560, RMSE: 1128.327253, MAE: 561.152348, rot_MSE: 2209342.500000, rot_RMSE: 1486.385742, rot_MAE: 1273.860962, trans_MSE: 348.009766, trans_RMSE: 18.655020, trans_MAE: 11.109338
B--------->A
EPOCH:: 212, Loss: 399.891780, MSE: 1273145.073735, RMSE: 1128.337305, MAE: 563.856988, rot_MSE: 2218540.750000, rot_RMSE: 1489.476685, rot_MAE: 1277.354370, trans_MSE: 184.846466, trans_RMSE: 13.595825, trans_MAE: 8.945072
==TRAIN==
A--------->B
EPOCH:: 213, Loss: 108.992020, Cycle Loss:, 21.607411, MSE: 1147748.686328, RMSE: 1071.330335, MAE: 557.902993, rot_MSE: 2261346.750000, rot_RMSE: 1503.777466, rot_MAE: 1302.952393, trans_MSE: 87.187973, trans_RMSE: 9.337450, trans_MAE: 5.586241
B--------->A
EPOCH:: 213, Loss: 108.992020, MSE: 1147769.400260, RMSE: 1071.340002, MAE: 550.972440, rot_MSE: 2261293.250000, rot_RMSE: 1503.759766, rot_MAE: 1303.313232, trans_MSE: 131.657654, trans_RMSE: 11.474216, trans_MAE: 6.638054
==TEST==
A--------->B
EPOCH:: 213, Loss: 1200.746429, Cycle Loss: 170.514007, MSE: 1274677.528151, RMSE: 1129.016177, MAE: 561.881598, rot_MSE: 2205345.750000, rot_RMSE: 1485.040649, rot_MAE: 1271.378296, trans_MSE: 1029.955933, trans_RMSE: 32.092926, trans_MAE: 19.104143
B--------->A
EPOCH:: 213, Loss: 1200.746429, MSE: 1274264.668388, RMSE: 1128.833322, MAE: 564.021026, rot_MSE: 2223465.500000, rot_RMSE: 1491.128906, rot_MAE: 1278.020630, trans_MSE: 521.549500, trans_RMSE: 22.837458, trans_MAE: 15.246902
==BEST TEST==
A--------->B
EPOCH:: 213, Loss: 399.891780, Cycle Loss: 51.661619, MSE: 1273122.390560, RMSE: 1128.327253, MAE: 561.152348, rot_MSE: 2209342.500000, rot_RMSE: 1486.385742, rot_MAE: 1273.860962, trans_MSE: 348.009766, trans_RMSE: 18.655020, trans_MAE: 11.109338
B--------->A
EPOCH:: 213, Loss: 399.891780, MSE: 1273145.073735, RMSE: 1128.337305, MAE: 563.856988, rot_MSE: 2218540.750000, rot_RMSE: 1489.476685, rot_MAE: 1277.354370, trans_MSE: 184.846466, trans_RMSE: 13.595825, trans_MAE: 8.945072
==TRAIN==
A--------->B
EPOCH:: 214, Loss: 129.404064, Cycle Loss:, 24.530474, MSE: 1147923.883203, RMSE: 1071.412098, MAE: 558.609826, rot_MSE: 2263355.500000, rot_RMSE: 1504.445190, rot_MAE: 1303.736450, trans_MSE: 104.676216, trans_RMSE: 10.231139, trans_MAE: 5.613626
B--------->A
EPOCH:: 214, Loss: 129.404064, MSE: 1148121.200781, RMSE: 1071.504177, MAE: 553.429545, rot_MSE: 2260016.000000, rot_RMSE: 1503.334961, rot_MAE: 1302.240112, trans_MSE: 146.968811, trans_RMSE: 12.123070, trans_MAE: 6.731813
==TEST==
A--------->B
EPOCH:: 214, Loss: 1057.804173, Cycle Loss: 129.934289, MSE: 1274108.450478, RMSE: 1128.764125, MAE: 561.770817, rot_MSE: 2212985.250000, rot_RMSE: 1487.610596, rot_MAE: 1275.409058, trans_MSE: 927.612976, trans_RMSE: 30.456739, trans_MAE: 15.965995
B--------->A
EPOCH:: 214, Loss: 1057.804173, MSE: 1273572.454610, RMSE: 1128.526674, MAE: 564.379810, rot_MSE: 2216886.750000, rot_RMSE: 1488.921387, rot_MAE: 1276.674072, trans_MSE: 268.175964, trans_RMSE: 16.376080, trans_MAE: 10.982998
==BEST TEST==
A--------->B
EPOCH:: 214, Loss: 399.891780, Cycle Loss: 51.661619, MSE: 1273122.390560, RMSE: 1128.327253, MAE: 561.152348, rot_MSE: 2209342.500000, rot_RMSE: 1486.385742, rot_MAE: 1273.860962, trans_MSE: 348.009766, trans_RMSE: 18.655020, trans_MAE: 11.109338
B--------->A
EPOCH:: 214, Loss: 399.891780, MSE: 1273145.073735, RMSE: 1128.337305, MAE: 563.856988, rot_MSE: 2218540.750000, rot_RMSE: 1489.476685, rot_MAE: 1277.354370, trans_MSE: 184.846466, trans_RMSE: 13.595825, trans_MAE: 8.945072
==TRAIN==
A--------->B
EPOCH:: 215, Loss: 140.310013, Cycle Loss:, 25.068933, MSE: 1147878.410937, RMSE: 1071.390877, MAE: 557.922949, rot_MSE: 2275302.250000, rot_RMSE: 1508.410522, rot_MAE: 1308.751587, trans_MSE: 115.033287, trans_RMSE: 10.725357, trans_MAE: 6.111174
B--------->A
EPOCH:: 215, Loss: 140.310013, MSE: 1147856.559375, RMSE: 1071.380679, MAE: 551.813092, rot_MSE: 2273665.250000, rot_RMSE: 1507.867798, rot_MAE: 1308.024048, trans_MSE: 133.121567, trans_RMSE: 11.537832, trans_MAE: 6.540104
==TEST==
A--------->B
EPOCH:: 215, Loss: 1841.775746, Cycle Loss: 270.677315, MSE: 1275682.877002, RMSE: 1129.461322, MAE: 562.794424, rot_MSE: 2206633.500000, rot_RMSE: 1485.474121, rot_MAE: 1272.875977, trans_MSE: 1570.782593, trans_RMSE: 39.633099, trans_MAE: 24.362539
B--------->A
EPOCH:: 215, Loss: 1841.775746, MSE: 1275005.809013, RMSE: 1129.161551, MAE: 561.242026, rot_MSE: 2222691.000000, rot_RMSE: 1490.869263, rot_MAE: 1278.321167, trans_MSE: 882.077454, trans_RMSE: 29.699789, trans_MAE: 20.080122
==BEST TEST==
A--------->B
EPOCH:: 215, Loss: 399.891780, Cycle Loss: 51.661619, MSE: 1273122.390560, RMSE: 1128.327253, MAE: 561.152348, rot_MSE: 2209342.500000, rot_RMSE: 1486.385742, rot_MAE: 1273.860962, trans_MSE: 348.009766, trans_RMSE: 18.655020, trans_MAE: 11.109338
B--------->A
EPOCH:: 215, Loss: 399.891780, MSE: 1273145.073735, RMSE: 1128.337305, MAE: 563.856988, rot_MSE: 2218540.750000, rot_RMSE: 1489.476685, rot_MAE: 1277.354370, trans_MSE: 184.846466, trans_RMSE: 13.595825, trans_MAE: 8.945072
==TRAIN==
A--------->B
EPOCH:: 216, Loss: 138.092198, Cycle Loss:, 25.432703, MSE: 1147563.970964, RMSE: 1071.244123, MAE: 557.848196, rot_MSE: 2270814.500000, rot_RMSE: 1506.922241, rot_MAE: 1307.085938, trans_MSE: 112.449677, trans_RMSE: 10.604229, trans_MAE: 5.931649
B--------->A
EPOCH:: 216, Loss: 138.092198, MSE: 1147833.286589, RMSE: 1071.369818, MAE: 551.760402, rot_MSE: 2270459.500000, rot_RMSE: 1506.804443, rot_MAE: 1306.147827, trans_MSE: 143.097595, trans_RMSE: 11.962340, trans_MAE: 6.497077
==TEST==
A--------->B
EPOCH:: 216, Loss: 1310.160473, Cycle Loss: 169.719001, MSE: 1274668.412126, RMSE: 1129.012140, MAE: 562.049693, rot_MSE: 2204947.250000, rot_RMSE: 1484.906494, rot_MAE: 1272.866699, trans_MSE: 1140.175415, trans_RMSE: 33.766483, trans_MAE: 18.860783
B--------->A
EPOCH:: 216, Loss: 1310.160473, MSE: 1274094.593815, RMSE: 1128.757987, MAE: 564.146657, rot_MSE: 2220082.000000, rot_RMSE: 1489.994019, rot_MAE: 1278.380737, trans_MSE: 407.794250, trans_RMSE: 20.193916, trans_MAE: 13.578660
==BEST TEST==
A--------->B
EPOCH:: 216, Loss: 399.891780, Cycle Loss: 51.661619, MSE: 1273122.390560, RMSE: 1128.327253, MAE: 561.152348, rot_MSE: 2209342.500000, rot_RMSE: 1486.385742, rot_MAE: 1273.860962, trans_MSE: 348.009766, trans_RMSE: 18.655020, trans_MAE: 11.109338
B--------->A
EPOCH:: 216, Loss: 399.891780, MSE: 1273145.073735, RMSE: 1128.337305, MAE: 563.856988, rot_MSE: 2218540.750000, rot_RMSE: 1489.476685, rot_MAE: 1277.354370, trans_MSE: 184.846466, trans_RMSE: 13.595825, trans_MAE: 8.945072
==TRAIN==
A--------->B
EPOCH:: 217, Loss: 148.507071, Cycle Loss:, 24.595769, MSE: 1131831.692448, RMSE: 1063.875788, MAE: 553.809027, rot_MSE: 2271468.500000, rot_RMSE: 1507.139160, rot_MAE: 1306.482666, trans_MSE: 123.706963, trans_RMSE: 11.122363, trans_MAE: 5.958557
B--------->A
EPOCH:: 217, Loss: 148.507071, MSE: 1131965.204167, RMSE: 1063.938534, MAE: 548.807547, rot_MSE: 2270449.750000, rot_RMSE: 1506.801147, rot_MAE: 1306.338501, trans_MSE: 139.219818, trans_RMSE: 11.799145, trans_MAE: 6.483131
==TEST==
A--------->B
EPOCH:: 217, Loss: 1507.127583, Cycle Loss: 186.257525, MSE: 1274627.768401, RMSE: 1128.994140, MAE: 562.187916, rot_MSE: 2209147.500000, rot_RMSE: 1486.320068, rot_MAE: 1273.302124, trans_MSE: 1320.610840, trans_RMSE: 36.340210, trans_MAE: 19.375467
B--------->A
EPOCH:: 217, Loss: 1507.127583, MSE: 1273909.251485, RMSE: 1128.675884, MAE: 563.633284, rot_MSE: 2219175.250000, rot_RMSE: 1489.689697, rot_MAE: 1278.336548, trans_MSE: 395.465057, trans_RMSE: 19.886303, trans_MAE: 13.460515
==BEST TEST==
A--------->B
EPOCH:: 217, Loss: 399.891780, Cycle Loss: 51.661619, MSE: 1273122.390560, RMSE: 1128.327253, MAE: 561.152348, rot_MSE: 2209342.500000, rot_RMSE: 1486.385742, rot_MAE: 1273.860962, trans_MSE: 348.009766, trans_RMSE: 18.655020, trans_MAE: 11.109338
B--------->A
EPOCH:: 217, Loss: 399.891780, MSE: 1273145.073735, RMSE: 1128.337305, MAE: 563.856988, rot_MSE: 2218540.750000, rot_RMSE: 1489.476685, rot_MAE: 1277.354370, trans_MSE: 184.846466, trans_RMSE: 13.595825, trans_MAE: 8.945072
==TRAIN==
A--------->B
EPOCH:: 218, Loss: 138.747808, Cycle Loss:, 25.534318, MSE: 1136337.787760, RMSE: 1065.991458, MAE: 554.975217, rot_MSE: 2262369.000000, rot_RMSE: 1504.117310, rot_MAE: 1303.450562, trans_MSE: 113.005905, trans_RMSE: 10.630424, trans_MAE: 5.881352
B--------->A
EPOCH:: 218, Loss: 138.747808, MSE: 1136335.888672, RMSE: 1065.990567, MAE: 549.345711, rot_MSE: 2264199.000000, rot_RMSE: 1504.725586, rot_MAE: 1303.929565, trans_MSE: 132.037582, trans_RMSE: 11.490761, trans_MAE: 6.398050
==TEST==
A--------->B
EPOCH:: 218, Loss: 1678.259374, Cycle Loss: 247.666405, MSE: 1275422.798102, RMSE: 1129.346182, MAE: 562.303919, rot_MSE: 2211419.250000, rot_RMSE: 1487.084106, rot_MAE: 1273.860596, trans_MSE: 1430.277344, trans_RMSE: 37.819008, trans_MAE: 22.749678
B--------->A
EPOCH:: 218, Loss: 1678.259374, MSE: 1274832.549006, RMSE: 1129.084828, MAE: 562.841056, rot_MSE: 2218482.500000, rot_RMSE: 1489.457153, rot_MAE: 1276.818359, trans_MSE: 800.832153, trans_RMSE: 28.298979, trans_MAE: 18.862635
==BEST TEST==
A--------->B
EPOCH:: 218, Loss: 399.891780, Cycle Loss: 51.661619, MSE: 1273122.390560, RMSE: 1128.327253, MAE: 561.152348, rot_MSE: 2209342.500000, rot_RMSE: 1486.385742, rot_MAE: 1273.860962, trans_MSE: 348.009766, trans_RMSE: 18.655020, trans_MAE: 11.109338
B--------->A
EPOCH:: 218, Loss: 399.891780, MSE: 1273145.073735, RMSE: 1128.337305, MAE: 563.856988, rot_MSE: 2218540.750000, rot_RMSE: 1489.476685, rot_MAE: 1277.354370, trans_MSE: 184.846466, trans_RMSE: 13.595825, trans_MAE: 8.945072
==TRAIN==
A--------->B
EPOCH:: 219, Loss: 127.645923, Cycle Loss:, 25.134289, MSE: 1147332.576563, RMSE: 1071.136115, MAE: 557.712644, rot_MSE: 2270628.250000, rot_RMSE: 1506.860352, rot_MAE: 1306.952026, trans_MSE: 102.309464, trans_RMSE: 10.114814, trans_MAE: 5.740214
B--------->A
EPOCH:: 219, Loss: 127.645923, MSE: 1147687.919792, RMSE: 1071.301974, MAE: 551.588140, rot_MSE: 2272474.000000, rot_RMSE: 1507.472778, rot_MAE: 1307.049194, trans_MSE: 148.459564, trans_RMSE: 12.184399, trans_MAE: 6.672582
==TEST==
A--------->B
EPOCH:: 219, Loss: 1325.863040, Cycle Loss: 191.699883, MSE: 1274667.006521, RMSE: 1129.011517, MAE: 561.787464, rot_MSE: 2207304.000000, rot_RMSE: 1485.699829, rot_MAE: 1272.564087, trans_MSE: 1133.888672, trans_RMSE: 33.673264, trans_MAE: 20.431232
B--------->A
EPOCH:: 219, Loss: 1325.863040, MSE: 1274222.655798, RMSE: 1128.814713, MAE: 564.345988, rot_MSE: 2222432.500000, rot_RMSE: 1490.782471, rot_MAE: 1277.534546, trans_MSE: 592.109436, trans_RMSE: 24.333300, trans_MAE: 16.503275
==BEST TEST==
A--------->B
EPOCH:: 219, Loss: 399.891780, Cycle Loss: 51.661619, MSE: 1273122.390560, RMSE: 1128.327253, MAE: 561.152348, rot_MSE: 2209342.500000, rot_RMSE: 1486.385742, rot_MAE: 1273.860962, trans_MSE: 348.009766, trans_RMSE: 18.655020, trans_MAE: 11.109338
B--------->A
EPOCH:: 219, Loss: 399.891780, MSE: 1273145.073735, RMSE: 1128.337305, MAE: 563.856988, rot_MSE: 2218540.750000, rot_RMSE: 1489.476685, rot_MAE: 1277.354370, trans_MSE: 184.846466, trans_RMSE: 13.595825, trans_MAE: 8.945072
==TRAIN==
A--------->B
EPOCH:: 220, Loss: 161.567644, Cycle Loss:, 26.913309, MSE: 1136859.212891, RMSE: 1066.236002, MAE: 555.939581, rot_MSE: 2268577.500000, rot_RMSE: 1506.179810, rot_MAE: 1306.325928, trans_MSE: 134.445374, trans_RMSE: 11.595058, trans_MAE: 6.012467
B--------->A
EPOCH:: 220, Loss: 161.567644, MSE: 1136808.504427, RMSE: 1066.212223, MAE: 548.938092, rot_MSE: 2268733.500000, rot_RMSE: 1506.231567, rot_MAE: 1305.913452, trans_MSE: 157.442627, trans_RMSE: 12.547614, trans_MAE: 6.800968
==TEST==
A--------->B
EPOCH:: 220, Loss: 873.131440, Cycle Loss: 117.874598, MSE: 1274460.566890, RMSE: 1128.920089, MAE: 561.748396, rot_MSE: 2208992.000000, rot_RMSE: 1486.267822, rot_MAE: 1273.869629, trans_MSE: 754.980042, trans_RMSE: 27.476900, trans_MAE: 15.646635
B--------->A
EPOCH:: 220, Loss: 873.131440, MSE: 1274153.372676, RMSE: 1128.784024, MAE: 564.470795, rot_MSE: 2221808.250000, rot_RMSE: 1490.573120, rot_MAE: 1278.400513, trans_MSE: 329.528717, trans_RMSE: 18.152925, trans_MAE: 12.168143
==BEST TEST==
A--------->B
EPOCH:: 220, Loss: 399.891780, Cycle Loss: 51.661619, MSE: 1273122.390560, RMSE: 1128.327253, MAE: 561.152348, rot_MSE: 2209342.500000, rot_RMSE: 1486.385742, rot_MAE: 1273.860962, trans_MSE: 348.009766, trans_RMSE: 18.655020, trans_MAE: 11.109338
B--------->A
EPOCH:: 220, Loss: 399.891780, MSE: 1273145.073735, RMSE: 1128.337305, MAE: 563.856988, rot_MSE: 2218540.750000, rot_RMSE: 1489.476685, rot_MAE: 1277.354370, trans_MSE: 184.846466, trans_RMSE: 13.595825, trans_MAE: 8.945072
==TRAIN==
A--------->B
EPOCH:: 221, Loss: 144.503077, Cycle Loss:, 31.789034, MSE: 1123771.273307, RMSE: 1060.080786, MAE: 553.310949, rot_MSE: 2260659.250000, rot_RMSE: 1503.548828, rot_MAE: 1303.001831, trans_MSE: 112.514847, trans_RMSE: 10.607302, trans_MAE: 5.892310
B--------->A
EPOCH:: 221, Loss: 144.503077, MSE: 1123793.329427, RMSE: 1060.091189, MAE: 547.042247, rot_MSE: 2258609.750000, rot_RMSE: 1502.867188, rot_MAE: 1302.570679, trans_MSE: 192.811615, trans_RMSE: 13.885662, trans_MAE: 6.601800
==TEST==
A--------->B
EPOCH:: 221, Loss: 1351.109523, Cycle Loss: 195.459167, MSE: 1275132.199703, RMSE: 1129.217517, MAE: 561.881129, rot_MSE: 2207173.750000, rot_RMSE: 1485.656006, rot_MAE: 1270.257812, trans_MSE: 1155.354004, trans_RMSE: 33.990498, trans_MAE: 20.172647
B--------->A
EPOCH:: 221, Loss: 1351.109523, MSE: 1274707.112991, RMSE: 1129.029279, MAE: 563.655860, rot_MSE: 2224826.500000, rot_RMSE: 1491.585205, rot_MAE: 1277.627563, trans_MSE: 615.151672, trans_RMSE: 24.802252, trans_MAE: 16.622744
==BEST TEST==
A--------->B
EPOCH:: 221, Loss: 399.891780, Cycle Loss: 51.661619, MSE: 1273122.390560, RMSE: 1128.327253, MAE: 561.152348, rot_MSE: 2209342.500000, rot_RMSE: 1486.385742, rot_MAE: 1273.860962, trans_MSE: 348.009766, trans_RMSE: 18.655020, trans_MAE: 11.109338
B--------->A
EPOCH:: 221, Loss: 399.891780, MSE: 1273145.073735, RMSE: 1128.337305, MAE: 563.856988, rot_MSE: 2218540.750000, rot_RMSE: 1489.476685, rot_MAE: 1277.354370, trans_MSE: 184.846466, trans_RMSE: 13.595825, trans_MAE: 8.945072
==TRAIN==
A--------->B
EPOCH:: 222, Loss: 131.437862, Cycle Loss:, 22.517738, MSE: 1135815.389583, RMSE: 1065.746400, MAE: 555.510783, rot_MSE: 2264141.250000, rot_RMSE: 1504.706421, rot_MAE: 1304.001099, trans_MSE: 108.717148, trans_RMSE: 10.426751, trans_MAE: 5.913327
B--------->A
EPOCH:: 222, Loss: 131.437862, MSE: 1135844.265104, RMSE: 1065.759947, MAE: 551.483212, rot_MSE: 2264284.000000, rot_RMSE: 1504.753784, rot_MAE: 1304.211548, trans_MSE: 121.247871, trans_RMSE: 11.011261, trans_MAE: 6.246907
==TEST==
A--------->B
EPOCH:: 222, Loss: 1351.967849, Cycle Loss: 171.276580, MSE: 1274585.784026, RMSE: 1128.975546, MAE: 562.371125, rot_MSE: 2205656.750000, rot_RMSE: 1485.145386, rot_MAE: 1273.384644, trans_MSE: 1180.412842, trans_RMSE: 34.357136, trans_MAE: 18.540968
B--------->A
EPOCH:: 222, Loss: 1351.967849, MSE: 1273964.650310, RMSE: 1128.700425, MAE: 564.643624, rot_MSE: 2221128.500000, rot_RMSE: 1490.345093, rot_MAE: 1278.401489, trans_MSE: 387.125031, trans_RMSE: 19.675493, trans_MAE: 13.083241
==BEST TEST==
A--------->B
EPOCH:: 222, Loss: 399.891780, Cycle Loss: 51.661619, MSE: 1273122.390560, RMSE: 1128.327253, MAE: 561.152348, rot_MSE: 2209342.500000, rot_RMSE: 1486.385742, rot_MAE: 1273.860962, trans_MSE: 348.009766, trans_RMSE: 18.655020, trans_MAE: 11.109338
B--------->A
EPOCH:: 222, Loss: 399.891780, MSE: 1273145.073735, RMSE: 1128.337305, MAE: 563.856988, rot_MSE: 2218540.750000, rot_RMSE: 1489.476685, rot_MAE: 1277.354370, trans_MSE: 184.846466, trans_RMSE: 13.595825, trans_MAE: 8.945072
==TRAIN==
A--------->B
EPOCH:: 223, Loss: 150.208244, Cycle Loss:, 24.287957, MSE: 1148002.621810, RMSE: 1071.448842, MAE: 558.177016, rot_MSE: 2264410.000000, rot_RMSE: 1504.795654, rot_MAE: 1304.272217, trans_MSE: 125.718872, trans_RMSE: 11.212442, trans_MAE: 6.136428
B--------->A
EPOCH:: 223, Loss: 150.208244, MSE: 1148005.067383, RMSE: 1071.449984, MAE: 551.688173, rot_MSE: 2261449.500000, rot_RMSE: 1503.811646, rot_MAE: 1303.609497, trans_MSE: 132.189438, trans_RMSE: 11.497367, trans_MAE: 6.460539
==TEST==
A--------->B
EPOCH:: 223, Loss: 2908.162278, Cycle Loss: 309.392328, MSE: 1275851.774664, RMSE: 1129.536088, MAE: 562.858565, rot_MSE: 2209514.750000, rot_RMSE: 1486.443604, rot_MAE: 1273.963013, trans_MSE: 2598.510254, trans_RMSE: 50.975586, trans_MAE: 21.513628
B--------->A
EPOCH:: 223, Loss: 2908.162278, MSE: 1274194.887268, RMSE: 1128.802413, MAE: 564.777697, rot_MSE: 2223984.750000, rot_RMSE: 1491.302979, rot_MAE: 1279.459839, trans_MSE: 359.515137, trans_RMSE: 18.960884, trans_MAE: 12.636883
==BEST TEST==
A--------->B
EPOCH:: 223, Loss: 399.891780, Cycle Loss: 51.661619, MSE: 1273122.390560, RMSE: 1128.327253, MAE: 561.152348, rot_MSE: 2209342.500000, rot_RMSE: 1486.385742, rot_MAE: 1273.860962, trans_MSE: 348.009766, trans_RMSE: 18.655020, trans_MAE: 11.109338
B--------->A
EPOCH:: 223, Loss: 399.891780, MSE: 1273145.073735, RMSE: 1128.337305, MAE: 563.856988, rot_MSE: 2218540.750000, rot_RMSE: 1489.476685, rot_MAE: 1277.354370, trans_MSE: 184.846466, trans_RMSE: 13.595825, trans_MAE: 8.945072
==TRAIN==
A--------->B
EPOCH:: 224, Loss: 142.874830, Cycle Loss:, 28.494848, MSE: 1124613.732552, RMSE: 1060.478068, MAE: 553.940505, rot_MSE: 2262294.750000, rot_RMSE: 1504.092651, rot_MAE: 1303.705566, trans_MSE: 114.183899, trans_RMSE: 10.685687, trans_MAE: 5.741887
B--------->A
EPOCH:: 224, Loss: 142.874830, MSE: 1124561.250130, RMSE: 1060.453323, MAE: 547.035678, rot_MSE: 2262183.750000, rot_RMSE: 1504.055786, rot_MAE: 1303.812866, trans_MSE: 198.204086, trans_RMSE: 14.078497, trans_MAE: 7.052870
==TEST==
A--------->B
EPOCH:: 224, Loss: 782.421688, Cycle Loss: 87.332701, MSE: 1273561.029765, RMSE: 1128.521612, MAE: 561.722090, rot_MSE: 2212645.750000, rot_RMSE: 1487.496460, rot_MAE: 1276.077515, trans_MSE: 694.873230, trans_RMSE: 26.360449, trans_MAE: 11.997669
B--------->A
EPOCH:: 224, Loss: 782.421688, MSE: 1273209.831160, RMSE: 1128.366001, MAE: 562.188379, rot_MSE: 2218089.500000, rot_RMSE: 1489.325195, rot_MAE: 1277.517578, trans_MSE: 159.039734, trans_RMSE: 12.611095, trans_MAE: 6.780354
==BEST TEST==
A--------->B
EPOCH:: 224, Loss: 399.891780, Cycle Loss: 51.661619, MSE: 1273122.390560, RMSE: 1128.327253, MAE: 561.152348, rot_MSE: 2209342.500000, rot_RMSE: 1486.385742, rot_MAE: 1273.860962, trans_MSE: 348.009766, trans_RMSE: 18.655020, trans_MAE: 11.109338
B--------->A
EPOCH:: 224, Loss: 399.891780, MSE: 1273145.073735, RMSE: 1128.337305, MAE: 563.856988, rot_MSE: 2218540.750000, rot_RMSE: 1489.476685, rot_MAE: 1277.354370, trans_MSE: 184.846466, trans_RMSE: 13.595825, trans_MAE: 8.945072
==TRAIN==
A--------->B
EPOCH:: 225, Loss: 134.383520, Cycle Loss:, 25.522430, MSE: 1146256.750065, RMSE: 1070.633808, MAE: 557.183250, rot_MSE: 2262076.000000, rot_RMSE: 1504.019897, rot_MAE: 1303.929565, trans_MSE: 108.660591, trans_RMSE: 10.424039, trans_MAE: 5.858161
B--------->A
EPOCH:: 225, Loss: 134.383520, MSE: 1146294.817708, RMSE: 1070.651586, MAE: 551.161932, rot_MSE: 2263766.500000, rot_RMSE: 1504.581787, rot_MAE: 1304.060059, trans_MSE: 162.564713, trans_RMSE: 12.750087, trans_MAE: 6.820447
==TEST==
A--------->B
EPOCH:: 225, Loss: 2439.341504, Cycle Loss: 299.877479, MSE: 1275812.979339, RMSE: 1129.518915, MAE: 562.782731, rot_MSE: 2209062.000000, rot_RMSE: 1486.291382, rot_MAE: 1272.082520, trans_MSE: 2139.180420, trans_RMSE: 46.251274, trans_MAE: 24.462883
B--------->A
EPOCH:: 225, Loss: 2439.341504, MSE: 1274736.673877, RMSE: 1129.042370, MAE: 564.073726, rot_MSE: 2216446.500000, rot_RMSE: 1488.773438, rot_MAE: 1276.626099, trans_MSE: 613.629578, trans_RMSE: 24.771547, trans_MAE: 16.609552
==BEST TEST==
A--------->B
EPOCH:: 225, Loss: 399.891780, Cycle Loss: 51.661619, MSE: 1273122.390560, RMSE: 1128.327253, MAE: 561.152348, rot_MSE: 2209342.500000, rot_RMSE: 1486.385742, rot_MAE: 1273.860962, trans_MSE: 348.009766, trans_RMSE: 18.655020, trans_MAE: 11.109338
B--------->A
EPOCH:: 225, Loss: 399.891780, MSE: 1273145.073735, RMSE: 1128.337305, MAE: 563.856988, rot_MSE: 2218540.750000, rot_RMSE: 1489.476685, rot_MAE: 1277.354370, trans_MSE: 184.846466, trans_RMSE: 13.595825, trans_MAE: 8.945072
==TRAIN==
A--------->B
EPOCH:: 226, Loss: 129.740804, Cycle Loss:, 22.364056, MSE: 1147098.075391, RMSE: 1071.026646, MAE: 558.071806, rot_MSE: 2271462.000000, rot_RMSE: 1507.136963, rot_MAE: 1306.406128, trans_MSE: 107.171036, trans_RMSE: 10.352345, trans_MAE: 5.838635
B--------->A
EPOCH:: 226, Loss: 129.740804, MSE: 1147168.630859, RMSE: 1071.059583, MAE: 551.459870, rot_MSE: 2270863.750000, rot_RMSE: 1506.938477, rot_MAE: 1306.178589, trans_MSE: 131.202332, trans_RMSE: 11.454359, trans_MAE: 6.451948
==TEST==
A--------->B
EPOCH:: 226, Loss: 1586.509147, Cycle Loss: 227.649816, MSE: 1275564.985085, RMSE: 1129.409131, MAE: 562.709856, rot_MSE: 2204712.500000, rot_RMSE: 1484.827393, rot_MAE: 1272.362549, trans_MSE: 1358.561768, trans_RMSE: 36.858673, trans_MAE: 22.496990
B--------->A
EPOCH:: 226, Loss: 1586.509147, MSE: 1274990.522598, RMSE: 1129.154782, MAE: 564.059638, rot_MSE: 2216926.750000, rot_RMSE: 1488.934814, rot_MAE: 1276.712769, trans_MSE: 703.621216, trans_RMSE: 26.525860, trans_MAE: 17.762125
==BEST TEST==
A--------->B
EPOCH:: 226, Loss: 399.891780, Cycle Loss: 51.661619, MSE: 1273122.390560, RMSE: 1128.327253, MAE: 561.152348, rot_MSE: 2209342.500000, rot_RMSE: 1486.385742, rot_MAE: 1273.860962, trans_MSE: 348.009766, trans_RMSE: 18.655020, trans_MAE: 11.109338
B--------->A
EPOCH:: 226, Loss: 399.891780, MSE: 1273145.073735, RMSE: 1128.337305, MAE: 563.856988, rot_MSE: 2218540.750000, rot_RMSE: 1489.476685, rot_MAE: 1277.354370, trans_MSE: 184.846466, trans_RMSE: 13.595825, trans_MAE: 8.945072
==TRAIN==
A--------->B
EPOCH:: 227, Loss: 151.950415, Cycle Loss:, 27.335521, MSE: 1148426.358138, RMSE: 1071.646564, MAE: 558.313749, rot_MSE: 2262682.750000, rot_RMSE: 1504.221680, rot_MAE: 1303.471313, trans_MSE: 124.407616, trans_RMSE: 11.153816, trans_MAE: 5.906741
B--------->A
EPOCH:: 227, Loss: 151.950415, MSE: 1148366.017904, RMSE: 1071.618411, MAE: 551.313406, rot_MSE: 2262061.250000, rot_RMSE: 1504.015015, rot_MAE: 1303.074707, trans_MSE: 157.503036, trans_RMSE: 12.550021, trans_MAE: 6.796191
==TEST==
A--------->B
EPOCH:: 227, Loss: 2252.594135, Cycle Loss: 245.678135, MSE: 1274901.318311, RMSE: 1129.115281, MAE: 562.361970, rot_MSE: 2212367.250000, rot_RMSE: 1487.402832, rot_MAE: 1275.418945, trans_MSE: 2006.662842, trans_RMSE: 44.795792, trans_MAE: 19.199495
B--------->A
EPOCH:: 227, Loss: 2252.594135, MSE: 1273635.144564, RMSE: 1128.554449, MAE: 564.655230, rot_MSE: 2219906.500000, rot_RMSE: 1489.935059, rot_MAE: 1277.555908, trans_MSE: 300.699127, trans_RMSE: 17.340679, trans_MAE: 11.238793
==BEST TEST==
A--------->B
EPOCH:: 227, Loss: 399.891780, Cycle Loss: 51.661619, MSE: 1273122.390560, RMSE: 1128.327253, MAE: 561.152348, rot_MSE: 2209342.500000, rot_RMSE: 1486.385742, rot_MAE: 1273.860962, trans_MSE: 348.009766, trans_RMSE: 18.655020, trans_MAE: 11.109338
B--------->A
EPOCH:: 227, Loss: 399.891780, MSE: 1273145.073735, RMSE: 1128.337305, MAE: 563.856988, rot_MSE: 2218540.750000, rot_RMSE: 1489.476685, rot_MAE: 1277.354370, trans_MSE: 184.846466, trans_RMSE: 13.595825, trans_MAE: 8.945072
==TRAIN==
A--------->B
EPOCH:: 228, Loss: 135.939553, Cycle Loss:, 24.839026, MSE: 1146198.050260, RMSE: 1070.606394, MAE: 557.627019, rot_MSE: 2268355.250000, rot_RMSE: 1506.105957, rot_MAE: 1305.926392, trans_MSE: 110.893639, trans_RMSE: 10.530605, trans_MAE: 5.884412
B--------->A
EPOCH:: 228, Loss: 135.939553, MSE: 1146117.694271, RMSE: 1070.568865, MAE: 551.366043, rot_MSE: 2269221.500000, rot_RMSE: 1506.393555, rot_MAE: 1305.764282, trans_MSE: 138.936676, trans_RMSE: 11.787140, trans_MAE: 6.532225
==TEST==
A--------->B
EPOCH:: 228, Loss: 1755.220893, Cycle Loss: 264.782064, MSE: 1275243.460163, RMSE: 1129.266780, MAE: 562.313005, rot_MSE: 2212538.500000, rot_RMSE: 1487.460449, rot_MAE: 1273.620483, trans_MSE: 1490.124268, trans_RMSE: 38.602127, trans_MAE: 23.546686
B--------->A
EPOCH:: 228, Loss: 1755.220893, MSE: 1274714.315405, RMSE: 1129.032469, MAE: 565.205557, rot_MSE: 2217654.250000, rot_RMSE: 1489.179077, rot_MAE: 1277.309204, trans_MSE: 858.263611, trans_RMSE: 29.296137, trans_MAE: 19.886845
==BEST TEST==
A--------->B
EPOCH:: 228, Loss: 399.891780, Cycle Loss: 51.661619, MSE: 1273122.390560, RMSE: 1128.327253, MAE: 561.152348, rot_MSE: 2209342.500000, rot_RMSE: 1486.385742, rot_MAE: 1273.860962, trans_MSE: 348.009766, trans_RMSE: 18.655020, trans_MAE: 11.109338
B--------->A
EPOCH:: 228, Loss: 399.891780, MSE: 1273145.073735, RMSE: 1128.337305, MAE: 563.856988, rot_MSE: 2218540.750000, rot_RMSE: 1489.476685, rot_MAE: 1277.354370, trans_MSE: 184.846466, trans_RMSE: 13.595825, trans_MAE: 8.945072
==TRAIN==
A--------->B
EPOCH:: 229, Loss: 161.347922, Cycle Loss:, 28.306475, MSE: 1146156.542318, RMSE: 1070.587008, MAE: 557.121530, rot_MSE: 2266282.000000, rot_RMSE: 1505.417603, rot_MAE: 1304.590576, trans_MSE: 132.838699, trans_RMSE: 11.525567, trans_MAE: 6.059286
B--------->A
EPOCH:: 229, Loss: 161.347922, MSE: 1146124.689453, RMSE: 1070.572132, MAE: 551.075729, rot_MSE: 2266236.000000, rot_RMSE: 1505.402222, rot_MAE: 1305.202026, trans_MSE: 145.909882, trans_RMSE: 12.079316, trans_MAE: 6.840308
==TEST==
A--------->B
EPOCH:: 229, Loss: 1474.028496, Cycle Loss: 200.810576, MSE: 1275229.590457, RMSE: 1129.260639, MAE: 562.539333, rot_MSE: 2207409.250000, rot_RMSE: 1485.735229, rot_MAE: 1272.808105, trans_MSE: 1272.927734, trans_RMSE: 35.678112, trans_MAE: 20.916201
B--------->A
EPOCH:: 229, Loss: 1474.028496, MSE: 1274793.772017, RMSE: 1129.067656, MAE: 564.092775, rot_MSE: 2221814.250000, rot_RMSE: 1490.575195, rot_MAE: 1277.638794, trans_MSE: 545.385864, trans_RMSE: 23.353498, trans_MAE: 15.628850
==BEST TEST==
A--------->B
EPOCH:: 229, Loss: 399.891780, Cycle Loss: 51.661619, MSE: 1273122.390560, RMSE: 1128.327253, MAE: 561.152348, rot_MSE: 2209342.500000, rot_RMSE: 1486.385742, rot_MAE: 1273.860962, trans_MSE: 348.009766, trans_RMSE: 18.655020, trans_MAE: 11.109338
B--------->A
EPOCH:: 229, Loss: 399.891780, MSE: 1273145.073735, RMSE: 1128.337305, MAE: 563.856988, rot_MSE: 2218540.750000, rot_RMSE: 1489.476685, rot_MAE: 1277.354370, trans_MSE: 184.846466, trans_RMSE: 13.595825, trans_MAE: 8.945072
==TRAIN==
A--------->B
EPOCH:: 230, Loss: 138.867266, Cycle Loss:, 22.736419, MSE: 1148364.314844, RMSE: 1071.617616, MAE: 558.435984, rot_MSE: 2261981.750000, rot_RMSE: 1503.988647, rot_MAE: 1304.619629, trans_MSE: 115.928192, trans_RMSE: 10.766995, trans_MAE: 6.132521
B--------->A
EPOCH:: 230, Loss: 138.867266, MSE: 1148299.421875, RMSE: 1071.587337, MAE: 552.807010, rot_MSE: 2266649.000000, rot_RMSE: 1505.539429, rot_MAE: 1305.299072, trans_MSE: 120.257317, trans_RMSE: 10.966189, trans_MAE: 6.213519
==TEST==
A--------->B
EPOCH:: 230, Loss: 1556.022960, Cycle Loss: 221.427683, MSE: 1275201.579481, RMSE: 1129.248236, MAE: 562.500339, rot_MSE: 2211094.250000, rot_RMSE: 1486.974854, rot_MAE: 1273.172485, trans_MSE: 1334.299438, trans_RMSE: 36.528065, trans_MAE: 22.090176
B--------->A
EPOCH:: 230, Loss: 1556.022960, MSE: 1274775.662126, RMSE: 1129.059636, MAE: 564.632643, rot_MSE: 2217897.250000, rot_RMSE: 1489.260620, rot_MAE: 1276.996582, trans_MSE: 668.749512, trans_RMSE: 25.860191, trans_MAE: 17.217766
==BEST TEST==
A--------->B
EPOCH:: 230, Loss: 399.891780, Cycle Loss: 51.661619, MSE: 1273122.390560, RMSE: 1128.327253, MAE: 561.152348, rot_MSE: 2209342.500000, rot_RMSE: 1486.385742, rot_MAE: 1273.860962, trans_MSE: 348.009766, trans_RMSE: 18.655020, trans_MAE: 11.109338
B--------->A
EPOCH:: 230, Loss: 399.891780, MSE: 1273145.073735, RMSE: 1128.337305, MAE: 563.856988, rot_MSE: 2218540.750000, rot_RMSE: 1489.476685, rot_MAE: 1277.354370, trans_MSE: 184.846466, trans_RMSE: 13.595825, trans_MAE: 8.945072
==TRAIN==
A--------->B
EPOCH:: 231, Loss: 127.375638, Cycle Loss:, 28.223274, MSE: 1146269.043099, RMSE: 1070.639549, MAE: 557.231002, rot_MSE: 2262299.500000, rot_RMSE: 1504.094238, rot_MAE: 1304.117188, trans_MSE: 98.952637, trans_RMSE: 9.947494, trans_MAE: 5.732526
B--------->A
EPOCH:: 231, Loss: 127.375638, MSE: 1146238.695964, RMSE: 1070.625376, MAE: 550.458327, rot_MSE: 2266713.000000, rot_RMSE: 1505.560669, rot_MAE: 1305.026245, trans_MSE: 183.451004, trans_RMSE: 13.544409, trans_MAE: 6.681880
==TEST==
A--------->B
EPOCH:: 231, Loss: 1385.426456, Cycle Loss: 200.483086, MSE: 1274896.518530, RMSE: 1129.113156, MAE: 562.437688, rot_MSE: 2209770.000000, rot_RMSE: 1486.529541, rot_MAE: 1271.430908, trans_MSE: 1184.642212, trans_RMSE: 34.418633, trans_MAE: 20.349949
B--------->A
EPOCH:: 231, Loss: 1385.426456, MSE: 1274571.370545, RMSE: 1128.969163, MAE: 563.704829, rot_MSE: 2223067.500000, rot_RMSE: 1490.995483, rot_MAE: 1276.986206, trans_MSE: 642.384399, trans_RMSE: 25.345303, trans_MAE: 17.033924
==BEST TEST==
A--------->B
EPOCH:: 231, Loss: 399.891780, Cycle Loss: 51.661619, MSE: 1273122.390560, RMSE: 1128.327253, MAE: 561.152348, rot_MSE: 2209342.500000, rot_RMSE: 1486.385742, rot_MAE: 1273.860962, trans_MSE: 348.009766, trans_RMSE: 18.655020, trans_MAE: 11.109338
B--------->A
EPOCH:: 231, Loss: 399.891780, MSE: 1273145.073735, RMSE: 1128.337305, MAE: 563.856988, rot_MSE: 2218540.750000, rot_RMSE: 1489.476685, rot_MAE: 1277.354370, trans_MSE: 184.846466, trans_RMSE: 13.595825, trans_MAE: 8.945072
==TRAIN==
A--------->B
EPOCH:: 232, Loss: 9438.502564, Cycle Loss:, 870.927619, MSE: 1154586.794661, RMSE: 1074.517005, MAE: 558.373785, rot_MSE: 2261106.250000, rot_RMSE: 1503.697510, rot_MAE: 1303.435913, trans_MSE: 8567.373047, trans_RMSE: 92.560104, trans_MAE: 11.251637
B--------->A
EPOCH:: 232, Loss: 9438.502564, MSE: 1147956.893099, RMSE: 1071.427502, MAE: 551.156078, rot_MSE: 2265061.250000, rot_RMSE: 1505.012085, rot_MAE: 1305.023926, trans_MSE: 139.112320, trans_RMSE: 11.794589, trans_MAE: 6.415111
==TEST==
A--------->B
EPOCH:: 232, Loss: 1064.754035, Cycle Loss: 148.203065, MSE: 1274704.362022, RMSE: 1129.028061, MAE: 562.154868, rot_MSE: 2207162.750000, rot_RMSE: 1485.652344, rot_MAE: 1273.419189, trans_MSE: 916.269653, trans_RMSE: 30.269947, trans_MAE: 17.585917
B--------->A
EPOCH:: 232, Loss: 1064.754035, MSE: 1274323.289708, RMSE: 1128.859287, MAE: 562.729872, rot_MSE: 2218281.000000, rot_RMSE: 1489.389526, rot_MAE: 1276.860229, trans_MSE: 451.960754, trans_RMSE: 21.259369, trans_MAE: 13.967261
==BEST TEST==
A--------->B
EPOCH:: 232, Loss: 399.891780, Cycle Loss: 51.661619, MSE: 1273122.390560, RMSE: 1128.327253, MAE: 561.152348, rot_MSE: 2209342.500000, rot_RMSE: 1486.385742, rot_MAE: 1273.860962, trans_MSE: 348.009766, trans_RMSE: 18.655020, trans_MAE: 11.109338
B--------->A
EPOCH:: 232, Loss: 399.891780, MSE: 1273145.073735, RMSE: 1128.337305, MAE: 563.856988, rot_MSE: 2218540.750000, rot_RMSE: 1489.476685, rot_MAE: 1277.354370, trans_MSE: 184.846466, trans_RMSE: 13.595825, trans_MAE: 8.945072
==TRAIN==
A--------->B
EPOCH:: 233, Loss: 167.722645, Cycle Loss:, 26.897213, MSE: 1148072.091406, RMSE: 1071.481260, MAE: 558.003773, rot_MSE: 2259714.250000, rot_RMSE: 1503.234619, rot_MAE: 1303.461060, trans_MSE: 140.622314, trans_RMSE: 11.858428, trans_MAE: 6.049996
B--------->A
EPOCH:: 233, Loss: 167.722645, MSE: 1147849.035026, RMSE: 1071.377167, MAE: 552.427126, rot_MSE: 2267108.500000, rot_RMSE: 1505.692017, rot_MAE: 1304.818848, trans_MSE: 146.347824, trans_RMSE: 12.097430, trans_MAE: 6.760429
==TEST==
A--------->B
EPOCH:: 233, Loss: 1358.582506, Cycle Loss: 193.422561, MSE: 1274899.779507, RMSE: 1129.114600, MAE: 562.278425, rot_MSE: 2206815.750000, rot_RMSE: 1485.535522, rot_MAE: 1271.775879, trans_MSE: 1164.876221, trans_RMSE: 34.130283, trans_MAE: 20.510393
B--------->A
EPOCH:: 233, Loss: 1358.582506, MSE: 1274641.630811, RMSE: 1129.000279, MAE: 563.902877, rot_MSE: 2218996.750000, rot_RMSE: 1489.629761, rot_MAE: 1276.455200, trans_MSE: 610.521790, trans_RMSE: 24.708738, trans_MAE: 16.393108
==BEST TEST==
A--------->B
EPOCH:: 233, Loss: 399.891780, Cycle Loss: 51.661619, MSE: 1273122.390560, RMSE: 1128.327253, MAE: 561.152348, rot_MSE: 2209342.500000, rot_RMSE: 1486.385742, rot_MAE: 1273.860962, trans_MSE: 348.009766, trans_RMSE: 18.655020, trans_MAE: 11.109338
B--------->A
EPOCH:: 233, Loss: 399.891780, MSE: 1273145.073735, RMSE: 1128.337305, MAE: 563.856988, rot_MSE: 2218540.750000, rot_RMSE: 1489.476685, rot_MAE: 1277.354370, trans_MSE: 184.846466, trans_RMSE: 13.595825, trans_MAE: 8.945072
==TRAIN==
A--------->B
EPOCH:: 234, Loss: 171.572612, Cycle Loss:, 29.871826, MSE: 1136636.970052, RMSE: 1066.131779, MAE: 554.866006, rot_MSE: 2274933.750000, rot_RMSE: 1508.288330, rot_MAE: 1308.289551, trans_MSE: 141.493057, trans_RMSE: 11.895085, trans_MAE: 6.276005
B--------->A
EPOCH:: 234, Loss: 171.572612, MSE: 1136609.839583, RMSE: 1066.119055, MAE: 550.220684, rot_MSE: 2274929.000000, rot_RMSE: 1508.286743, rot_MAE: 1308.784546, trans_MSE: 164.826157, trans_RMSE: 12.838464, trans_MAE: 6.806988
==TEST==
A--------->B
EPOCH:: 234, Loss: 1495.767598, Cycle Loss: 186.983182, MSE: 1274982.986377, RMSE: 1129.151445, MAE: 562.520865, rot_MSE: 2207309.750000, rot_RMSE: 1485.701782, rot_MAE: 1273.700195, trans_MSE: 1308.512573, trans_RMSE: 36.173367, trans_MAE: 19.319403
B--------->A
EPOCH:: 234, Loss: 1495.767598, MSE: 1274320.021307, RMSE: 1128.857839, MAE: 564.214251, rot_MSE: 2216009.750000, rot_RMSE: 1488.626831, rot_MAE: 1277.577271, trans_MSE: 423.379211, trans_RMSE: 20.576181, trans_MAE: 13.716529
==BEST TEST==
A--------->B
EPOCH:: 234, Loss: 399.891780, Cycle Loss: 51.661619, MSE: 1273122.390560, RMSE: 1128.327253, MAE: 561.152348, rot_MSE: 2209342.500000, rot_RMSE: 1486.385742, rot_MAE: 1273.860962, trans_MSE: 348.009766, trans_RMSE: 18.655020, trans_MAE: 11.109338
B--------->A
EPOCH:: 234, Loss: 399.891780, MSE: 1273145.073735, RMSE: 1128.337305, MAE: 563.856988, rot_MSE: 2218540.750000, rot_RMSE: 1489.476685, rot_MAE: 1277.354370, trans_MSE: 184.846466, trans_RMSE: 13.595825, trans_MAE: 8.945072
==TRAIN==
A--------->B
EPOCH:: 235, Loss: 137.883601, Cycle Loss:, 26.841642, MSE: 1137138.728385, RMSE: 1066.367070, MAE: 554.894334, rot_MSE: 2268658.750000, rot_RMSE: 1506.206787, rot_MAE: 1305.718262, trans_MSE: 110.836037, trans_RMSE: 10.527869, trans_MAE: 5.854405
B--------->A
EPOCH:: 235, Loss: 137.883601, MSE: 1137121.785156, RMSE: 1066.359126, MAE: 548.826794, rot_MSE: 2269143.000000, rot_RMSE: 1506.367432, rot_MAE: 1305.396240, trans_MSE: 168.189529, trans_RMSE: 12.968791, trans_MAE: 6.736034
==TEST==
A--------->B
EPOCH:: 235, Loss: 1228.802193, Cycle Loss: 169.178194, MSE: 1274943.970493, RMSE: 1129.134169, MAE: 562.345533, rot_MSE: 2207484.000000, rot_RMSE: 1485.760376, rot_MAE: 1272.272583, trans_MSE: 1059.332764, trans_RMSE: 32.547394, trans_MAE: 18.711674
B--------->A
EPOCH:: 235, Loss: 1228.802193, MSE: 1274429.338908, RMSE: 1128.906258, MAE: 563.999904, rot_MSE: 2216049.500000, rot_RMSE: 1488.640137, rot_MAE: 1276.293091, trans_MSE: 474.625092, trans_RMSE: 21.785892, trans_MAE: 14.326342
==BEST TEST==
A--------->B
EPOCH:: 235, Loss: 399.891780, Cycle Loss: 51.661619, MSE: 1273122.390560, RMSE: 1128.327253, MAE: 561.152348, rot_MSE: 2209342.500000, rot_RMSE: 1486.385742, rot_MAE: 1273.860962, trans_MSE: 348.009766, trans_RMSE: 18.655020, trans_MAE: 11.109338
B--------->A
EPOCH:: 235, Loss: 399.891780, MSE: 1273145.073735, RMSE: 1128.337305, MAE: 563.856988, rot_MSE: 2218540.750000, rot_RMSE: 1489.476685, rot_MAE: 1277.354370, trans_MSE: 184.846466, trans_RMSE: 13.595825, trans_MAE: 8.945072
==TRAIN==
A--------->B
EPOCH:: 236, Loss: 140.846123, Cycle Loss:, 25.931613, MSE: 1146729.968099, RMSE: 1070.854784, MAE: 557.597803, rot_MSE: 2264384.000000, rot_RMSE: 1504.786987, rot_MAE: 1303.870972, trans_MSE: 114.713669, trans_RMSE: 10.710446, trans_MAE: 5.853334
B--------->A
EPOCH:: 236, Loss: 140.846123, MSE: 1146754.129948, RMSE: 1070.866065, MAE: 551.789634, rot_MSE: 2267050.250000, rot_RMSE: 1505.672729, rot_MAE: 1305.299316, trans_MSE: 149.739334, trans_RMSE: 12.236802, trans_MAE: 6.643593
==TEST==
A--------->B
EPOCH:: 236, Loss: 846.490581, Cycle Loss: 116.971642, MSE: 1274406.453319, RMSE: 1128.896122, MAE: 561.696513, rot_MSE: 2208888.000000, rot_RMSE: 1486.232788, rot_MAE: 1274.394287, trans_MSE: 729.251831, trans_RMSE: 27.004663, trans_MAE: 15.417686
B--------->A
EPOCH:: 236, Loss: 846.490581, MSE: 1274070.590263, RMSE: 1128.747354, MAE: 564.519759, rot_MSE: 2219553.000000, rot_RMSE: 1489.816406, rot_MAE: 1277.734375, trans_MSE: 327.442535, trans_RMSE: 18.095373, trans_MAE: 12.063762
==BEST TEST==
A--------->B
EPOCH:: 236, Loss: 399.891780, Cycle Loss: 51.661619, MSE: 1273122.390560, RMSE: 1128.327253, MAE: 561.152348, rot_MSE: 2209342.500000, rot_RMSE: 1486.385742, rot_MAE: 1273.860962, trans_MSE: 348.009766, trans_RMSE: 18.655020, trans_MAE: 11.109338
B--------->A
EPOCH:: 236, Loss: 399.891780, MSE: 1273145.073735, RMSE: 1128.337305, MAE: 563.856988, rot_MSE: 2218540.750000, rot_RMSE: 1489.476685, rot_MAE: 1277.354370, trans_MSE: 184.846466, trans_RMSE: 13.595825, trans_MAE: 8.945072
==TRAIN==
A--------->B
EPOCH:: 237, Loss: 134.227787, Cycle Loss:, 24.026876, MSE: 1136855.816276, RMSE: 1066.234410, MAE: 555.057750, rot_MSE: 2264651.750000, rot_RMSE: 1504.875977, rot_MAE: 1305.043091, trans_MSE: 109.996895, trans_RMSE: 10.487941, trans_MAE: 5.984294
B--------->A
EPOCH:: 237, Loss: 134.227787, MSE: 1136795.476693, RMSE: 1066.206114, MAE: 549.150209, rot_MSE: 2270086.500000, rot_RMSE: 1506.680664, rot_MAE: 1306.319580, trans_MSE: 141.369415, trans_RMSE: 11.889887, trans_MAE: 6.528145
==TEST==
A--------->B
EPOCH:: 237, Loss: 1044.756378, Cycle Loss: 145.353044, MSE: 1274744.718685, RMSE: 1129.045933, MAE: 561.952916, rot_MSE: 2206607.750000, rot_RMSE: 1485.465454, rot_MAE: 1273.076294, trans_MSE: 899.123596, trans_RMSE: 29.985390, trans_MAE: 17.291697
B--------->A
EPOCH:: 237, Loss: 1044.756378, MSE: 1274317.317665, RMSE: 1128.856642, MAE: 564.997656, rot_MSE: 2220967.750000, rot_RMSE: 1490.291138, rot_MAE: 1278.015015, trans_MSE: 431.710327, trans_RMSE: 20.777639, trans_MAE: 13.804603
==BEST TEST==
A--------->B
EPOCH:: 237, Loss: 399.891780, Cycle Loss: 51.661619, MSE: 1273122.390560, RMSE: 1128.327253, MAE: 561.152348, rot_MSE: 2209342.500000, rot_RMSE: 1486.385742, rot_MAE: 1273.860962, trans_MSE: 348.009766, trans_RMSE: 18.655020, trans_MAE: 11.109338
B--------->A
EPOCH:: 237, Loss: 399.891780, MSE: 1273145.073735, RMSE: 1128.337305, MAE: 563.856988, rot_MSE: 2218540.750000, rot_RMSE: 1489.476685, rot_MAE: 1277.354370, trans_MSE: 184.846466, trans_RMSE: 13.595825, trans_MAE: 8.945072
==TRAIN==
A--------->B
EPOCH:: 238, Loss: 198.696332, Cycle Loss:, 30.643141, MSE: 1131967.280469, RMSE: 1063.939510, MAE: 555.661436, rot_MSE: 2277056.250000, rot_RMSE: 1508.991821, rot_MAE: 1308.214478, trans_MSE: 167.842926, trans_RMSE: 12.955420, trans_MAE: 6.227960
B--------->A
EPOCH:: 238, Loss: 198.696332, MSE: 1131898.183594, RMSE: 1063.907037, MAE: 549.945729, rot_MSE: 2275015.500000, rot_RMSE: 1508.315430, rot_MAE: 1307.977051, trans_MSE: 126.385696, trans_RMSE: 11.242139, trans_MAE: 6.357793
==TEST==
A--------->B
EPOCH:: 238, Loss: 1617.937096, Cycle Loss: 236.610344, MSE: 1275277.558820, RMSE: 1129.281877, MAE: 562.545183, rot_MSE: 2212239.500000, rot_RMSE: 1487.359863, rot_MAE: 1274.625366, trans_MSE: 1381.012939, trans_RMSE: 37.161983, trans_MAE: 22.583324
B--------->A
EPOCH:: 238, Loss: 1617.937096, MSE: 1274753.599367, RMSE: 1129.049866, MAE: 564.043846, rot_MSE: 2216951.250000, rot_RMSE: 1488.942993, rot_MAE: 1276.430664, trans_MSE: 745.518677, trans_RMSE: 27.304188, trans_MAE: 18.172766
==BEST TEST==
A--------->B
EPOCH:: 238, Loss: 399.891780, Cycle Loss: 51.661619, MSE: 1273122.390560, RMSE: 1128.327253, MAE: 561.152348, rot_MSE: 2209342.500000, rot_RMSE: 1486.385742, rot_MAE: 1273.860962, trans_MSE: 348.009766, trans_RMSE: 18.655020, trans_MAE: 11.109338
B--------->A
EPOCH:: 238, Loss: 399.891780, MSE: 1273145.073735, RMSE: 1128.337305, MAE: 563.856988, rot_MSE: 2218540.750000, rot_RMSE: 1489.476685, rot_MAE: 1277.354370, trans_MSE: 184.846466, trans_RMSE: 13.595825, trans_MAE: 8.945072
==TRAIN==
A--------->B
EPOCH:: 239, Loss: 151.577816, Cycle Loss:, 23.897622, MSE: 1146800.075260, RMSE: 1070.887518, MAE: 557.464648, rot_MSE: 2260331.250000, rot_RMSE: 1503.439819, rot_MAE: 1302.341553, trans_MSE: 127.477203, trans_RMSE: 11.290581, trans_MAE: 6.023941
B--------->A
EPOCH:: 239, Loss: 151.577816, MSE: 1146678.485937, RMSE: 1070.830746, MAE: 550.987867, rot_MSE: 2255180.500000, rot_RMSE: 1501.725830, rot_MAE: 1301.609131, trans_MSE: 136.352203, trans_RMSE: 11.676994, trans_MAE: 6.500242
==TEST==
A--------->B
EPOCH:: 239, Loss: 1207.240577, Cycle Loss: 170.055114, MSE: 1275078.967265, RMSE: 1129.193946, MAE: 561.687562, rot_MSE: 2209674.500000, rot_RMSE: 1486.497437, rot_MAE: 1272.176270, trans_MSE: 1036.899292, trans_RMSE: 32.200920, trans_MAE: 18.827517
B--------->A
EPOCH:: 239, Loss: 1207.240577, MSE: 1274638.282670, RMSE: 1128.998797, MAE: 563.159129, rot_MSE: 2223693.250000, rot_RMSE: 1491.205322, rot_MAE: 1277.256714, trans_MSE: 538.191101, trans_RMSE: 23.198946, trans_MAE: 15.513559
==BEST TEST==
A--------->B
EPOCH:: 239, Loss: 399.891780, Cycle Loss: 51.661619, MSE: 1273122.390560, RMSE: 1128.327253, MAE: 561.152348, rot_MSE: 2209342.500000, rot_RMSE: 1486.385742, rot_MAE: 1273.860962, trans_MSE: 348.009766, trans_RMSE: 18.655020, trans_MAE: 11.109338
B--------->A
EPOCH:: 239, Loss: 399.891780, MSE: 1273145.073735, RMSE: 1128.337305, MAE: 563.856988, rot_MSE: 2218540.750000, rot_RMSE: 1489.476685, rot_MAE: 1277.354370, trans_MSE: 184.846466, trans_RMSE: 13.595825, trans_MAE: 8.945072
==TRAIN==
A--------->B
EPOCH:: 240, Loss: 105.352289, Cycle Loss:, 21.362878, MSE: 1137037.802604, RMSE: 1066.319747, MAE: 555.134716, rot_MSE: 2265524.000000, rot_RMSE: 1505.165771, rot_MAE: 1303.964600, trans_MSE: 83.791069, trans_RMSE: 9.153747, trans_MAE: 5.493739
B--------->A
EPOCH:: 240, Loss: 105.352289, MSE: 1137032.069336, RMSE: 1066.317059, MAE: 549.232557, rot_MSE: 2272561.750000, rot_RMSE: 1507.501831, rot_MAE: 1306.118774, trans_MSE: 136.355103, trans_RMSE: 11.677118, trans_MAE: 6.583666
==TEST==
A--------->B
EPOCH:: 240, Loss: 1309.498782, Cycle Loss: 180.029309, MSE: 1274805.550620, RMSE: 1129.072872, MAE: 562.014422, rot_MSE: 2205854.500000, rot_RMSE: 1485.211914, rot_MAE: 1272.077026, trans_MSE: 1129.189819, trans_RMSE: 33.603420, trans_MAE: 19.644062
B--------->A
EPOCH:: 240, Loss: 1309.498782, MSE: 1274318.728177, RMSE: 1128.857267, MAE: 564.797420, rot_MSE: 2222093.750000, rot_RMSE: 1490.668945, rot_MAE: 1278.015625, trans_MSE: 500.281067, trans_RMSE: 22.366964, trans_MAE: 15.062889
==BEST TEST==
A--------->B
EPOCH:: 240, Loss: 399.891780, Cycle Loss: 51.661619, MSE: 1273122.390560, RMSE: 1128.327253, MAE: 561.152348, rot_MSE: 2209342.500000, rot_RMSE: 1486.385742, rot_MAE: 1273.860962, trans_MSE: 348.009766, trans_RMSE: 18.655020, trans_MAE: 11.109338
B--------->A
EPOCH:: 240, Loss: 399.891780, MSE: 1273145.073735, RMSE: 1128.337305, MAE: 563.856988, rot_MSE: 2218540.750000, rot_RMSE: 1489.476685, rot_MAE: 1277.354370, trans_MSE: 184.846466, trans_RMSE: 13.595825, trans_MAE: 8.945072
==TRAIN==
A--------->B
EPOCH:: 241, Loss: 119.700178, Cycle Loss:, 22.073565, MSE: 1146931.394531, RMSE: 1070.948829, MAE: 557.349964, rot_MSE: 2269854.500000, rot_RMSE: 1506.603638, rot_MAE: 1306.408691, trans_MSE: 97.429100, trans_RMSE: 9.870618, trans_MAE: 5.758796
B--------->A
EPOCH:: 241, Loss: 119.700178, MSE: 1147092.517578, RMSE: 1071.024051, MAE: 552.090113, rot_MSE: 2265769.500000, rot_RMSE: 1505.247314, rot_MAE: 1305.223755, trans_MSE: 142.592453, trans_RMSE: 11.941208, trans_MAE: 6.488702
==TEST==
A--------->B
EPOCH:: 241, Loss: 1652.918957, Cycle Loss: 240.444034, MSE: 1275198.219848, RMSE: 1129.246749, MAE: 562.465071, rot_MSE: 2213699.750000, rot_RMSE: 1487.850708, rot_MAE: 1273.781128, trans_MSE: 1412.162842, trans_RMSE: 37.578754, trans_MAE: 22.778259
B--------->A
EPOCH:: 241, Loss: 1652.918957, MSE: 1274755.542162, RMSE: 1129.050726, MAE: 564.367624, rot_MSE: 2220462.500000, rot_RMSE: 1490.121582, rot_MAE: 1277.090210, trans_MSE: 747.226929, trans_RMSE: 27.335451, trans_MAE: 18.334141
==BEST TEST==
A--------->B
EPOCH:: 241, Loss: 399.891780, Cycle Loss: 51.661619, MSE: 1273122.390560, RMSE: 1128.327253, MAE: 561.152348, rot_MSE: 2209342.500000, rot_RMSE: 1486.385742, rot_MAE: 1273.860962, trans_MSE: 348.009766, trans_RMSE: 18.655020, trans_MAE: 11.109338
B--------->A
EPOCH:: 241, Loss: 399.891780, MSE: 1273145.073735, RMSE: 1128.337305, MAE: 563.856988, rot_MSE: 2218540.750000, rot_RMSE: 1489.476685, rot_MAE: 1277.354370, trans_MSE: 184.846466, trans_RMSE: 13.595825, trans_MAE: 8.945072
==TRAIN==
A--------->B
EPOCH:: 242, Loss: 151.364674, Cycle Loss:, 26.849453, MSE: 1148126.988411, RMSE: 1071.506877, MAE: 558.324957, rot_MSE: 2266300.750000, rot_RMSE: 1505.423828, rot_MAE: 1304.481812, trans_MSE: 124.313278, trans_RMSE: 11.149587, trans_MAE: 6.044352
B--------->A
EPOCH:: 242, Loss: 151.364674, MSE: 1148179.705859, RMSE: 1071.531477, MAE: 552.143595, rot_MSE: 2271612.250000, rot_RMSE: 1507.186890, rot_MAE: 1306.691162, trans_MSE: 143.994431, trans_RMSE: 11.999768, trans_MAE: 6.756013
==TEST==
A--------->B
EPOCH:: 242, Loss: 1155.923529, Cycle Loss: 161.245784, MSE: 1274801.905604, RMSE: 1129.071258, MAE: 561.923189, rot_MSE: 2203031.000000, rot_RMSE: 1484.261108, rot_MAE: 1271.822632, trans_MSE: 994.401062, trans_RMSE: 31.534126, trans_MAE: 18.526518
B--------->A
EPOCH:: 242, Loss: 1155.923529, MSE: 1274344.618479, RMSE: 1128.868734, MAE: 563.977193, rot_MSE: 2221904.000000, rot_RMSE: 1490.605225, rot_MAE: 1278.046875, trans_MSE: 467.756287, trans_RMSE: 21.627674, trans_MAE: 14.309990
==BEST TEST==
A--------->B
EPOCH:: 242, Loss: 399.891780, Cycle Loss: 51.661619, MSE: 1273122.390560, RMSE: 1128.327253, MAE: 561.152348, rot_MSE: 2209342.500000, rot_RMSE: 1486.385742, rot_MAE: 1273.860962, trans_MSE: 348.009766, trans_RMSE: 18.655020, trans_MAE: 11.109338
B--------->A
EPOCH:: 242, Loss: 399.891780, MSE: 1273145.073735, RMSE: 1128.337305, MAE: 563.856988, rot_MSE: 2218540.750000, rot_RMSE: 1489.476685, rot_MAE: 1277.354370, trans_MSE: 184.846466, trans_RMSE: 13.595825, trans_MAE: 8.945072
==TRAIN==
A--------->B
EPOCH:: 243, Loss: 148.559433, Cycle Loss:, 25.406408, MSE: 1132960.811198, RMSE: 1064.406319, MAE: 554.217677, rot_MSE: 2264231.250000, rot_RMSE: 1504.736328, rot_MAE: 1304.813721, trans_MSE: 122.956230, trans_RMSE: 11.088563, trans_MAE: 5.918126
B--------->A
EPOCH:: 243, Loss: 148.559433, MSE: 1132820.602734, RMSE: 1064.340454, MAE: 548.780036, rot_MSE: 2265826.500000, rot_RMSE: 1505.266235, rot_MAE: 1305.290161, trans_MSE: 146.799866, trans_RMSE: 12.116099, trans_MAE: 6.834637
==TEST==
A--------->B
EPOCH:: 243, Loss: 2050.568398, Cycle Loss: 293.866095, MSE: 1275446.663804, RMSE: 1129.356748, MAE: 562.736439, rot_MSE: 2202334.250000, rot_RMSE: 1484.026367, rot_MAE: 1270.325195, trans_MSE: 1756.398071, trans_RMSE: 41.909405, trans_MAE: 25.551764
B--------->A
EPOCH:: 243, Loss: 2050.568398, MSE: 1274775.957709, RMSE: 1129.059767, MAE: 565.111623, rot_MSE: 2216474.500000, rot_RMSE: 1488.782837, rot_MAE: 1277.117310, trans_MSE: 859.699829, trans_RMSE: 29.320639, trans_MAE: 20.008656
==BEST TEST==
A--------->B
EPOCH:: 243, Loss: 399.891780, Cycle Loss: 51.661619, MSE: 1273122.390560, RMSE: 1128.327253, MAE: 561.152348, rot_MSE: 2209342.500000, rot_RMSE: 1486.385742, rot_MAE: 1273.860962, trans_MSE: 348.009766, trans_RMSE: 18.655020, trans_MAE: 11.109338
B--------->A
EPOCH:: 243, Loss: 399.891780, MSE: 1273145.073735, RMSE: 1128.337305, MAE: 563.856988, rot_MSE: 2218540.750000, rot_RMSE: 1489.476685, rot_MAE: 1277.354370, trans_MSE: 184.846466, trans_RMSE: 13.595825, trans_MAE: 8.945072
==TRAIN==
A--------->B
EPOCH:: 244, Loss: 140.920771, Cycle Loss:, 34.758052, MSE: 1146606.588932, RMSE: 1070.797175, MAE: 557.713205, rot_MSE: 2268447.750000, rot_RMSE: 1506.136719, rot_MAE: 1306.201416, trans_MSE: 105.963661, trans_RMSE: 10.293865, trans_MAE: 5.847577
B--------->A
EPOCH:: 244, Loss: 140.920771, MSE: 1146588.436458, RMSE: 1070.788698, MAE: 551.073996, rot_MSE: 2269437.500000, rot_RMSE: 1506.465210, rot_MAE: 1306.051514, trans_MSE: 230.791275, trans_RMSE: 15.191816, trans_MAE: 7.217073
==TEST==
A--------->B
EPOCH:: 244, Loss: 1327.453861, Cycle Loss: 185.187393, MSE: 1275062.302880, RMSE: 1129.186567, MAE: 562.090760, rot_MSE: 2205742.750000, rot_RMSE: 1485.174316, rot_MAE: 1272.028198, trans_MSE: 1141.991577, trans_RMSE: 33.793365, trans_MAE: 20.011154
B--------->A
EPOCH:: 244, Loss: 1327.453861, MSE: 1274522.244835, RMSE: 1128.947406, MAE: 564.740667, rot_MSE: 2221892.250000, rot_RMSE: 1490.601318, rot_MAE: 1277.714478, trans_MSE: 526.734131, trans_RMSE: 22.950689, trans_MAE: 15.323505
==BEST TEST==
A--------->B
EPOCH:: 244, Loss: 399.891780, Cycle Loss: 51.661619, MSE: 1273122.390560, RMSE: 1128.327253, MAE: 561.152348, rot_MSE: 2209342.500000, rot_RMSE: 1486.385742, rot_MAE: 1273.860962, trans_MSE: 348.009766, trans_RMSE: 18.655020, trans_MAE: 11.109338
B--------->A
EPOCH:: 244, Loss: 399.891780, MSE: 1273145.073735, RMSE: 1128.337305, MAE: 563.856988, rot_MSE: 2218540.750000, rot_RMSE: 1489.476685, rot_MAE: 1277.354370, trans_MSE: 184.846466, trans_RMSE: 13.595825, trans_MAE: 8.945072
==TRAIN==
A--------->B
EPOCH:: 245, Loss: 136.578240, Cycle Loss:, 27.333589, MSE: 1147536.769336, RMSE: 1071.231427, MAE: 558.032203, rot_MSE: 2273988.250000, rot_RMSE: 1507.974854, rot_MAE: 1308.340576, trans_MSE: 109.045097, trans_RMSE: 10.442466, trans_MAE: 5.726534
B--------->A
EPOCH:: 245, Loss: 136.578240, MSE: 1147614.590885, RMSE: 1071.267749, MAE: 550.334242, rot_MSE: 2272642.500000, rot_RMSE: 1507.528564, rot_MAE: 1307.853271, trans_MSE: 173.451874, trans_RMSE: 13.170113, trans_MAE: 6.696579
==TEST==
A--------->B
EPOCH:: 245, Loss: 1276.818923, Cycle Loss: 183.813926, MSE: 1274882.956030, RMSE: 1129.107150, MAE: 562.369066, rot_MSE: 2210015.500000, rot_RMSE: 1486.612061, rot_MAE: 1273.945435, trans_MSE: 1092.708130, trans_RMSE: 33.056137, trans_MAE: 19.661655
B--------->A
EPOCH:: 245, Loss: 1276.818923, MSE: 1274605.261751, RMSE: 1128.984172, MAE: 564.221421, rot_MSE: 2223398.750000, rot_RMSE: 1491.106567, rot_MAE: 1277.534912, trans_MSE: 564.416992, trans_RMSE: 23.757462, trans_MAE: 15.894364
==BEST TEST==
A--------->B
EPOCH:: 245, Loss: 399.891780, Cycle Loss: 51.661619, MSE: 1273122.390560, RMSE: 1128.327253, MAE: 561.152348, rot_MSE: 2209342.500000, rot_RMSE: 1486.385742, rot_MAE: 1273.860962, trans_MSE: 348.009766, trans_RMSE: 18.655020, trans_MAE: 11.109338
B--------->A
EPOCH:: 245, Loss: 399.891780, MSE: 1273145.073735, RMSE: 1128.337305, MAE: 563.856988, rot_MSE: 2218540.750000, rot_RMSE: 1489.476685, rot_MAE: 1277.354370, trans_MSE: 184.846466, trans_RMSE: 13.595825, trans_MAE: 8.945072
==TRAIN==
A--------->B
EPOCH:: 246, Loss: 147.821588, Cycle Loss:, 28.305057, MSE: 1147658.371354, RMSE: 1071.288183, MAE: 557.801769, rot_MSE: 2260538.250000, rot_RMSE: 1503.508667, rot_MAE: 1302.637451, trans_MSE: 119.314102, trans_RMSE: 10.923100, trans_MAE: 5.796205
B--------->A
EPOCH:: 246, Loss: 147.821588, MSE: 1147667.126953, RMSE: 1071.292270, MAE: 550.720984, rot_MSE: 2261495.250000, rot_RMSE: 1503.826904, rot_MAE: 1302.618042, trans_MSE: 161.575195, trans_RMSE: 12.711224, trans_MAE: 6.694362
==TEST==
A--------->B
EPOCH:: 246, Loss: 1484.647771, Cycle Loss: 163.408538, MSE: 1274205.581289, RMSE: 1128.807150, MAE: 561.966371, rot_MSE: 2214297.250000, rot_RMSE: 1488.051514, rot_MAE: 1276.278076, trans_MSE: 1320.987305, trans_RMSE: 36.345390, trans_MAE: 16.343454
B--------->A
EPOCH:: 246, Loss: 1484.647771, MSE: 1273270.913933, RMSE: 1128.393067, MAE: 565.282829, rot_MSE: 2216204.250000, rot_RMSE: 1488.692139, rot_MAE: 1276.309082, trans_MSE: 228.926483, trans_RMSE: 15.130317, trans_MAE: 10.001971
==BEST TEST==
A--------->B
EPOCH:: 246, Loss: 399.891780, Cycle Loss: 51.661619, MSE: 1273122.390560, RMSE: 1128.327253, MAE: 561.152348, rot_MSE: 2209342.500000, rot_RMSE: 1486.385742, rot_MAE: 1273.860962, trans_MSE: 348.009766, trans_RMSE: 18.655020, trans_MAE: 11.109338
B--------->A
EPOCH:: 246, Loss: 399.891780, MSE: 1273145.073735, RMSE: 1128.337305, MAE: 563.856988, rot_MSE: 2218540.750000, rot_RMSE: 1489.476685, rot_MAE: 1277.354370, trans_MSE: 184.846466, trans_RMSE: 13.595825, trans_MAE: 8.945072
==TRAIN==
A--------->B
EPOCH:: 247, Loss: 111.723509, Cycle Loss:, 24.868828, MSE: 1146246.013542, RMSE: 1070.628794, MAE: 557.311767, rot_MSE: 2267197.750000, rot_RMSE: 1505.721680, rot_MAE: 1305.598267, trans_MSE: 86.656258, trans_RMSE: 9.308934, trans_MAE: 5.539650
B--------->A
EPOCH:: 247, Loss: 111.723509, MSE: 1146210.094401, RMSE: 1070.612019, MAE: 550.729898, rot_MSE: 2270530.250000, rot_RMSE: 1506.827881, rot_MAE: 1306.345947, trans_MSE: 170.445633, trans_RMSE: 13.055483, trans_MAE: 6.596008
==TEST==
A--------->B
EPOCH:: 247, Loss: 3418.961459, Cycle Loss: 352.340746, MSE: 1275820.225594, RMSE: 1129.522123, MAE: 562.818847, rot_MSE: 2203985.000000, rot_RMSE: 1484.582397, rot_MAE: 1273.450562, trans_MSE: 3066.360840, trans_RMSE: 55.374729, trans_MAE: 21.688183
B--------->A
EPOCH:: 247, Loss: 3418.961459, MSE: 1273665.856211, RMSE: 1128.568056, MAE: 565.715172, rot_MSE: 2220661.250000, rot_RMSE: 1490.188354, rot_MAE: 1278.269653, trans_MSE: 335.053345, trans_RMSE: 18.304462, trans_MAE: 12.146207
==BEST TEST==
A--------->B
EPOCH:: 247, Loss: 399.891780, Cycle Loss: 51.661619, MSE: 1273122.390560, RMSE: 1128.327253, MAE: 561.152348, rot_MSE: 2209342.500000, rot_RMSE: 1486.385742, rot_MAE: 1273.860962, trans_MSE: 348.009766, trans_RMSE: 18.655020, trans_MAE: 11.109338
B--------->A
EPOCH:: 247, Loss: 399.891780, MSE: 1273145.073735, RMSE: 1128.337305, MAE: 563.856988, rot_MSE: 2218540.750000, rot_RMSE: 1489.476685, rot_MAE: 1277.354370, trans_MSE: 184.846466, trans_RMSE: 13.595825, trans_MAE: 8.945072
==TRAIN==
A--------->B
EPOCH:: 248, Loss: 138.163562, Cycle Loss:, 26.981954, MSE: 1147046.623568, RMSE: 1071.002625, MAE: 557.566141, rot_MSE: 2269778.500000, rot_RMSE: 1506.578369, rot_MAE: 1306.053955, trans_MSE: 110.970215, trans_RMSE: 10.534240, trans_MAE: 5.917603
B--------->A
EPOCH:: 248, Loss: 138.163562, MSE: 1147300.857031, RMSE: 1071.121308, MAE: 551.177467, rot_MSE: 2266872.250000, rot_RMSE: 1505.613525, rot_MAE: 1306.259521, trans_MSE: 149.634598, trans_RMSE: 12.232522, trans_MAE: 6.635707
==TEST==
A--------->B
EPOCH:: 248, Loss: 1815.871427, Cycle Loss: 267.497899, MSE: 1275472.704352, RMSE: 1129.368277, MAE: 562.322601, rot_MSE: 2206196.250000, rot_RMSE: 1485.327026, rot_MAE: 1271.842163, trans_MSE: 1548.070435, trans_RMSE: 39.345528, trans_MAE: 24.027683
B--------->A
EPOCH:: 248, Loss: 1815.871427, MSE: 1274915.538675, RMSE: 1129.121578, MAE: 565.117623, rot_MSE: 2218341.000000, rot_RMSE: 1489.409668, rot_MAE: 1277.720337, trans_MSE: 826.919495, trans_RMSE: 28.756208, trans_MAE: 19.442495
==BEST TEST==
A--------->B
EPOCH:: 248, Loss: 399.891780, Cycle Loss: 51.661619, MSE: 1273122.390560, RMSE: 1128.327253, MAE: 561.152348, rot_MSE: 2209342.500000, rot_RMSE: 1486.385742, rot_MAE: 1273.860962, trans_MSE: 348.009766, trans_RMSE: 18.655020, trans_MAE: 11.109338
B--------->A
EPOCH:: 248, Loss: 399.891780, MSE: 1273145.073735, RMSE: 1128.337305, MAE: 563.856988, rot_MSE: 2218540.750000, rot_RMSE: 1489.476685, rot_MAE: 1277.354370, trans_MSE: 184.846466, trans_RMSE: 13.595825, trans_MAE: 8.945072
==TRAIN==
A--------->B
EPOCH:: 249, Loss: 150.779257, Cycle Loss:, 24.601092, MSE: 1147661.696159, RMSE: 1071.289735, MAE: 557.671739, rot_MSE: 2259628.500000, rot_RMSE: 1503.206055, rot_MAE: 1302.778687, trans_MSE: 125.975761, trans_RMSE: 11.223892, trans_MAE: 5.799294
B--------->A
EPOCH:: 249, Loss: 150.779257, MSE: 1147617.188151, RMSE: 1071.268962, MAE: 551.803816, rot_MSE: 2261152.500000, rot_RMSE: 1503.712891, rot_MAE: 1303.345581, trans_MSE: 116.077553, trans_RMSE: 10.773930, trans_MAE: 6.301984
==TEST==
A--------->B
EPOCH:: 249, Loss: 2273.449911, Cycle Loss: 237.863751, MSE: 1274924.697508, RMSE: 1129.125634, MAE: 562.336397, rot_MSE: 2212959.750000, rot_RMSE: 1487.602051, rot_MAE: 1275.707275, trans_MSE: 2035.340576, trans_RMSE: 45.114750, trans_MAE: 18.552937
B--------->A
EPOCH:: 249, Loss: 2273.449911, MSE: 1273608.034285, RMSE: 1128.542438, MAE: 564.597844, rot_MSE: 2219182.500000, rot_RMSE: 1489.692139, rot_MAE: 1277.167236, trans_MSE: 247.408676, trans_RMSE: 15.729230, trans_MAE: 10.590322
==BEST TEST==
A--------->B
EPOCH:: 249, Loss: 399.891780, Cycle Loss: 51.661619, MSE: 1273122.390560, RMSE: 1128.327253, MAE: 561.152348, rot_MSE: 2209342.500000, rot_RMSE: 1486.385742, rot_MAE: 1273.860962, trans_MSE: 348.009766, trans_RMSE: 18.655020, trans_MAE: 11.109338
B--------->A
EPOCH:: 249, Loss: 399.891780, MSE: 1273145.073735, RMSE: 1128.337305, MAE: 563.856988, rot_MSE: 2218540.750000, rot_RMSE: 1489.476685, rot_MAE: 1277.354370, trans_MSE: 184.846466, trans_RMSE: 13.595825, trans_MAE: 8.945072
Namespace(exp_name='exp', model='dcp', emb_nn='dgcnn', pointer='transformer', head='svd', emb_dims=512, n_blocks=1, n_heads=4, ff_dims=1024, dropout=0.0, batch_size=4, test_batch_size=5, epochs=250, use_sgd=False, lr=0.001, momentum=0.9, no_cuda=False, seed=1234, eval=False, cycle=True, num_points=1024, model_path='', train_path='/mnt/d/SICK/pay-10-bucks/DCPwithIntensity/dataset', test_path='/mnt/d/SICK/pay-10-bucks/DCPwithIntensity/dataset', use_intensity=True, num_workers=4)
Using 4 input channels.
Train data: 966 pairs, Test data: 242 pairs
==TRAIN==
A--------->B
EPOCH:: 0, Loss: 145003.518352, Cycle Loss:, 15627.298094, MSE: 1416026.452736, RMSE: 1189.969097, MAE: 596.981538, rot_MSE: 972061.937500, rot_RMSE: 985.932007, rot_MAE: 856.154053, trans_MSE: 129376.132812, trans_RMSE: 359.688934, trans_MAE: 157.740982
B--------->A
EPOCH:: 0, Loss: 145003.518352, MSE: 1343770.871953, RMSE: 1159.211315, MAE: 591.009633, rot_MSE: 972879.125000, rot_RMSE: 986.346375, rot_MAE: 856.475342, trans_MSE: 33482.800781, trans_RMSE: 182.983063, trans_MAE: 91.195694
==TEST==
A--------->B
EPOCH:: 0, Loss: 218813.265797, Cycle Loss: 24684.944795, MSE: 1418230.685240, RMSE: 1190.894909, MAE: 565.234743, rot_MSE: 965312.875000, rot_RMSE: 982.503357, rot_MAE: 850.007751, trans_MSE: 194128.218750, trans_RMSE: 440.599854, trans_MAE: 179.289108
B--------->A
EPOCH:: 0, Loss: 218813.265797, MSE: 1307147.354210, RMSE: 1143.305451, MAE: 565.303985, rot_MSE: 968082.187500, rot_RMSE: 983.911682, rot_MAE: 851.236206, trans_MSE: 43434.492188, trans_RMSE: 208.409439, trans_MAE: 96.890205
==BEST TEST==
A--------->B
EPOCH:: 0, Loss: 218813.265797, Cycle Loss: 24684.944795, MSE: 1418230.685240, RMSE: 1190.894909, MAE: 565.234743, rot_MSE: 965312.875000, rot_RMSE: 982.503357, rot_MAE: 850.007751, trans_MSE: 194128.218750, trans_RMSE: 440.599854, trans_MAE: 179.289108
B--------->A
EPOCH:: 0, Loss: 218813.265797, MSE: 1307147.354210, RMSE: 1143.305451, MAE: 565.303985, rot_MSE: 968082.187500, rot_RMSE: 983.911682, rot_MAE: 851.236206, trans_MSE: 43434.492188, trans_RMSE: 208.409439, trans_MAE: 96.890205
==TRAIN==
A--------->B
EPOCH:: 1, Loss: 80739.111673, Cycle Loss:, 8987.939749, MSE: 1373318.853832, RMSE: 1171.886878, MAE: 591.085363, rot_MSE: 972864.437500, rot_RMSE: 986.338928, rot_MAE: 856.683594, trans_MSE: 71751.093750, trans_RMSE: 267.863953, trans_MAE: 117.883987
B--------->A
EPOCH:: 1, Loss: 80739.111673, MSE: 1333175.678520, RMSE: 1154.632270, MAE: 591.200305, rot_MSE: 973054.250000, rot_RMSE: 986.435120, rot_MAE: 857.081604, trans_MSE: 19053.966797, trans_RMSE: 138.036102, trans_MAE: 66.111343
==TEST==
A--------->B
EPOCH:: 1, Loss: 161431.236107, Cycle Loss: 15977.228752, MSE: 1383716.512203, RMSE: 1176.314801, MAE: 567.960281, rot_MSE: 968499.187500, rot_RMSE: 984.123535, rot_MAE: 851.475037, trans_MSE: 145453.921875, trans_RMSE: 381.384216, trans_MAE: 151.541046
B--------->A
EPOCH:: 1, Loss: 161431.236107, MSE: 1293797.970752, RMSE: 1137.452404, MAE: 561.366080, rot_MSE: 969072.500000, rot_RMSE: 984.414795, rot_MAE: 851.673401, trans_MSE: 28076.343750, trans_RMSE: 167.559967, trans_MAE: 68.209419
==BEST TEST==
A--------->B
EPOCH:: 1, Loss: 161431.236107, Cycle Loss: 15977.228752, MSE: 1383716.512203, RMSE: 1176.314801, MAE: 567.960281, rot_MSE: 968499.187500, rot_RMSE: 984.123535, rot_MAE: 851.475037, trans_MSE: 145453.921875, trans_RMSE: 381.384216, trans_MAE: 151.541046
B--------->A
EPOCH:: 1, Loss: 161431.236107, MSE: 1293797.970752, RMSE: 1137.452404, MAE: 561.366080, rot_MSE: 969072.500000, rot_RMSE: 984.414795, rot_MAE: 851.673401, trans_MSE: 28076.343750, trans_RMSE: 167.559967, trans_MAE: 68.209419
==TRAIN==
A--------->B
EPOCH:: 2, Loss: 60162.507244, Cycle Loss:, 7251.213181, MSE: 1358843.591902, RMSE: 1165.694468, MAE: 590.692558, rot_MSE: 974307.875000, rot_RMSE: 987.070374, rot_MAE: 857.593018, trans_MSE: 52911.207031, trans_RMSE: 230.024368, trans_MAE: 104.236641
B--------->A
EPOCH:: 2, Loss: 60162.507244, MSE: 1334586.278008, RMSE: 1155.242952, MAE: 591.773223, rot_MSE: 974837.375000, rot_RMSE: 987.338501, rot_MAE: 857.823303, trans_MSE: 20473.181641, trans_RMSE: 143.084534, trans_MAE: 65.897812
==TEST==
A--------->B
EPOCH:: 2, Loss: 116413.117085, Cycle Loss: 14706.388095, MSE: 1349786.681431, RMSE: 1161.803203, MAE: 572.537539, rot_MSE: 970605.687500, rot_RMSE: 985.193237, rot_MAE: 852.571106, trans_MSE: 101706.648438, trans_RMSE: 318.914795, trans_MAE: 135.306671
B--------->A
EPOCH:: 2, Loss: 116413.117085, MSE: 1298352.544809, RMSE: 1139.452739, MAE: 564.629771, rot_MSE: 969937.812500, rot_RMSE: 984.854187, rot_MAE: 851.887390, trans_MSE: 32062.738281, trans_RMSE: 179.060715, trans_MAE: 74.395050
==BEST TEST==
A--------->B
EPOCH:: 2, Loss: 116413.117085, Cycle Loss: 14706.388095, MSE: 1349786.681431, RMSE: 1161.803203, MAE: 572.537539, rot_MSE: 970605.687500, rot_RMSE: 985.193237, rot_MAE: 852.571106, trans_MSE: 101706.648438, trans_RMSE: 318.914795, trans_MAE: 135.306671
B--------->A
EPOCH:: 2, Loss: 116413.117085, MSE: 1298352.544809, RMSE: 1139.452739, MAE: 564.629771, rot_MSE: 969937.812500, rot_RMSE: 984.854187, rot_MAE: 851.887390, trans_MSE: 32062.738281, trans_RMSE: 179.060715, trans_MAE: 74.395050
==TRAIN==
A--------->B
EPOCH:: 3, Loss: 38276.876621, Cycle Loss:, 4538.668141, MSE: 1344200.523859, RMSE: 1159.396621, MAE: 590.022835, rot_MSE: 975483.500000, rot_RMSE: 987.665710, rot_MAE: 858.000183, trans_MSE: 33738.117188, trans_RMSE: 183.679382, trans_MAE: 89.449768
B--------->A
EPOCH:: 3, Loss: 38276.876621, MSE: 1328866.130770, RMSE: 1152.764560, MAE: 589.409239, rot_MSE: 975438.625000, rot_RMSE: 987.642944, rot_MAE: 858.033264, trans_MSE: 12380.055664, trans_RMSE: 111.265701, trans_MAE: 59.063538
==TEST==
A--------->B
EPOCH:: 3, Loss: 149657.358804, Cycle Loss: 22974.853984, MSE: 1369967.488120, RMSE: 1170.456103, MAE: 567.518916, rot_MSE: 968646.000000, rot_RMSE: 984.198181, rot_MAE: 851.640503, trans_MSE: 126682.398438, trans_RMSE: 355.924713, trans_MAE: 146.469467
B--------->A
EPOCH:: 3, Loss: 149657.358804, MSE: 1317300.342717, RMSE: 1147.737053, MAE: 563.902076, rot_MSE: 967314.437500, rot_RMSE: 983.521423, rot_MAE: 850.692322, trans_MSE: 55253.597656, trans_RMSE: 235.060837, trans_MAE: 89.006599
==BEST TEST==
A--------->B
EPOCH:: 3, Loss: 116413.117085, Cycle Loss: 14706.388095, MSE: 1349786.681431, RMSE: 1161.803203, MAE: 572.537539, rot_MSE: 970605.687500, rot_RMSE: 985.193237, rot_MAE: 852.571106, trans_MSE: 101706.648438, trans_RMSE: 318.914795, trans_MAE: 135.306671
B--------->A
EPOCH:: 3, Loss: 116413.117085, MSE: 1298352.544809, RMSE: 1139.452739, MAE: 564.629771, rot_MSE: 969937.812500, rot_RMSE: 984.854187, rot_MAE: 851.887390, trans_MSE: 32062.738281, trans_RMSE: 179.060715, trans_MAE: 74.395050
==TRAIN==
A--------->B
EPOCH:: 4, Loss: 26027.512984, Cycle Loss:, 3268.033343, MSE: 1335812.784978, RMSE: 1155.773674, MAE: 588.426373, rot_MSE: 975201.875000, rot_RMSE: 987.523071, rot_MAE: 858.020325, trans_MSE: 22759.380859, trans_RMSE: 150.862122, trans_MAE: 79.710815
B--------->A
EPOCH:: 4, Loss: 26027.512984, MSE: 1325587.430563, RMSE: 1151.341579, MAE: 588.688813, rot_MSE: 975009.437500, rot_RMSE: 987.425659, rot_MAE: 858.122498, trans_MSE: 9397.351562, trans_RMSE: 96.939941, trans_MAE: 54.406155
==TEST==
A--------->B
EPOCH:: 4, Loss: 73094.753980, Cycle Loss: 9590.292966, MSE: 1322771.956030, RMSE: 1150.118236, MAE: 567.407054, rot_MSE: 970013.250000, rot_RMSE: 984.892517, rot_MAE: 852.170898, trans_MSE: 63504.351562, trans_RMSE: 252.000702, trans_MAE: 110.670609
B--------->A
EPOCH:: 4, Loss: 73094.753980, MSE: 1291852.240702, RMSE: 1136.596780, MAE: 566.185439, rot_MSE: 969535.562500, rot_RMSE: 984.649963, rot_MAE: 851.351440, trans_MSE: 20348.142578, trans_RMSE: 142.646912, trans_MAE: 59.678604
==BEST TEST==
A--------->B
EPOCH:: 4, Loss: 73094.753980, Cycle Loss: 9590.292966, MSE: 1322771.956030, RMSE: 1150.118236, MAE: 567.407054, rot_MSE: 970013.250000, rot_RMSE: 984.892517, rot_MAE: 852.170898, trans_MSE: 63504.351562, trans_RMSE: 252.000702, trans_MAE: 110.670609
B--------->A
EPOCH:: 4, Loss: 73094.753980, MSE: 1291852.240702, RMSE: 1136.596780, MAE: 566.185439, rot_MSE: 969535.562500, rot_RMSE: 984.649963, rot_MAE: 851.351440, trans_MSE: 20348.142578, trans_RMSE: 142.646912, trans_MAE: 59.678604
==TRAIN==
A--------->B
EPOCH:: 5, Loss: 19609.906338, Cycle Loss:, 2369.523180, MSE: 1330910.205005, RMSE: 1153.650816, MAE: 587.654300, rot_MSE: 974855.062500, rot_RMSE: 987.347473, rot_MAE: 857.760193, trans_MSE: 17240.273438, trans_RMSE: 131.302216, trans_MAE: 72.213058
B--------->A
EPOCH:: 5, Loss: 19609.906338, MSE: 1323219.730355, RMSE: 1150.312884, MAE: 588.009890, rot_MSE: 974987.625000, rot_RMSE: 987.414612, rot_MAE: 857.864807, trans_MSE: 6865.819336, trans_RMSE: 82.860237, trans_MAE: 50.514809
==TEST==
A--------->B
EPOCH:: 5, Loss: 22349.198764, Cycle Loss: 2763.005775, MSE: 1290180.940405, RMSE: 1135.861321, MAE: 564.885946, rot_MSE: 968771.937500, rot_RMSE: 984.262146, rot_MAE: 850.780823, trans_MSE: 19586.074219, trans_RMSE: 139.950256, trans_MAE: 72.617287
B--------->A
EPOCH:: 5, Loss: 22349.198764, MSE: 1280129.018143, RMSE: 1131.427867, MAE: 563.095933, rot_MSE: 967188.625000, rot_RMSE: 983.457458, rot_MAE: 850.212097, trans_MSE: 7374.580566, trans_RMSE: 85.875381, trans_MAE: 51.633320
==BEST TEST==
A--------->B
EPOCH:: 5, Loss: 22349.198764, Cycle Loss: 2763.005775, MSE: 1290180.940405, RMSE: 1135.861321, MAE: 564.885946, rot_MSE: 968771.937500, rot_RMSE: 984.262146, rot_MAE: 850.780823, trans_MSE: 19586.074219, trans_RMSE: 139.950256, trans_MAE: 72.617287
B--------->A
EPOCH:: 5, Loss: 22349.198764, MSE: 1280129.018143, RMSE: 1131.427867, MAE: 563.095933, rot_MSE: 967188.625000, rot_RMSE: 983.457458, rot_MAE: 850.212097, trans_MSE: 7374.580566, trans_RMSE: 85.875381, trans_MAE: 51.633320
==TRAIN==
A--------->B
EPOCH:: 6, Loss: 9689.130246, Cycle Loss:, 1367.165939, MSE: 1324818.326212, RMSE: 1151.007527, MAE: 587.577192, rot_MSE: 973749.312500, rot_RMSE: 986.787354, rot_MAE: 857.008789, trans_MSE: 8321.853516, trans_RMSE: 91.224197, trans_MAE: 52.166267
B--------->A
EPOCH:: 6, Loss: 9689.130246, MSE: 1321454.103508, RMSE: 1149.545172, MAE: 586.955744, rot_MSE: 974352.187500, rot_RMSE: 987.092773, rot_MAE: 857.391785, trans_MSE: 3932.322998, trans_RMSE: 62.708237, trans_MAE: 40.632622
==TEST==
A--------->B
EPOCH:: 6, Loss: 18575.047045, Cycle Loss: 2767.457003, MSE: 1287400.892239, RMSE: 1134.636899, MAE: 564.062629, rot_MSE: 967387.000000, rot_RMSE: 983.558350, rot_MAE: 850.042725, trans_MSE: 15807.468750, trans_RMSE: 125.727753, trans_MAE: 63.127895
B--------->A
EPOCH:: 6, Loss: 18575.047045, MSE: 1279303.269241, RMSE: 1131.062894, MAE: 560.728537, rot_MSE: 968079.875000, rot_RMSE: 983.910522, rot_MAE: 850.441040, trans_MSE: 5422.009277, trans_RMSE: 73.634293, trans_MAE: 44.629951
==BEST TEST==
A--------->B
EPOCH:: 6, Loss: 18575.047045, Cycle Loss: 2767.457003, MSE: 1287400.892239, RMSE: 1134.636899, MAE: 564.062629, rot_MSE: 967387.000000, rot_RMSE: 983.558350, rot_MAE: 850.042725, trans_MSE: 15807.468750, trans_RMSE: 125.727753, trans_MAE: 63.127895
B--------->A
EPOCH:: 6, Loss: 18575.047045, MSE: 1279303.269241, RMSE: 1131.062894, MAE: 560.728537, rot_MSE: 968079.875000, rot_RMSE: 983.910522, rot_MAE: 850.441040, trans_MSE: 5422.009277, trans_RMSE: 73.634293, trans_MAE: 44.629951
==TRAIN==
A--------->B
EPOCH:: 7, Loss: 8368.770856, Cycle Loss:, 937.820590, MSE: 1318264.996369, RMSE: 1148.157218, MAE: 585.235133, rot_MSE: 974031.375000, rot_RMSE: 986.930298, rot_MAE: 857.563599, trans_MSE: 7430.835449, trans_RMSE: 86.202293, trans_MAE: 44.116768
B--------->A
EPOCH:: 7, Loss: 8368.770856, MSE: 1314454.278948, RMSE: 1146.496524, MAE: 586.010564, rot_MSE: 974949.562500, rot_RMSE: 987.395325, rot_MAE: 857.987732, trans_MSE: 2404.201416, trans_RMSE: 49.032658, trans_MAE: 33.595280
==TEST==
A--------->B
EPOCH:: 7, Loss: 8387.575051, Cycle Loss: 1230.441481, MSE: 1281751.170196, RMSE: 1132.144501, MAE: 563.484631, rot_MSE: 967330.000000, rot_RMSE: 983.529358, rot_MAE: 849.826294, trans_MSE: 7157.005371, trans_RMSE: 84.599083, trans_MAE: 51.303719
B--------->A
EPOCH:: 7, Loss: 8387.575051, MSE: 1278747.393530, RMSE: 1130.817135, MAE: 561.945393, rot_MSE: 968624.125000, rot_RMSE: 984.187012, rot_MAE: 850.428040, trans_MSE: 2889.504150, trans_RMSE: 53.754108, trans_MAE: 37.708286
==BEST TEST==
A--------->B
EPOCH:: 7, Loss: 8387.575051, Cycle Loss: 1230.441481, MSE: 1281751.170196, RMSE: 1132.144501, MAE: 563.484631, rot_MSE: 967330.000000, rot_RMSE: 983.529358, rot_MAE: 849.826294, trans_MSE: 7157.005371, trans_RMSE: 84.599083, trans_MAE: 51.303719
B--------->A
EPOCH:: 7, Loss: 8387.575051, MSE: 1278747.393530, RMSE: 1130.817135, MAE: 561.945393, rot_MSE: 968624.125000, rot_RMSE: 984.187012, rot_MAE: 850.428040, trans_MSE: 2889.504150, trans_RMSE: 53.754108, trans_MAE: 37.708286
==TRAIN==
A--------->B
EPOCH:: 8, Loss: 2553.665735, Cycle Loss:, 387.849471, MSE: 1314571.645423, RMSE: 1146.547707, MAE: 585.103208, rot_MSE: 972508.687500, rot_RMSE: 986.158569, rot_MAE: 856.681641, trans_MSE: 2165.698975, trans_RMSE: 46.537071, trans_MAE: 29.673147
B--------->A
EPOCH:: 8, Loss: 2553.665735, MSE: 1314126.717583, RMSE: 1146.353662, MAE: 584.812960, rot_MSE: 973830.312500, rot_RMSE: 986.828430, rot_MAE: 857.109985, trans_MSE: 1497.710938, trans_RMSE: 38.700272, trans_MAE: 26.956057
==TEST==
A--------->B
EPOCH:: 8, Loss: 4343.407960, Cycle Loss: 606.938372, MSE: 1278912.017691, RMSE: 1130.889923, MAE: 563.789667, rot_MSE: 967317.875000, rot_RMSE: 983.523193, rot_MAE: 850.010864, trans_MSE: 3736.338135, trans_RMSE: 61.125591, trans_MAE: 42.055973
B--------->A
EPOCH:: 8, Loss: 4343.407960, MSE: 1277851.245222, RMSE: 1130.420827, MAE: 561.275511, rot_MSE: 968186.625000, rot_RMSE: 983.964722, rot_MAE: 850.395691, trans_MSE: 2177.153320, trans_RMSE: 46.659977, trans_MAE: 34.912964
==BEST TEST==
A--------->B
EPOCH:: 8, Loss: 4343.407960, Cycle Loss: 606.938372, MSE: 1278912.017691, RMSE: 1130.889923, MAE: 563.789667, rot_MSE: 967317.875000, rot_RMSE: 983.523193, rot_MAE: 850.010864, trans_MSE: 3736.338135, trans_RMSE: 61.125591, trans_MAE: 42.055973
B--------->A
EPOCH:: 8, Loss: 4343.407960, MSE: 1277851.245222, RMSE: 1130.420827, MAE: 561.275511, rot_MSE: 968186.625000, rot_RMSE: 983.964722, rot_MAE: 850.395691, trans_MSE: 2177.153320, trans_RMSE: 46.659977, trans_MAE: 34.912964
==TRAIN==
A--------->B
EPOCH:: 9, Loss: 2267.456903, Cycle Loss:, 327.573239, MSE: 1313929.660983, RMSE: 1146.267709, MAE: 585.499727, rot_MSE: 972822.937500, rot_RMSE: 986.317871, rot_MAE: 856.888306, trans_MSE: 1939.771729, trans_RMSE: 44.042839, trans_MAE: 25.920914
B--------->A
EPOCH:: 9, Loss: 2267.456903, MSE: 1313491.961294, RMSE: 1146.076769, MAE: 584.104947, rot_MSE: 973637.375000, rot_RMSE: 986.730652, rot_MAE: 857.238831, trans_MSE: 1364.661987, trans_RMSE: 36.941330, trans_MAE: 24.359461
==TEST==
A--------->B
EPOCH:: 9, Loss: 4798.698832, Cycle Loss: 730.831376, MSE: 1278305.265625, RMSE: 1130.621628, MAE: 564.459723, rot_MSE: 966380.437500, rot_RMSE: 983.046509, rot_MAE: 849.082703, trans_MSE: 4067.702148, trans_RMSE: 63.778542, trans_MAE: 44.382957
B--------->A
EPOCH:: 9, Loss: 4798.698832, MSE: 1277893.400374, RMSE: 1130.439472, MAE: 561.490556, rot_MSE: 968340.000000, rot_RMSE: 984.042664, rot_MAE: 850.619141, trans_MSE: 2990.367432, trans_RMSE: 54.684254, trans_MAE: 39.362244
==BEST TEST==
A--------->B
EPOCH:: 9, Loss: 4343.407960, Cycle Loss: 606.938372, MSE: 1278912.017691, RMSE: 1130.889923, MAE: 563.789667, rot_MSE: 967317.875000, rot_RMSE: 983.523193, rot_MAE: 850.010864, trans_MSE: 3736.338135, trans_RMSE: 61.125591, trans_MAE: 42.055973
B--------->A
EPOCH:: 9, Loss: 4343.407960, MSE: 1277851.245222, RMSE: 1130.420827, MAE: 561.275511, rot_MSE: 968186.625000, rot_RMSE: 983.964722, rot_MAE: 850.395691, trans_MSE: 2177.153320, trans_RMSE: 46.659977, trans_MAE: 34.912964
==TRAIN==
A--------->B
EPOCH:: 10, Loss: 1480.120278, Cycle Loss:, 247.607268, MSE: 1320017.475169, RMSE: 1148.920134, MAE: 587.167894, rot_MSE: 972608.437500, rot_RMSE: 986.209106, rot_MAE: 857.140137, trans_MSE: 1232.400635, trans_RMSE: 35.105564, trans_MAE: 22.550873
B--------->A
EPOCH:: 10, Loss: 1480.120278, MSE: 1319901.434031, RMSE: 1148.869633, MAE: 585.886155, rot_MSE: 974041.937500, rot_RMSE: 986.935608, rot_MAE: 857.490662, trans_MSE: 1183.317871, trans_RMSE: 34.399387, trans_MAE: 22.681932
==TEST==
A--------->B
EPOCH:: 10, Loss: 5072.017275, Cycle Loss: 774.879591, MSE: 1278642.961389, RMSE: 1130.770959, MAE: 564.537385, rot_MSE: 966126.562500, rot_RMSE: 982.917358, rot_MAE: 848.746887, trans_MSE: 4296.959473, trans_RMSE: 65.551201, trans_MAE: 45.113430
B--------->A
EPOCH:: 10, Loss: 5072.017275, MSE: 1277889.739669, RMSE: 1130.437853, MAE: 561.115101, rot_MSE: 968284.312500, rot_RMSE: 984.014404, rot_MAE: 850.631775, trans_MSE: 2887.985107, trans_RMSE: 53.739975, trans_MAE: 39.019566
==BEST TEST==
A--------->B
EPOCH:: 10, Loss: 4343.407960, Cycle Loss: 606.938372, MSE: 1278912.017691, RMSE: 1130.889923, MAE: 563.789667, rot_MSE: 967317.875000, rot_RMSE: 983.523193, rot_MAE: 850.010864, trans_MSE: 3736.338135, trans_RMSE: 61.125591, trans_MAE: 42.055973
B--------->A
EPOCH:: 10, Loss: 4343.407960, MSE: 1277851.245222, RMSE: 1130.420827, MAE: 561.275511, rot_MSE: 968186.625000, rot_RMSE: 983.964722, rot_MAE: 850.395691, trans_MSE: 2177.153320, trans_RMSE: 46.659977, trans_MAE: 34.912964
==TRAIN==
A--------->B
EPOCH:: 11, Loss: 1328.500003, Cycle Loss:, 213.654228, MSE: 1314013.596019, RMSE: 1146.304321, MAE: 585.578008, rot_MSE: 972920.937500, rot_RMSE: 986.367554, rot_MAE: 856.993774, trans_MSE: 1114.730347, trans_RMSE: 33.387577, trans_MAE: 20.279341
B--------->A
EPOCH:: 11, Loss: 1328.500003, MSE: 1313926.993257, RMSE: 1146.266545, MAE: 584.886092, rot_MSE: 974182.125000, rot_RMSE: 987.006653, rot_MAE: 857.608582, trans_MSE: 970.315186, trans_RMSE: 31.149883, trans_MAE: 20.387903
==TEST==
A--------->B
EPOCH:: 11, Loss: 3823.218382, Cycle Loss: 577.059116, MSE: 1277779.078448, RMSE: 1130.388906, MAE: 564.556002, rot_MSE: 965748.437500, rot_RMSE: 982.724976, rot_MAE: 849.350891, trans_MSE: 3245.990967, trans_RMSE: 56.973598, trans_MAE: 40.443047
B--------->A
EPOCH:: 11, Loss: 3823.218382, MSE: 1277350.419357, RMSE: 1130.199283, MAE: 561.730735, rot_MSE: 969283.062500, rot_RMSE: 984.521729, rot_MAE: 850.586792, trans_MSE: 2296.236572, trans_RMSE: 47.919064, trans_MAE: 35.626560
==BEST TEST==
A--------->B
EPOCH:: 11, Loss: 3823.218382, Cycle Loss: 577.059116, MSE: 1277779.078448, RMSE: 1130.388906, MAE: 564.556002, rot_MSE: 965748.437500, rot_RMSE: 982.724976, rot_MAE: 849.350891, trans_MSE: 3245.990967, trans_RMSE: 56.973598, trans_MAE: 40.443047
B--------->A
EPOCH:: 11, Loss: 3823.218382, MSE: 1277350.419357, RMSE: 1130.199283, MAE: 561.730735, rot_MSE: 969283.062500, rot_RMSE: 984.521729, rot_MAE: 850.586792, trans_MSE: 2296.236572, trans_RMSE: 47.919064, trans_MAE: 35.626560
==TRAIN==
A--------->B
EPOCH:: 12, Loss: 1145.497344, Cycle Loss:, 202.929721, MSE: 1319910.261346, RMSE: 1148.873475, MAE: 587.279227, rot_MSE: 972170.562500, rot_RMSE: 985.987122, rot_MAE: 857.046326, trans_MSE: 942.448975, trans_RMSE: 30.699331, trans_MAE: 19.536951
B--------->A
EPOCH:: 12, Loss: 1145.497344, MSE: 1319994.413706, RMSE: 1148.910098, MAE: 585.795275, rot_MSE: 973767.687500, rot_RMSE: 986.796692, rot_MAE: 857.521606, trans_MSE: 1012.842468, trans_RMSE: 31.825186, trans_MAE: 20.154377
==TEST==
A--------->B
EPOCH:: 12, Loss: 2870.014511, Cycle Loss: 445.491776, MSE: 1279949.029184, RMSE: 1131.348324, MAE: 564.285000, rot_MSE: 964580.437500, rot_RMSE: 982.130554, rot_MAE: 848.825256, trans_MSE: 2424.374756, trans_RMSE: 49.237942, trans_MAE: 33.243790
B--------->A
EPOCH:: 12, Loss: 2870.014511, MSE: 1279527.088326, RMSE: 1131.161831, MAE: 562.087887, rot_MSE: 966957.312500, rot_RMSE: 983.339905, rot_MAE: 850.269287, trans_MSE: 1779.359497, trans_RMSE: 42.182453, trans_MAE: 28.352026
==BEST TEST==
A--------->B
EPOCH:: 12, Loss: 2870.014511, Cycle Loss: 445.491776, MSE: 1279949.029184, RMSE: 1131.348324, MAE: 564.285000, rot_MSE: 964580.437500, rot_RMSE: 982.130554, rot_MAE: 848.825256, trans_MSE: 2424.374756, trans_RMSE: 49.237942, trans_MAE: 33.243790
B--------->A
EPOCH:: 12, Loss: 2870.014511, MSE: 1279527.088326, RMSE: 1131.161831, MAE: 562.087887, rot_MSE: 966957.312500, rot_RMSE: 983.339905, rot_MAE: 850.269287, trans_MSE: 1779.359497, trans_RMSE: 42.182453, trans_MAE: 28.352026
==TRAIN==
A--------->B
EPOCH:: 13, Loss: 1273.714593, Cycle Loss:, 212.101582, MSE: 1314394.455913, RMSE: 1146.470434, MAE: 585.722993, rot_MSE: 972257.875000, rot_RMSE: 986.031372, rot_MAE: 856.943115, trans_MSE: 1061.490723, trans_RMSE: 32.580528, trans_MAE: 18.730419
B--------->A
EPOCH:: 13, Loss: 1273.714593, MSE: 1314260.275350, RMSE: 1146.411913, MAE: 585.034327, rot_MSE: 974880.812500, rot_RMSE: 987.360535, rot_MAE: 857.784668, trans_MSE: 956.793762, trans_RMSE: 30.932083, trans_MAE: 19.500090
==TEST==
A--------->B
EPOCH:: 13, Loss: 2852.066200, Cycle Loss: 433.284210, MSE: 1278227.399019, RMSE: 1130.587192, MAE: 564.477689, rot_MSE: 965974.125000, rot_RMSE: 982.839844, rot_MAE: 849.604919, trans_MSE: 2418.591309, trans_RMSE: 49.179176, trans_MAE: 33.333076
B--------->A
EPOCH:: 13, Loss: 2852.066200, MSE: 1277682.525310, RMSE: 1130.346197, MAE: 560.242709, rot_MSE: 967717.000000, rot_RMSE: 983.726074, rot_MAE: 850.714111, trans_MSE: 1739.371582, trans_RMSE: 41.705772, trans_MAE: 30.350468
==BEST TEST==
A--------->B
EPOCH:: 13, Loss: 2852.066200, Cycle Loss: 433.284210, MSE: 1278227.399019, RMSE: 1130.587192, MAE: 564.477689, rot_MSE: 965974.125000, rot_RMSE: 982.839844, rot_MAE: 849.604919, trans_MSE: 2418.591309, trans_RMSE: 49.179176, trans_MAE: 33.333076
B--------->A
EPOCH:: 13, Loss: 2852.066200, MSE: 1277682.525310, RMSE: 1130.346197, MAE: 560.242709, rot_MSE: 967717.000000, rot_RMSE: 983.726074, rot_MAE: 850.714111, trans_MSE: 1739.371582, trans_RMSE: 41.705772, trans_MAE: 30.350468
==TRAIN==
A--------->B
EPOCH:: 14, Loss: 1515.113025, Cycle Loss:, 234.541690, MSE: 1319652.934291, RMSE: 1148.761478, MAE: 586.982440, rot_MSE: 973011.187500, rot_RMSE: 986.413269, rot_MAE: 857.093201, trans_MSE: 1280.454712, trans_RMSE: 35.783443, trans_MAE: 21.044531
B--------->A
EPOCH:: 14, Loss: 1515.113025, MSE: 1319324.907255, RMSE: 1148.618695, MAE: 585.665595, rot_MSE: 975544.312500, rot_RMSE: 987.696472, rot_MAE: 858.075378, trans_MSE: 904.758057, trans_RMSE: 30.079197, trans_MAE: 19.846678
==TEST==
A--------->B
EPOCH:: 14, Loss: 4353.342821, Cycle Loss: 671.749865, MSE: 1277831.693827, RMSE: 1130.412179, MAE: 564.652141, rot_MSE: 970322.625000, rot_RMSE: 985.049561, rot_MAE: 851.351562, trans_MSE: 3681.352539, trans_RMSE: 60.674152, trans_MAE: 41.110546
B--------->A
EPOCH:: 14, Loss: 4353.342821, MSE: 1277511.472301, RMSE: 1130.270531, MAE: 561.974271, rot_MSE: 967291.250000, rot_RMSE: 983.509644, rot_MAE: 850.279114, trans_MSE: 2888.788330, trans_RMSE: 53.747448, trans_MAE: 38.197193
==BEST TEST==
A--------->B
EPOCH:: 14, Loss: 2852.066200, Cycle Loss: 433.284210, MSE: 1278227.399019, RMSE: 1130.587192, MAE: 564.477689, rot_MSE: 965974.125000, rot_RMSE: 982.839844, rot_MAE: 849.604919, trans_MSE: 2418.591309, trans_RMSE: 49.179176, trans_MAE: 33.333076
B--------->A
EPOCH:: 14, Loss: 2852.066200, MSE: 1277682.525310, RMSE: 1130.346197, MAE: 560.242709, rot_MSE: 967717.000000, rot_RMSE: 983.726074, rot_MAE: 850.714111, trans_MSE: 1739.371582, trans_RMSE: 41.705772, trans_MAE: 30.350468
==TRAIN==
A--------->B
EPOCH:: 15, Loss: 1241.805570, Cycle Loss:, 187.532931, MSE: 1319377.494684, RMSE: 1148.641587, MAE: 587.353406, rot_MSE: 973517.562500, rot_RMSE: 986.669922, rot_MAE: 857.553101, trans_MSE: 1054.149170, trans_RMSE: 32.467663, trans_MAE: 20.227430
B--------->A
EPOCH:: 15, Loss: 1241.805570, MSE: 1319211.834025, RMSE: 1148.569473, MAE: 586.411580, rot_MSE: 975049.562500, rot_RMSE: 987.445984, rot_MAE: 857.653381, trans_MSE: 897.733032, trans_RMSE: 29.962193, trans_MAE: 18.773262
==TEST==
A--------->B
EPOCH:: 15, Loss: 5144.888519, Cycle Loss: 756.980739, MSE: 1277868.098592, RMSE: 1130.428281, MAE: 564.928693, rot_MSE: 970950.875000, rot_RMSE: 985.368408, rot_MAE: 851.279968, trans_MSE: 4387.649902, trans_RMSE: 66.239342, trans_MAE: 45.430882
B--------->A
EPOCH:: 15, Loss: 5144.888519, MSE: 1277376.990186, RMSE: 1130.211038, MAE: 561.093241, rot_MSE: 967701.000000, rot_RMSE: 983.717957, rot_MAE: 850.681824, trans_MSE: 2880.814941, trans_RMSE: 53.673225, trans_MAE: 39.014118
==BEST TEST==
A--------->B
EPOCH:: 15, Loss: 2852.066200, Cycle Loss: 433.284210, MSE: 1278227.399019, RMSE: 1130.587192, MAE: 564.477689, rot_MSE: 965974.125000, rot_RMSE: 982.839844, rot_MAE: 849.604919, trans_MSE: 2418.591309, trans_RMSE: 49.179176, trans_MAE: 33.333076
B--------->A
EPOCH:: 15, Loss: 2852.066200, MSE: 1277682.525310, RMSE: 1130.346197, MAE: 560.242709, rot_MSE: 967717.000000, rot_RMSE: 983.726074, rot_MAE: 850.714111, trans_MSE: 1739.371582, trans_RMSE: 41.705772, trans_MAE: 30.350468
==TRAIN==
A--------->B
EPOCH:: 16, Loss: 1020.625069, Cycle Loss:, 165.463399, MSE: 1314796.180628, RMSE: 1146.645621, MAE: 585.647794, rot_MSE: 972957.625000, rot_RMSE: 986.386169, rot_MAE: 856.823669, trans_MSE: 855.036133, trans_RMSE: 29.241001, trans_MAE: 17.436174
B--------->A
EPOCH:: 16, Loss: 1020.625069, MSE: 1314714.169606, RMSE: 1146.609859, MAE: 583.983022, rot_MSE: 974321.062500, rot_RMSE: 987.077026, rot_MAE: 857.634827, trans_MSE: 732.892090, trans_RMSE: 27.071980, trans_MAE: 16.693729
==TEST==
A--------->B
EPOCH:: 16, Loss: 42345.097435, Cycle Loss: 4019.105241, MSE: 1303272.243543, RMSE: 1141.609497, MAE: 568.788934, rot_MSE: 969056.625000, rot_RMSE: 984.406738, rot_MAE: 851.026184, trans_MSE: 38325.761719, trans_RMSE: 195.769669, trans_MAE: 73.502121
B--------->A
EPOCH:: 16, Loss: 42345.097435, MSE: 1279258.151989, RMSE: 1131.042949, MAE: 565.657488, rot_MSE: 975165.000000, rot_RMSE: 987.504456, rot_MAE: 853.580750, trans_MSE: 5850.195801, trans_RMSE: 76.486572, trans_MAE: 52.205318
==BEST TEST==
A--------->B
EPOCH:: 16, Loss: 2852.066200, Cycle Loss: 433.284210, MSE: 1278227.399019, RMSE: 1130.587192, MAE: 564.477689, rot_MSE: 965974.125000, rot_RMSE: 982.839844, rot_MAE: 849.604919, trans_MSE: 2418.591309, trans_RMSE: 49.179176, trans_MAE: 33.333076
B--------->A
EPOCH:: 16, Loss: 2852.066200, MSE: 1277682.525310, RMSE: 1130.346197, MAE: 560.242709, rot_MSE: 967717.000000, rot_RMSE: 983.726074, rot_MAE: 850.714111, trans_MSE: 1739.371582, trans_RMSE: 41.705772, trans_MAE: 30.350468
==TRAIN==
A--------->B
EPOCH:: 17, Loss: 820.704726, Cycle Loss:, 147.144662, MSE: 1319123.189607, RMSE: 1148.530883, MAE: 587.167097, rot_MSE: 970645.750000, rot_RMSE: 985.213562, rot_MAE: 855.839905, trans_MSE: 673.442017, trans_RMSE: 25.950762, trans_MAE: 16.862942
B--------->A
EPOCH:: 17, Loss: 820.704726, MSE: 1319193.286923, RMSE: 1148.561399, MAE: 586.292335, rot_MSE: 973152.500000, rot_RMSE: 986.484924, rot_MAE: 856.479431, trans_MSE: 774.677917, trans_RMSE: 27.833036, trans_MAE: 16.719601
==TEST==
A--------->B
EPOCH:: 17, Loss: 3096.635016, Cycle Loss: 462.819654, MSE: 1278410.070312, RMSE: 1130.667975, MAE: 564.704762, rot_MSE: 967116.000000, rot_RMSE: 983.420532, rot_MAE: 851.771423, trans_MSE: 2633.615723, trans_RMSE: 51.318768, trans_MAE: 34.601063
B--------->A
EPOCH:: 17, Loss: 3096.635016, MSE: 1277455.675362, RMSE: 1130.245847, MAE: 562.122540, rot_MSE: 969701.812500, rot_RMSE: 984.734375, rot_MAE: 851.560669, trans_MSE: 1477.427734, trans_RMSE: 38.437321, trans_MAE: 27.286974
==BEST TEST==
A--------->B
EPOCH:: 17, Loss: 2852.066200, Cycle Loss: 433.284210, MSE: 1278227.399019, RMSE: 1130.587192, MAE: 564.477689, rot_MSE: 965974.125000, rot_RMSE: 982.839844, rot_MAE: 849.604919, trans_MSE: 2418.591309, trans_RMSE: 49.179176, trans_MAE: 33.333076
B--------->A
EPOCH:: 17, Loss: 2852.066200, MSE: 1277682.525310, RMSE: 1130.346197, MAE: 560.242709, rot_MSE: 967717.000000, rot_RMSE: 983.726074, rot_MAE: 850.714111, trans_MSE: 1739.371582, trans_RMSE: 41.705772, trans_MAE: 30.350468
==TRAIN==
A--------->B
EPOCH:: 18, Loss: 7062.318671, Cycle Loss:, 898.001487, MSE: 1315629.347737, RMSE: 1147.008870, MAE: 586.274890, rot_MSE: 973868.625000, rot_RMSE: 986.847839, rot_MAE: 857.440552, trans_MSE: 6164.207520, trans_RMSE: 78.512466, trans_MAE: 35.141502
B--------->A
EPOCH:: 18, Loss: 7062.318671, MSE: 1312706.047523, RMSE: 1145.733847, MAE: 587.666430, rot_MSE: 976280.437500, rot_RMSE: 988.069031, rot_MAE: 858.134338, trans_MSE: 2270.817871, trans_RMSE: 47.653099, trans_MAE: 30.336935
==TEST==
A--------->B
EPOCH:: 18, Loss: 7099.674471, Cycle Loss: 1244.286400, MSE: 1283562.179558, RMSE: 1132.944032, MAE: 566.855317, rot_MSE: 968317.000000, rot_RMSE: 984.031006, rot_MAE: 850.343140, trans_MSE: 5855.166504, trans_RMSE: 76.519058, trans_MAE: 50.928890
B--------->A
EPOCH:: 18, Loss: 7099.674471, MSE: 1282083.250323, RMSE: 1132.291151, MAE: 565.624379, rot_MSE: 977866.312500, rot_RMSE: 988.871216, rot_MAE: 854.943176, trans_MSE: 4409.773438, trans_RMSE: 66.406128, trans_MAE: 46.489368
==BEST TEST==
A--------->B
EPOCH:: 18, Loss: 2852.066200, Cycle Loss: 433.284210, MSE: 1278227.399019, RMSE: 1130.587192, MAE: 564.477689, rot_MSE: 965974.125000, rot_RMSE: 982.839844, rot_MAE: 849.604919, trans_MSE: 2418.591309, trans_RMSE: 49.179176, trans_MAE: 33.333076
B--------->A
EPOCH:: 18, Loss: 2852.066200, MSE: 1277682.525310, RMSE: 1130.346197, MAE: 560.242709, rot_MSE: 967717.000000, rot_RMSE: 983.726074, rot_MAE: 850.714111, trans_MSE: 1739.371582, trans_RMSE: 41.705772, trans_MAE: 30.350468
==TRAIN==
A--------->B
EPOCH:: 19, Loss: 1491.286673, Cycle Loss:, 276.464588, MSE: 1318913.509271, RMSE: 1148.439598, MAE: 587.299284, rot_MSE: 973579.937500, rot_RMSE: 986.701538, rot_MAE: 857.388306, trans_MSE: 1214.708984, trans_RMSE: 34.852676, trans_MAE: 20.523573
B--------->A
EPOCH:: 19, Loss: 1491.286673, MSE: 1319006.768932, RMSE: 1148.480200, MAE: 587.957727, rot_MSE: 975487.500000, rot_RMSE: 987.667725, rot_MAE: 858.145203, trans_MSE: 1258.114624, trans_RMSE: 35.469910, trans_MAE: 20.805239
==TEST==
A--------->B
EPOCH:: 19, Loss: 3992.938140, Cycle Loss: 621.229728, MSE: 1281354.194731, RMSE: 1131.969167, MAE: 565.746923, rot_MSE: 973141.312500, rot_RMSE: 986.479248, rot_MAE: 851.580139, trans_MSE: 3371.460693, trans_RMSE: 58.064281, trans_MAE: 39.419083
B--------->A
EPOCH:: 19, Loss: 3992.938140, MSE: 1280199.752970, RMSE: 1131.459126, MAE: 562.805299, rot_MSE: 974198.375000, rot_RMSE: 987.014893, rot_MAE: 852.804260, trans_MSE: 2310.729736, trans_RMSE: 48.070049, trans_MAE: 34.425297
==BEST TEST==
A--------->B
EPOCH:: 19, Loss: 2852.066200, Cycle Loss: 433.284210, MSE: 1278227.399019, RMSE: 1130.587192, MAE: 564.477689, rot_MSE: 965974.125000, rot_RMSE: 982.839844, rot_MAE: 849.604919, trans_MSE: 2418.591309, trans_RMSE: 49.179176, trans_MAE: 33.333076
B--------->A
EPOCH:: 19, Loss: 2852.066200, MSE: 1277682.525310, RMSE: 1130.346197, MAE: 560.242709, rot_MSE: 967717.000000, rot_RMSE: 983.726074, rot_MAE: 850.714111, trans_MSE: 1739.371582, trans_RMSE: 41.705772, trans_MAE: 30.350468
==TRAIN==
A--------->B
EPOCH:: 20, Loss: 5938.952096, Cycle Loss:, 716.337368, MSE: 1322769.443108, RMSE: 1150.117143, MAE: 587.769646, rot_MSE: 974813.500000, rot_RMSE: 987.326416, rot_MAE: 857.900696, trans_MSE: 5222.491211, trans_RMSE: 72.266808, trans_MAE: 28.968679
B--------->A
EPOCH:: 20, Loss: 5938.952096, MSE: 1320317.345112, RMSE: 1149.050628, MAE: 587.994692, rot_MSE: 975622.000000, rot_RMSE: 987.735779, rot_MAE: 857.992737, trans_MSE: 1981.588989, trans_RMSE: 44.515041, trans_MAE: 26.402403
==TEST==
A--------->B
EPOCH:: 20, Loss: 6305.225670, Cycle Loss: 1128.521041, MSE: 1281196.906250, RMSE: 1131.899689, MAE: 566.698946, rot_MSE: 978087.562500, rot_RMSE: 988.983093, rot_MAE: 854.058044, trans_MSE: 5176.440430, trans_RMSE: 71.947487, trans_MAE: 48.980038
B--------->A
EPOCH:: 20, Loss: 6305.225670, MSE: 1280685.373450, RMSE: 1131.673704, MAE: 565.443101, rot_MSE: 969026.437500, rot_RMSE: 984.391418, rot_MAE: 850.440918, trans_MSE: 4411.001465, trans_RMSE: 66.415367, trans_MAE: 48.446293
==BEST TEST==
A--------->B
EPOCH:: 20, Loss: 2852.066200, Cycle Loss: 433.284210, MSE: 1278227.399019, RMSE: 1130.587192, MAE: 564.477689, rot_MSE: 965974.125000, rot_RMSE: 982.839844, rot_MAE: 849.604919, trans_MSE: 2418.591309, trans_RMSE: 49.179176, trans_MAE: 33.333076
B--------->A
EPOCH:: 20, Loss: 2852.066200, MSE: 1277682.525310, RMSE: 1130.346197, MAE: 560.242709, rot_MSE: 967717.000000, rot_RMSE: 983.726074, rot_MAE: 850.714111, trans_MSE: 1739.371582, trans_RMSE: 41.705772, trans_MAE: 30.350468
==TRAIN==
A--------->B
EPOCH:: 21, Loss: 2259.369653, Cycle Loss:, 325.996560, MSE: 1319983.882294, RMSE: 1148.905515, MAE: 588.285342, rot_MSE: 975208.437500, rot_RMSE: 987.526428, rot_MAE: 857.564514, trans_MSE: 1933.223755, trans_RMSE: 43.968441, trans_MAE: 24.352789
B--------->A
EPOCH:: 21, Loss: 2259.369653, MSE: 1319272.697906, RMSE: 1148.595968, MAE: 589.075039, rot_MSE: 975785.062500, rot_RMSE: 987.818359, rot_MAE: 858.481140, trans_MSE: 1254.224243, trans_RMSE: 35.415028, trans_MAE: 23.014107
==TEST==
A--------->B
EPOCH:: 21, Loss: 5824.883051, Cycle Loss: 956.902733, MSE: 1279721.737862, RMSE: 1131.247868, MAE: 565.303097, rot_MSE: 971889.562500, rot_RMSE: 985.844604, rot_MAE: 850.743042, trans_MSE: 4867.667969, trans_RMSE: 69.768677, trans_MAE: 46.980743
B--------->A
EPOCH:: 21, Loss: 5824.883051, MSE: 1278699.184788, RMSE: 1130.795819, MAE: 563.172969, rot_MSE: 977631.562500, rot_RMSE: 988.752502, rot_MAE: 854.342285, trans_MSE: 3392.008545, trans_RMSE: 58.240952, trans_MAE: 41.436062
==BEST TEST==
A--------->B
EPOCH:: 21, Loss: 2852.066200, Cycle Loss: 433.284210, MSE: 1278227.399019, RMSE: 1130.587192, MAE: 564.477689, rot_MSE: 965974.125000, rot_RMSE: 982.839844, rot_MAE: 849.604919, trans_MSE: 2418.591309, trans_RMSE: 49.179176, trans_MAE: 33.333076
B--------->A
EPOCH:: 21, Loss: 2852.066200, MSE: 1277682.525310, RMSE: 1130.346197, MAE: 560.242709, rot_MSE: 967717.000000, rot_RMSE: 983.726074, rot_MAE: 850.714111, trans_MSE: 1739.371582, trans_RMSE: 41.705772, trans_MAE: 30.350468
==TRAIN==
A--------->B
EPOCH:: 22, Loss: 1062.734550, Cycle Loss:, 162.917420, MSE: 1319362.033390, RMSE: 1148.634856, MAE: 587.755459, rot_MSE: 973841.875000, rot_RMSE: 986.834290, rot_MAE: 857.123779, trans_MSE: 899.666992, trans_RMSE: 29.994450, trans_MAE: 18.169567
B--------->A
EPOCH:: 22, Loss: 1062.734550, MSE: 1319045.627334, RMSE: 1148.497117, MAE: 588.583890, rot_MSE: 976155.687500, rot_RMSE: 988.005920, rot_MAE: 858.570862, trans_MSE: 600.184692, trans_RMSE: 24.498667, trans_MAE: 16.275496
==TEST==
A--------->B
EPOCH:: 22, Loss: 3817.297535, Cycle Loss: 534.053432, MSE: 1277619.236699, RMSE: 1130.318202, MAE: 566.070321, rot_MSE: 977624.500000, rot_RMSE: 988.748962, rot_MAE: 855.170654, trans_MSE: 3282.856445, trans_RMSE: 57.296215, trans_MAE: 36.827496
B--------->A
EPOCH:: 22, Loss: 3817.297535, MSE: 1277243.302428, RMSE: 1130.151894, MAE: 566.379931, rot_MSE: 968655.500000, rot_RMSE: 984.203003, rot_MAE: 848.997070, trans_MSE: 2340.167969, trans_RMSE: 48.375282, trans_MAE: 34.114273
==BEST TEST==
A--------->B
EPOCH:: 22, Loss: 2852.066200, Cycle Loss: 433.284210, MSE: 1278227.399019, RMSE: 1130.587192, MAE: 564.477689, rot_MSE: 965974.125000, rot_RMSE: 982.839844, rot_MAE: 849.604919, trans_MSE: 2418.591309, trans_RMSE: 49.179176, trans_MAE: 33.333076
B--------->A
EPOCH:: 22, Loss: 2852.066200, MSE: 1277682.525310, RMSE: 1130.346197, MAE: 560.242709, rot_MSE: 967717.000000, rot_RMSE: 983.726074, rot_MAE: 850.714111, trans_MSE: 1739.371582, trans_RMSE: 41.705772, trans_MAE: 30.350468
==TRAIN==
A--------->B
EPOCH:: 23, Loss: 731.453283, Cycle Loss:, 127.695099, MSE: 1319401.323198, RMSE: 1148.651959, MAE: 587.477277, rot_MSE: 977197.687500, rot_RMSE: 988.533081, rot_MAE: 859.128296, trans_MSE: 603.583313, trans_RMSE: 24.567932, trans_MAE: 14.184177
B--------->A
EPOCH:: 23, Loss: 731.453283, MSE: 1319389.581950, RMSE: 1148.646848, MAE: 588.675767, rot_MSE: 976786.750000, rot_RMSE: 988.325195, rot_MAE: 859.039612, trans_MSE: 635.446045, trans_RMSE: 25.208055, trans_MAE: 14.003154
==TEST==
A--------->B
EPOCH:: 23, Loss: 2855.991581, Cycle Loss: 395.908230, MSE: 1277345.155992, RMSE: 1130.196955, MAE: 565.445199, rot_MSE: 976898.125000, rot_RMSE: 988.381592, rot_MAE: 853.768311, trans_MSE: 2459.755371, trans_RMSE: 49.595921, trans_MAE: 30.972073
B--------->A
EPOCH:: 23, Loss: 2855.991581, MSE: 1276511.130617, RMSE: 1129.827921, MAE: 562.905492, rot_MSE: 974118.062500, rot_RMSE: 986.974182, rot_MAE: 852.867798, trans_MSE: 1423.343018, trans_RMSE: 37.727219, trans_MAE: 26.356400
==BEST TEST==
A--------->B
EPOCH:: 23, Loss: 2852.066200, Cycle Loss: 433.284210, MSE: 1278227.399019, RMSE: 1130.587192, MAE: 564.477689, rot_MSE: 965974.125000, rot_RMSE: 982.839844, rot_MAE: 849.604919, trans_MSE: 2418.591309, trans_RMSE: 49.179176, trans_MAE: 33.333076
B--------->A
EPOCH:: 23, Loss: 2852.066200, MSE: 1277682.525310, RMSE: 1130.346197, MAE: 560.242709, rot_MSE: 967717.000000, rot_RMSE: 983.726074, rot_MAE: 850.714111, trans_MSE: 1739.371582, trans_RMSE: 41.705772, trans_MAE: 30.350468
==TRAIN==
A--------->B
EPOCH:: 24, Loss: 595.667943, Cycle Loss:, 112.491579, MSE: 1319291.006483, RMSE: 1148.603938, MAE: 587.428505, rot_MSE: 973392.437500, rot_RMSE: 986.606506, rot_MAE: 857.155457, trans_MSE: 483.016510, trans_RMSE: 21.977636, trans_MAE: 12.667523
B--------->A
EPOCH:: 24, Loss: 595.667943, MSE: 1319330.126167, RMSE: 1148.620967, MAE: 589.501829, rot_MSE: 976180.062500, rot_RMSE: 988.018250, rot_MAE: 858.331665, trans_MSE: 547.883667, trans_RMSE: 23.406916, trans_MAE: 13.173491
==TEST==
A--------->B
EPOCH:: 24, Loss: 5026.100873, Cycle Loss: 686.703360, MSE: 1277488.571862, RMSE: 1130.260400, MAE: 566.231771, rot_MSE: 979025.125000, rot_RMSE: 989.456970, rot_MAE: 854.945862, trans_MSE: 4339.048828, trans_RMSE: 65.871460, trans_MAE: 41.891701
B--------->A
EPOCH:: 24, Loss: 5026.100873, MSE: 1276393.759039, RMSE: 1129.775977, MAE: 564.604691, rot_MSE: 972183.812500, rot_RMSE: 985.993835, rot_MAE: 851.354309, trans_MSE: 2235.054688, trans_RMSE: 47.276363, trans_MAE: 34.052860
==BEST TEST==
A--------->B
EPOCH:: 24, Loss: 2852.066200, Cycle Loss: 433.284210, MSE: 1278227.399019, RMSE: 1130.587192, MAE: 564.477689, rot_MSE: 965974.125000, rot_RMSE: 982.839844, rot_MAE: 849.604919, trans_MSE: 2418.591309, trans_RMSE: 49.179176, trans_MAE: 33.333076
B--------->A
EPOCH:: 24, Loss: 2852.066200, MSE: 1277682.525310, RMSE: 1130.346197, MAE: 560.242709, rot_MSE: 967717.000000, rot_RMSE: 983.726074, rot_MAE: 850.714111, trans_MSE: 1739.371582, trans_RMSE: 41.705772, trans_MAE: 30.350468
==TRAIN==
A--------->B
EPOCH:: 25, Loss: 730.866270, Cycle Loss:, 111.095945, MSE: 1319323.145261, RMSE: 1148.617928, MAE: 587.627438, rot_MSE: 972146.437500, rot_RMSE: 985.974854, rot_MAE: 856.552979, trans_MSE: 619.609253, trans_RMSE: 24.891953, trans_MAE: 13.386559
B--------->A
EPOCH:: 25, Loss: 730.866270, MSE: 1319242.093880, RMSE: 1148.582646, MAE: 590.003904, rot_MSE: 973774.625000, rot_RMSE: 986.800171, rot_MAE: 857.155334, trans_MSE: 458.038300, trans_RMSE: 21.401829, trans_MAE: 13.068474
==TEST==
A--------->B
EPOCH:: 25, Loss: 5006.516238, Cycle Loss: 593.517752, MSE: 1277959.931560, RMSE: 1130.468899, MAE: 564.812123, rot_MSE: 977081.125000, rot_RMSE: 988.474121, rot_MAE: 854.884460, trans_MSE: 4412.676270, trans_RMSE: 66.427979, trans_MAE: 35.908947
B--------->A
EPOCH:: 25, Loss: 5006.516238, MSE: 1275378.679365, RMSE: 1129.326649, MAE: 562.450361, rot_MSE: 970574.625000, rot_RMSE: 985.177429, rot_MAE: 852.950073, trans_MSE: 1407.955200, trans_RMSE: 37.522728, trans_MAE: 26.240068
==BEST TEST==
A--------->B
EPOCH:: 25, Loss: 2852.066200, Cycle Loss: 433.284210, MSE: 1278227.399019, RMSE: 1130.587192, MAE: 564.477689, rot_MSE: 965974.125000, rot_RMSE: 982.839844, rot_MAE: 849.604919, trans_MSE: 2418.591309, trans_RMSE: 49.179176, trans_MAE: 33.333076
B--------->A
EPOCH:: 25, Loss: 2852.066200, MSE: 1277682.525310, RMSE: 1130.346197, MAE: 560.242709, rot_MSE: 967717.000000, rot_RMSE: 983.726074, rot_MAE: 850.714111, trans_MSE: 1739.371582, trans_RMSE: 41.705772, trans_MAE: 30.350468
==TRAIN==
A--------->B
EPOCH:: 26, Loss: 525.790566, Cycle Loss:, 90.459914, MSE: 1313429.847899, RMSE: 1146.049671, MAE: 586.399416, rot_MSE: 972807.000000, rot_RMSE: 986.309814, rot_MAE: 856.618164, trans_MSE: 435.164520, trans_RMSE: 20.860598, trans_MAE: 11.729936
B--------->A
EPOCH:: 26, Loss: 525.790566, MSE: 1313272.637383, RMSE: 1145.981081, MAE: 588.884537, rot_MSE: 974744.687500, rot_RMSE: 987.291565, rot_MAE: 857.059814, trans_MSE: 429.786224, trans_RMSE: 20.731287, trans_MAE: 12.104937
==TEST==
A--------->B
EPOCH:: 26, Loss: 3435.858133, Cycle Loss: 461.137494, MSE: 1275638.579352, RMSE: 1129.441711, MAE: 565.397291, rot_MSE: 976524.500000, rot_RMSE: 988.192566, rot_MAE: 854.490723, trans_MSE: 2974.431152, trans_RMSE: 54.538345, trans_MAE: 33.452904
B--------->A
EPOCH:: 26, Loss: 3435.858133, MSE: 1275013.125710, RMSE: 1129.164791, MAE: 561.340008, rot_MSE: 970990.875000, rot_RMSE: 985.388672, rot_MAE: 852.303040, trans_MSE: 1426.442261, trans_RMSE: 37.768272, trans_MAE: 26.618950
==BEST TEST==
A--------->B
EPOCH:: 26, Loss: 2852.066200, Cycle Loss: 433.284210, MSE: 1278227.399019, RMSE: 1130.587192, MAE: 564.477689, rot_MSE: 965974.125000, rot_RMSE: 982.839844, rot_MAE: 849.604919, trans_MSE: 2418.591309, trans_RMSE: 49.179176, trans_MAE: 33.333076
B--------->A
EPOCH:: 26, Loss: 2852.066200, MSE: 1277682.525310, RMSE: 1130.346197, MAE: 560.242709, rot_MSE: 967717.000000, rot_RMSE: 983.726074, rot_MAE: 850.714111, trans_MSE: 1739.371582, trans_RMSE: 41.705772, trans_MAE: 30.350468
==TRAIN==
A--------->B
EPOCH:: 27, Loss: 474.858046, Cycle Loss:, 89.595692, MSE: 1319810.504700, RMSE: 1148.830059, MAE: 587.895234, rot_MSE: 973166.500000, rot_RMSE: 986.492004, rot_MAE: 856.699890, trans_MSE: 385.108582, trans_RMSE: 19.624184, trans_MAE: 11.343526
B--------->A
EPOCH:: 27, Loss: 474.858046, MSE: 1319868.323878, RMSE: 1148.855223, MAE: 588.876407, rot_MSE: 976686.562500, rot_RMSE: 988.274536, rot_MAE: 858.405273, trans_MSE: 483.274109, trans_RMSE: 21.983496, trans_MAE: 11.802985
==TEST==
A--------->B
EPOCH:: 27, Loss: 3225.325044, Cycle Loss: 441.930935, MSE: 1280508.329287, RMSE: 1131.595480, MAE: 566.738336, rot_MSE: 976530.000000, rot_RMSE: 988.195312, rot_MAE: 854.247070, trans_MSE: 2783.081543, trans_RMSE: 52.754921, trans_MAE: 32.973423
B--------->A
EPOCH:: 27, Loss: 3225.325044, MSE: 1279667.676847, RMSE: 1131.223973, MAE: 564.862932, rot_MSE: 974305.687500, rot_RMSE: 987.069214, rot_MAE: 853.028564, trans_MSE: 1482.850952, trans_RMSE: 38.507805, trans_MAE: 26.888638
==BEST TEST==
A--------->B
EPOCH:: 27, Loss: 2852.066200, Cycle Loss: 433.284210, MSE: 1278227.399019, RMSE: 1130.587192, MAE: 564.477689, rot_MSE: 965974.125000, rot_RMSE: 982.839844, rot_MAE: 849.604919, trans_MSE: 2418.591309, trans_RMSE: 49.179176, trans_MAE: 33.333076
B--------->A
EPOCH:: 27, Loss: 2852.066200, MSE: 1277682.525310, RMSE: 1130.346197, MAE: 560.242709, rot_MSE: 967717.000000, rot_RMSE: 983.726074, rot_MAE: 850.714111, trans_MSE: 1739.371582, trans_RMSE: 41.705772, trans_MAE: 30.350468
Namespace(exp_name='exp', model='dcp', emb_nn='dgcnn', pointer='transformer', head='svd', emb_dims=512, n_blocks=1, n_heads=4, ff_dims=1024, dropout=0.0, batch_size=4, test_batch_size=5, epochs=250, use_sgd=False, lr=0.001, momentum=0.9, no_cuda=False, seed=1234, eval=False, cycle=True, num_points=1024, model_path='', train_path='/mnt/d/SICK/pay-10-bucks/DCPwithIntensity/dataset', test_path='/mnt/d/SICK/pay-10-bucks/DCPwithIntensity/dataset', use_intensity=True, num_workers=4)
Using 4 input channels.
Train data: 966 pairs, Test data: 242 pairs
==TRAIN==
A--------->B
EPOCH:: 0, Loss: 155242.831483, Cycle Loss:, 17433.566692, MSE: 1422574.921259, RMSE: 1192.717452, MAE: 597.371975, rot_MSE: 972264.000000, rot_RMSE: 986.034485, rot_MAE: 856.197083, trans_MSE: 137800.734375, trans_RMSE: 371.215210, trans_MAE: 159.949188
B--------->A
EPOCH:: 0, Loss: 155242.831483, MSE: 1348715.331723, RMSE: 1161.342039, MAE: 592.500349, rot_MSE: 973016.500000, rot_RMSE: 986.416016, rot_MAE: 856.414612, trans_MSE: 39591.921875, trans_RMSE: 198.977188, trans_MAE: 97.267677
==TEST==
A--------->B
EPOCH:: 0, Loss: 110446.055727, Cycle Loss: 11517.508080, MSE: 1346353.202286, RMSE: 1160.324611, MAE: 564.964405, rot_MSE: 968023.625000, rot_RMSE: 983.881897, rot_MAE: 851.053284, trans_MSE: 98919.835938, trans_RMSE: 314.515228, trans_MAE: 123.576080
B--------->A
EPOCH:: 0, Loss: 110446.055727, MSE: 1288053.007490, RMSE: 1134.924230, MAE: 563.962621, rot_MSE: 967867.437500, rot_RMSE: 983.802551, rot_MAE: 851.249329, trans_MSE: 20807.662109, trans_RMSE: 144.248611, trans_MAE: 69.874947
==BEST TEST==
A--------->B
EPOCH:: 0, Loss: 110446.055727, Cycle Loss: 11517.508080, MSE: 1346353.202286, RMSE: 1160.324611, MAE: 564.964405, rot_MSE: 968023.625000, rot_RMSE: 983.881897, rot_MAE: 851.053284, trans_MSE: 98919.835938, trans_RMSE: 314.515228, trans_MAE: 123.576080
B--------->A
EPOCH:: 0, Loss: 110446.055727, MSE: 1288053.007490, RMSE: 1134.924230, MAE: 563.962621, rot_MSE: 967867.437500, rot_RMSE: 983.802551, rot_MAE: 851.249329, trans_MSE: 20807.662109, trans_RMSE: 144.248611, trans_MAE: 69.874947
==TRAIN==
A--------->B
EPOCH:: 1, Loss: 63258.374835, Cycle Loss:, 7491.796006, MSE: 1360186.372407, RMSE: 1166.270283, MAE: 591.398847, rot_MSE: 973234.562500, rot_RMSE: 986.526489, rot_MAE: 856.874939, trans_MSE: 55757.218750, trans_RMSE: 236.129669, trans_MAE: 110.109535
B--------->A
EPOCH:: 1, Loss: 63258.374835, MSE: 1336553.509660, RMSE: 1156.094075, MAE: 590.003283, rot_MSE: 973428.500000, rot_RMSE: 986.624817, rot_MAE: 857.042297, trans_MSE: 24076.902344, trans_RMSE: 155.167343, trans_MAE: 71.373314
==TEST==
A--------->B
EPOCH:: 1, Loss: 129498.454558, Cycle Loss: 13144.396151, MSE: 1361328.838778, RMSE: 1166.759975, MAE: 572.248555, rot_MSE: 967925.687500, rot_RMSE: 983.832153, rot_MAE: 850.603638, trans_MSE: 116345.203125, trans_RMSE: 341.094116, trans_MAE: 135.626877
B--------->A
EPOCH:: 1, Loss: 129498.454558, MSE: 1291670.676847, RMSE: 1136.516906, MAE: 566.532531, rot_MSE: 968741.187500, rot_RMSE: 984.246521, rot_MAE: 851.013245, trans_MSE: 22651.496094, trans_RMSE: 150.504135, trans_MAE: 71.490646
==BEST TEST==
A--------->B
EPOCH:: 1, Loss: 110446.055727, Cycle Loss: 11517.508080, MSE: 1346353.202286, RMSE: 1160.324611, MAE: 564.964405, rot_MSE: 968023.625000, rot_RMSE: 983.881897, rot_MAE: 851.053284, trans_MSE: 98919.835938, trans_RMSE: 314.515228, trans_MAE: 123.576080
B--------->A
EPOCH:: 1, Loss: 110446.055727, MSE: 1288053.007490, RMSE: 1134.924230, MAE: 563.962621, rot_MSE: 967867.437500, rot_RMSE: 983.802551, rot_MAE: 851.249329, trans_MSE: 20807.662109, trans_RMSE: 144.248611, trans_MAE: 69.874947
==TRAIN==
A--------->B
EPOCH:: 2, Loss: 46844.908386, Cycle Loss:, 5831.155946, MSE: 1349918.163673, RMSE: 1161.859787, MAE: 591.397739, rot_MSE: 974231.625000, rot_RMSE: 987.031738, rot_MAE: 857.503784, trans_MSE: 41004.730469, trans_RMSE: 202.496246, trans_MAE: 94.593536
B--------->A
EPOCH:: 2, Loss: 46844.908386, MSE: 1331146.171194, RMSE: 1153.753081, MAE: 591.209295, rot_MSE: 974300.437500, rot_RMSE: 987.066589, rot_MAE: 857.435486, trans_MSE: 16089.850586, trans_RMSE: 126.845772, trans_MAE: 63.109665
==TEST==
A--------->B
EPOCH:: 2, Loss: 265774.519599, Cycle Loss: 27648.197733, MSE: 1456763.650891, RMSE: 1206.964644, MAE: 572.502873, rot_MSE: 965945.625000, rot_RMSE: 982.825317, rot_MAE: 849.935852, trans_MSE: 238116.078125, trans_RMSE: 487.971405, trans_MAE: 175.644775
B--------->A
EPOCH:: 2, Loss: 265774.519599, MSE: 1337434.061144, RMSE: 1156.474842, MAE: 570.616828, rot_MSE: 967759.875000, rot_RMSE: 983.747864, rot_MAE: 850.932312, trans_MSE: 77442.281250, trans_RMSE: 278.284546, trans_MAE: 93.352005
==BEST TEST==
A--------->B
EPOCH:: 2, Loss: 110446.055727, Cycle Loss: 11517.508080, MSE: 1346353.202286, RMSE: 1160.324611, MAE: 564.964405, rot_MSE: 968023.625000, rot_RMSE: 983.881897, rot_MAE: 851.053284, trans_MSE: 98919.835938, trans_RMSE: 314.515228, trans_MAE: 123.576080
B--------->A
EPOCH:: 2, Loss: 110446.055727, MSE: 1288053.007490, RMSE: 1134.924230, MAE: 563.962621, rot_MSE: 967867.437500, rot_RMSE: 983.802551, rot_MAE: 851.249329, trans_MSE: 20807.662109, trans_RMSE: 144.248611, trans_MAE: 69.874947
==TRAIN==
A--------->B
EPOCH:: 3, Loss: 22211.619013, Cycle Loss:, 2765.585353, MSE: 1333844.358305, RMSE: 1154.921797, MAE: 588.123544, rot_MSE: 974543.312500, rot_RMSE: 987.189575, rot_MAE: 857.562256, trans_MSE: 19436.470703, trans_RMSE: 139.414749, trans_MAE: 73.850990
B--------->A
EPOCH:: 3, Loss: 22211.619013, MSE: 1324313.262870, RMSE: 1150.788105, MAE: 589.255154, rot_MSE: 974689.750000, rot_RMSE: 987.263794, rot_MAE: 857.616638, trans_MSE: 6702.404785, trans_RMSE: 81.868217, trans_MAE: 50.432079
==TEST==
A--------->B
EPOCH:: 3, Loss: 139995.939422, Cycle Loss: 16072.223923, MSE: 1373235.021823, RMSE: 1171.851109, MAE: 571.069316, rot_MSE: 967687.375000, rot_RMSE: 983.710999, rot_MAE: 850.513062, trans_MSE: 123912.187500, trans_RMSE: 352.011627, trans_MAE: 131.780609
B--------->A
EPOCH:: 3, Loss: 139995.939422, MSE: 1299901.514269, RMSE: 1140.132235, MAE: 565.102405, rot_MSE: 966046.125000, rot_RMSE: 982.876465, rot_MAE: 850.155151, trans_MSE: 25271.031250, trans_RMSE: 158.968643, trans_MAE: 64.677582
==BEST TEST==
A--------->B
EPOCH:: 3, Loss: 110446.055727, Cycle Loss: 11517.508080, MSE: 1346353.202286, RMSE: 1160.324611, MAE: 564.964405, rot_MSE: 968023.625000, rot_RMSE: 983.881897, rot_MAE: 851.053284, trans_MSE: 98919.835938, trans_RMSE: 314.515228, trans_MAE: 123.576080
B--------->A
EPOCH:: 3, Loss: 110446.055727, MSE: 1288053.007490, RMSE: 1134.924230, MAE: 563.962621, rot_MSE: 967867.437500, rot_RMSE: 983.802551, rot_MAE: 851.249329, trans_MSE: 20807.662109, trans_RMSE: 144.248611, trans_MAE: 69.874947
==TRAIN==
A--------->B
EPOCH:: 4, Loss: 11365.866516, Cycle Loss:, 1453.358612, MSE: 1326538.755705, RMSE: 1151.754642, MAE: 587.800278, rot_MSE: 973350.312500, rot_RMSE: 986.585205, rot_MAE: 857.323669, trans_MSE: 9902.683594, trans_RMSE: 99.512230, trans_MAE: 55.157478
B--------->A
EPOCH:: 4, Loss: 11365.866516, MSE: 1321857.398081, RMSE: 1149.720574, MAE: 589.432002, rot_MSE: 974790.625000, rot_RMSE: 987.314880, rot_MAE: 857.821289, trans_MSE: 3670.999268, trans_RMSE: 60.588772, trans_MAE: 39.687771
==TEST==
A--------->B
EPOCH:: 4, Loss: 53986.631668, Cycle Loss: 8005.316740, MSE: 1315648.348786, RMSE: 1147.017153, MAE: 566.885124, rot_MSE: 968068.562500, rot_RMSE: 983.904724, rot_MAE: 850.838257, trans_MSE: 45969.742188, trans_RMSE: 214.405548, trans_MAE: 89.400314
B--------->A
EPOCH:: 4, Loss: 53986.631668, MSE: 1299740.561790, RMSE: 1140.061648, MAE: 565.382228, rot_MSE: 966404.562500, rot_RMSE: 983.058777, rot_MAE: 850.296814, trans_MSE: 24714.865234, trans_RMSE: 157.209625, trans_MAE: 59.479378
==BEST TEST==
A--------->B
EPOCH:: 4, Loss: 53986.631668, Cycle Loss: 8005.316740, MSE: 1315648.348786, RMSE: 1147.017153, MAE: 566.885124, rot_MSE: 968068.562500, rot_RMSE: 983.904724, rot_MAE: 850.838257, trans_MSE: 45969.742188, trans_RMSE: 214.405548, trans_MAE: 89.400314
B--------->A
EPOCH:: 4, Loss: 53986.631668, MSE: 1299740.561790, RMSE: 1140.061648, MAE: 565.382228, rot_MSE: 966404.562500, rot_RMSE: 983.058777, rot_MAE: 850.296814, trans_MSE: 24714.865234, trans_RMSE: 157.209625, trans_MAE: 59.479378
==TRAIN==
A--------->B
EPOCH:: 5, Loss: 17851.506124, Cycle Loss:, 2240.373884, MSE: 1329465.875065, RMSE: 1153.024664, MAE: 587.938925, rot_MSE: 972727.250000, rot_RMSE: 986.269348, rot_MAE: 856.942749, trans_MSE: 15599.909180, trans_RMSE: 124.899597, trans_MAE: 59.041969
B--------->A
EPOCH:: 5, Loss: 17851.506124, MSE: 1321116.200207, RMSE: 1149.398190, MAE: 587.781295, rot_MSE: 973986.375000, rot_RMSE: 986.907471, rot_MAE: 857.303101, trans_MSE: 4555.280273, trans_RMSE: 67.492813, trans_MAE: 43.351818
==TEST==
A--------->B
EPOCH:: 5, Loss: 12983.809300, Cycle Loss: 1717.102010, MSE: 1288914.437500, RMSE: 1135.303676, MAE: 564.283847, rot_MSE: 969337.312500, rot_RMSE: 984.549316, rot_MAE: 851.305725, trans_MSE: 11250.379883, trans_RMSE: 106.067810, trans_MAE: 60.237614
B--------->A
EPOCH:: 5, Loss: 12983.809300, MSE: 1285438.978822, RMSE: 1133.772014, MAE: 564.296621, rot_MSE: 963932.812500, rot_RMSE: 981.800781, rot_MAE: 848.811035, trans_MSE: 5290.690918, trans_RMSE: 72.737137, trans_MAE: 45.465172
==BEST TEST==
A--------->B
EPOCH:: 5, Loss: 12983.809300, Cycle Loss: 1717.102010, MSE: 1288914.437500, RMSE: 1135.303676, MAE: 564.283847, rot_MSE: 969337.312500, rot_RMSE: 984.549316, rot_MAE: 851.305725, trans_MSE: 11250.379883, trans_RMSE: 106.067810, trans_MAE: 60.237614
B--------->A
EPOCH:: 5, Loss: 12983.809300, MSE: 1285438.978822, RMSE: 1133.772014, MAE: 564.296621, rot_MSE: 963932.812500, rot_RMSE: 981.800781, rot_MAE: 848.811035, trans_MSE: 5290.690918, trans_RMSE: 72.737137, trans_MAE: 45.465172
==TRAIN==
A--------->B
EPOCH:: 6, Loss: 3296.445950, Cycle Loss:, 443.996262, MSE: 1321012.565353, RMSE: 1149.353107, MAE: 587.414761, rot_MSE: 973167.875000, rot_RMSE: 986.492737, rot_MAE: 857.007263, trans_MSE: 2840.341553, trans_RMSE: 53.294853, trans_MAE: 31.050684
B--------->A
EPOCH:: 6, Loss: 3296.445950, MSE: 1320072.703157, RMSE: 1148.944169, MAE: 587.268060, rot_MSE: 973707.000000, rot_RMSE: 986.765930, rot_MAE: 856.975952, trans_MSE: 1684.108032, trans_RMSE: 41.037884, trans_MAE: 26.453474
==TEST==
A--------->B
EPOCH:: 6, Loss: 7475.313662, Cycle Loss: 1019.204556, MSE: 1281749.782089, RMSE: 1132.143888, MAE: 564.585538, rot_MSE: 971611.875000, rot_RMSE: 985.703735, rot_MAE: 852.143188, trans_MSE: 6437.780273, trans_RMSE: 80.235779, trans_MAE: 53.218170
B--------->A
EPOCH:: 6, Loss: 7475.313662, MSE: 1279307.365961, RMSE: 1131.064705, MAE: 561.850664, rot_MSE: 964428.875000, rot_RMSE: 982.053406, rot_MAE: 848.901001, trans_MSE: 2754.079590, trans_RMSE: 52.479324, trans_MAE: 38.844193
==BEST TEST==
A--------->B
EPOCH:: 6, Loss: 7475.313662, Cycle Loss: 1019.204556, MSE: 1281749.782089, RMSE: 1132.143888, MAE: 564.585538, rot_MSE: 971611.875000, rot_RMSE: 985.703735, rot_MAE: 852.143188, trans_MSE: 6437.780273, trans_RMSE: 80.235779, trans_MAE: 53.218170
B--------->A
EPOCH:: 6, Loss: 7475.313662, MSE: 1279307.365961, RMSE: 1131.064705, MAE: 561.850664, rot_MSE: 964428.875000, rot_RMSE: 982.053406, rot_MAE: 848.901001, trans_MSE: 2754.079590, trans_RMSE: 52.479324, trans_MAE: 38.844193
==TRAIN==
A--------->B
EPOCH:: 7, Loss: 3888.454649, Cycle Loss:, 472.083035, MSE: 1315544.248801, RMSE: 1146.971773, MAE: 585.141327, rot_MSE: 973966.500000, rot_RMSE: 986.897400, rot_MAE: 857.676880, trans_MSE: 3403.569580, trans_RMSE: 58.340118, trans_MAE: 26.240532
B--------->A
EPOCH:: 7, Loss: 3888.454649, MSE: 1313862.761735, RMSE: 1146.238527, MAE: 586.103177, rot_MSE: 973486.375000, rot_RMSE: 986.654114, rot_MAE: 856.979614, trans_MSE: 1299.078735, trans_RMSE: 36.042736, trans_MAE: 23.000837
==TEST==
A--------->B
EPOCH:: 7, Loss: 8003.977024, Cycle Loss: 1261.852017, MSE: 1283165.417549, RMSE: 1132.768916, MAE: 564.706292, rot_MSE: 973371.437500, rot_RMSE: 986.595886, rot_MAE: 853.118225, trans_MSE: 6721.567383, trans_RMSE: 81.985168, trans_MAE: 45.531830
B--------->A
EPOCH:: 7, Loss: 8003.977024, MSE: 1280565.818246, RMSE: 1131.620881, MAE: 561.708655, rot_MSE: 965102.187500, rot_RMSE: 982.396118, rot_MAE: 848.440918, trans_MSE: 2931.641113, trans_RMSE: 54.144630, trans_MAE: 33.911221
==BEST TEST==
A--------->B
EPOCH:: 7, Loss: 7475.313662, Cycle Loss: 1019.204556, MSE: 1281749.782089, RMSE: 1132.143888, MAE: 564.585538, rot_MSE: 971611.875000, rot_RMSE: 985.703735, rot_MAE: 852.143188, trans_MSE: 6437.780273, trans_RMSE: 80.235779, trans_MAE: 53.218170
B--------->A
EPOCH:: 7, Loss: 7475.313662, MSE: 1279307.365961, RMSE: 1131.064705, MAE: 561.850664, rot_MSE: 964428.875000, rot_RMSE: 982.053406, rot_MAE: 848.901001, trans_MSE: 2754.079590, trans_RMSE: 52.479324, trans_MAE: 38.844193
==TRAIN==
A--------->B
EPOCH:: 8, Loss: 1341.688692, Cycle Loss:, 215.620557, MSE: 1314538.226660, RMSE: 1146.533134, MAE: 585.924059, rot_MSE: 972340.250000, rot_RMSE: 986.073120, rot_MAE: 856.590271, trans_MSE: 1113.935059, trans_RMSE: 33.375668, trans_MAE: 20.864904
B--------->A
EPOCH:: 8, Loss: 1341.688692, MSE: 1314571.283616, RMSE: 1146.547550, MAE: 585.913758, rot_MSE: 973000.125000, rot_RMSE: 986.407715, rot_MAE: 856.921692, trans_MSE: 1039.838135, trans_RMSE: 32.246521, trans_MAE: 20.713018
==TEST==
A--------->B
EPOCH:: 8, Loss: 5111.328923, Cycle Loss: 785.342781, MSE: 1281534.871643, RMSE: 1132.048971, MAE: 564.830962, rot_MSE: 970892.250000, rot_RMSE: 985.338623, rot_MAE: 852.352112, trans_MSE: 4305.450195, trans_RMSE: 65.615929, trans_MAE: 42.383797
B--------->A
EPOCH:: 8, Loss: 5111.328923, MSE: 1280319.279442, RMSE: 1131.511944, MAE: 561.393250, rot_MSE: 966079.500000, rot_RMSE: 982.893433, rot_MAE: 849.307251, trans_MSE: 2328.791260, trans_RMSE: 48.257553, trans_MAE: 34.110264
==BEST TEST==
A--------->B
EPOCH:: 8, Loss: 5111.328923, Cycle Loss: 785.342781, MSE: 1281534.871643, RMSE: 1132.048971, MAE: 564.830962, rot_MSE: 970892.250000, rot_RMSE: 985.338623, rot_MAE: 852.352112, trans_MSE: 4305.450195, trans_RMSE: 65.615929, trans_MAE: 42.383797
B--------->A
EPOCH:: 8, Loss: 5111.328923, MSE: 1280319.279442, RMSE: 1131.511944, MAE: 561.393250, rot_MSE: 966079.500000, rot_RMSE: 982.893433, rot_MAE: 849.307251, trans_MSE: 2328.791260, trans_RMSE: 48.257553, trans_MAE: 34.110264
==TRAIN==
A--------->B
EPOCH:: 9, Loss: 1395.367340, Cycle Loss:, 222.088627, MSE: 1313945.300895, RMSE: 1146.274531, MAE: 585.522918, rot_MSE: 972295.812500, rot_RMSE: 986.050598, rot_MAE: 856.898499, trans_MSE: 1161.025879, trans_RMSE: 34.073830, trans_MAE: 20.197796
B--------->A
EPOCH:: 9, Loss: 1395.367340, MSE: 1313904.286242, RMSE: 1146.256641, MAE: 585.661577, rot_MSE: 972449.812500, rot_RMSE: 986.128723, rot_MAE: 856.706970, trans_MSE: 1048.013306, trans_RMSE: 32.373035, trans_MAE: 19.760511
==TEST==
A--------->B
EPOCH:: 9, Loss: 5163.192205, Cycle Loss: 789.364660, MSE: 1279556.232890, RMSE: 1131.174714, MAE: 566.434958, rot_MSE: 973587.187500, rot_RMSE: 986.705200, rot_MAE: 853.995239, trans_MSE: 4346.812012, trans_RMSE: 65.930359, trans_MAE: 45.595116
B--------->A
EPOCH:: 9, Loss: 5163.192205, MSE: 1278564.314502, RMSE: 1130.736183, MAE: 562.621913, rot_MSE: 969595.937500, rot_RMSE: 984.680603, rot_MAE: 850.790100, trans_MSE: 2787.895264, trans_RMSE: 52.800522, trans_MAE: 39.068764
==BEST TEST==
A--------->B
EPOCH:: 9, Loss: 5111.328923, Cycle Loss: 785.342781, MSE: 1281534.871643, RMSE: 1132.048971, MAE: 564.830962, rot_MSE: 970892.250000, rot_RMSE: 985.338623, rot_MAE: 852.352112, trans_MSE: 4305.450195, trans_RMSE: 65.615929, trans_MAE: 42.383797
B--------->A
EPOCH:: 9, Loss: 5111.328923, MSE: 1280319.279442, RMSE: 1131.511944, MAE: 561.393250, rot_MSE: 966079.500000, rot_RMSE: 982.893433, rot_MAE: 849.307251, trans_MSE: 2328.791260, trans_RMSE: 48.257553, trans_MAE: 34.110264
==TRAIN==
A--------->B
EPOCH:: 10, Loss: 1235.760417, Cycle Loss:, 218.439664, MSE: 1320017.508980, RMSE: 1148.920149, MAE: 587.057738, rot_MSE: 973283.125000, rot_RMSE: 986.551147, rot_MAE: 857.079163, trans_MSE: 1004.816589, trans_RMSE: 31.698843, trans_MAE: 19.828991
B--------->A
EPOCH:: 10, Loss: 1235.760417, MSE: 1320084.962396, RMSE: 1148.949504, MAE: 588.169641, rot_MSE: 975903.937500, rot_RMSE: 987.878479, rot_MAE: 858.475647, trans_MSE: 1108.121094, trans_RMSE: 33.288452, trans_MAE: 19.865379
==TEST==
A--------->B
EPOCH:: 10, Loss: 5835.191438, Cycle Loss: 869.270788, MSE: 1279761.354726, RMSE: 1131.265378, MAE: 565.984436, rot_MSE: 974447.250000, rot_RMSE: 987.140930, rot_MAE: 851.911255, trans_MSE: 4942.850098, trans_RMSE: 70.305405, trans_MAE: 46.801098
B--------->A
EPOCH:: 10, Loss: 5835.191438, MSE: 1278524.920325, RMSE: 1130.718763, MAE: 563.576783, rot_MSE: 971148.500000, rot_RMSE: 985.468689, rot_MAE: 852.206421, trans_MSE: 2821.546875, trans_RMSE: 53.118237, trans_MAE: 39.261990
==BEST TEST==
A--------->B
EPOCH:: 10, Loss: 5111.328923, Cycle Loss: 785.342781, MSE: 1281534.871643, RMSE: 1132.048971, MAE: 564.830962, rot_MSE: 970892.250000, rot_RMSE: 985.338623, rot_MAE: 852.352112, trans_MSE: 4305.450195, trans_RMSE: 65.615929, trans_MAE: 42.383797
B--------->A
EPOCH:: 10, Loss: 5111.328923, MSE: 1280319.279442, RMSE: 1131.511944, MAE: 561.393250, rot_MSE: 966079.500000, rot_RMSE: 982.893433, rot_MAE: 849.307251, trans_MSE: 2328.791260, trans_RMSE: 48.257553, trans_MAE: 34.110264
==TRAIN==
A--------->B
EPOCH:: 11, Loss: 1114.986618, Cycle Loss:, 179.298711, MSE: 1314227.992188, RMSE: 1146.397833, MAE: 586.055372, rot_MSE: 973388.500000, rot_RMSE: 986.604553, rot_MAE: 856.973877, trans_MSE: 923.317505, trans_RMSE: 30.386141, trans_MAE: 17.775713
B--------->A
EPOCH:: 11, Loss: 1114.986618, MSE: 1314211.018899, RMSE: 1146.390430, MAE: 586.361176, rot_MSE: 974309.250000, rot_RMSE: 987.071045, rot_MAE: 857.300842, trans_MSE: 843.671875, trans_RMSE: 29.046030, trans_MAE: 18.089146
==TEST==
A--------->B
EPOCH:: 11, Loss: 4521.083632, Cycle Loss: 622.061725, MSE: 1279711.713133, RMSE: 1131.243437, MAE: 565.625871, rot_MSE: 974241.875000, rot_RMSE: 987.036926, rot_MAE: 852.868530, trans_MSE: 3878.264404, trans_RMSE: 62.275711, trans_MAE: 40.668331
B--------->A
EPOCH:: 11, Loss: 4521.083632, MSE: 1278269.408897, RMSE: 1130.605771, MAE: 563.301071, rot_MSE: 966979.500000, rot_RMSE: 983.351135, rot_MAE: 850.895996, trans_MSE: 2001.343018, trans_RMSE: 44.736374, trans_MAE: 33.119591
==BEST TEST==
A--------->B
EPOCH:: 11, Loss: 4521.083632, Cycle Loss: 622.061725, MSE: 1279711.713133, RMSE: 1131.243437, MAE: 565.625871, rot_MSE: 974241.875000, rot_RMSE: 987.036926, rot_MAE: 852.868530, trans_MSE: 3878.264404, trans_RMSE: 62.275711, trans_MAE: 40.668331
B--------->A
EPOCH:: 11, Loss: 4521.083632, MSE: 1278269.408897, RMSE: 1130.605771, MAE: 563.301071, rot_MSE: 966979.500000, rot_RMSE: 983.351135, rot_MAE: 850.895996, trans_MSE: 2001.343018, trans_RMSE: 44.736374, trans_MAE: 33.119591
==TRAIN==
A--------->B
EPOCH:: 12, Loss: 937.939791, Cycle Loss:, 169.194305, MSE: 1320187.824916, RMSE: 1148.994267, MAE: 587.620194, rot_MSE: 973278.000000, rot_RMSE: 986.548523, rot_MAE: 857.135315, trans_MSE: 756.080627, trans_RMSE: 27.496920, trans_MAE: 17.131165
B--------->A
EPOCH:: 12, Loss: 937.939791, MSE: 1320315.698198, RMSE: 1149.049911, MAE: 587.978042, rot_MSE: 975139.562500, rot_RMSE: 987.491577, rot_MAE: 857.803589, trans_MSE: 899.475342, trans_RMSE: 29.991255, trans_MAE: 17.952848
==TEST==
A--------->B
EPOCH:: 12, Loss: 5157.959193, Cycle Loss: 797.568098, MSE: 1282551.772211, RMSE: 1132.498023, MAE: 564.187685, rot_MSE: 964434.500000, rot_RMSE: 982.056274, rot_MAE: 849.850220, trans_MSE: 4342.443848, trans_RMSE: 65.897224, trans_MAE: 36.814018
B--------->A
EPOCH:: 12, Loss: 5157.959193, MSE: 1280648.566826, RMSE: 1131.657442, MAE: 561.551281, rot_MSE: 962219.375000, rot_RMSE: 980.927795, rot_MAE: 848.352783, trans_MSE: 1959.014771, trans_RMSE: 44.260757, trans_MAE: 27.940697
==BEST TEST==
A--------->B
EPOCH:: 12, Loss: 4521.083632, Cycle Loss: 622.061725, MSE: 1279711.713133, RMSE: 1131.243437, MAE: 565.625871, rot_MSE: 974241.875000, rot_RMSE: 987.036926, rot_MAE: 852.868530, trans_MSE: 3878.264404, trans_RMSE: 62.275711, trans_MAE: 40.668331
B--------->A
EPOCH:: 12, Loss: 4521.083632, MSE: 1278269.408897, RMSE: 1130.605771, MAE: 563.301071, rot_MSE: 966979.500000, rot_RMSE: 983.351135, rot_MAE: 850.895996, trans_MSE: 2001.343018, trans_RMSE: 44.736374, trans_MAE: 33.119591
==TRAIN==
A--------->B
EPOCH:: 13, Loss: 1059.159194, Cycle Loss:, 174.915317, MSE: 1314435.896655, RMSE: 1146.488507, MAE: 585.979446, rot_MSE: 971372.875000, rot_RMSE: 985.582520, rot_MAE: 856.400574, trans_MSE: 871.978394, trans_RMSE: 29.529280, trans_MAE: 16.937502
B--------->A
EPOCH:: 13, Loss: 1059.159194, MSE: 1314416.094982, RMSE: 1146.479871, MAE: 586.203349, rot_MSE: 975395.562500, rot_RMSE: 987.621155, rot_MAE: 857.482178, trans_MSE: 843.583313, trans_RMSE: 29.044506, trans_MAE: 17.655251
==TEST==
A--------->B
EPOCH:: 13, Loss: 3591.044719, Cycle Loss: 535.795173, MSE: 1278717.246191, RMSE: 1130.803805, MAE: 565.107442, rot_MSE: 968451.000000, rot_RMSE: 984.099060, rot_MAE: 852.301392, trans_MSE: 3031.486816, trans_RMSE: 55.058941, trans_MAE: 36.311790
B--------->A
EPOCH:: 13, Loss: 3591.044719, MSE: 1277594.866219, RMSE: 1130.307421, MAE: 560.923628, rot_MSE: 971994.062500, rot_RMSE: 985.897583, rot_MAE: 852.676453, trans_MSE: 1777.854980, trans_RMSE: 42.164619, trans_MAE: 30.791777
==BEST TEST==
A--------->B
EPOCH:: 13, Loss: 3591.044719, Cycle Loss: 535.795173, MSE: 1278717.246191, RMSE: 1130.803805, MAE: 565.107442, rot_MSE: 968451.000000, rot_RMSE: 984.099060, rot_MAE: 852.301392, trans_MSE: 3031.486816, trans_RMSE: 55.058941, trans_MAE: 36.311790
B--------->A
EPOCH:: 13, Loss: 3591.044719, MSE: 1277594.866219, RMSE: 1130.307421, MAE: 560.923628, rot_MSE: 971994.062500, rot_RMSE: 985.897583, rot_MAE: 852.676453, trans_MSE: 1777.854980, trans_RMSE: 42.164619, trans_MAE: 30.791777
==TRAIN==
A--------->B
EPOCH:: 14, Loss: 1135.650071, Cycle Loss:, 175.889374, MSE: 1319942.776258, RMSE: 1148.887626, MAE: 587.205544, rot_MSE: 971555.750000, rot_RMSE: 985.675293, rot_MAE: 855.997986, trans_MSE: 948.320984, trans_RMSE: 30.794821, trans_MAE: 17.543610
B--------->A
EPOCH:: 14, Loss: 1135.650071, MSE: 1319685.695215, RMSE: 1148.775738, MAE: 587.492072, rot_MSE: 974790.750000, rot_RMSE: 987.314941, rot_MAE: 857.192688, trans_MSE: 717.946472, trans_RMSE: 26.794523, trans_MAE: 17.472145
==TEST==
A--------->B
EPOCH:: 14, Loss: 4133.007574, Cycle Loss: 594.000787, MSE: 1277903.658768, RMSE: 1130.444010, MAE: 564.816651, rot_MSE: 968715.812500, rot_RMSE: 984.233643, rot_MAE: 853.062988, trans_MSE: 3515.954834, trans_RMSE: 59.295486, trans_MAE: 38.829514
B--------->A
EPOCH:: 14, Loss: 4133.007574, MSE: 1277118.194021, RMSE: 1130.096542, MAE: 562.299963, rot_MSE: 974521.812500, rot_RMSE: 987.178711, rot_MAE: 853.204224, trans_MSE: 2074.408691, trans_RMSE: 45.545677, trans_MAE: 33.335449
==BEST TEST==
A--------->B
EPOCH:: 14, Loss: 3591.044719, Cycle Loss: 535.795173, MSE: 1278717.246191, RMSE: 1130.803805, MAE: 565.107442, rot_MSE: 968451.000000, rot_RMSE: 984.099060, rot_MAE: 852.301392, trans_MSE: 3031.486816, trans_RMSE: 55.058941, trans_MAE: 36.311790
B--------->A
EPOCH:: 14, Loss: 3591.044719, MSE: 1277594.866219, RMSE: 1130.307421, MAE: 560.923628, rot_MSE: 971994.062500, rot_RMSE: 985.897583, rot_MAE: 852.676453, trans_MSE: 1777.854980, trans_RMSE: 42.164619, trans_MAE: 30.791777
==TRAIN==
A--------->B
EPOCH:: 15, Loss: 955.860495, Cycle Loss:, 148.193700, MSE: 1319822.116798, RMSE: 1148.835113, MAE: 587.537148, rot_MSE: 972820.562500, rot_RMSE: 986.316650, rot_MAE: 857.149536, trans_MSE: 795.858215, trans_RMSE: 28.210958, trans_MAE: 16.897221
B--------->A
EPOCH:: 15, Loss: 955.860495, MSE: 1319772.378112, RMSE: 1148.813465, MAE: 588.128733, rot_MSE: 974710.250000, rot_RMSE: 987.274170, rot_MAE: 857.628052, trans_MSE: 716.094421, trans_RMSE: 26.759941, trans_MAE: 16.037468
==TEST==
A--------->B
EPOCH:: 15, Loss: 4469.649382, Cycle Loss: 635.787668, MSE: 1278024.784220, RMSE: 1130.497583, MAE: 565.143685, rot_MSE: 968024.875000, rot_RMSE: 983.882568, rot_MAE: 851.387207, trans_MSE: 3806.857422, trans_RMSE: 61.699738, trans_MAE: 41.012691
B--------->A
EPOCH:: 15, Loss: 4469.649382, MSE: 1277149.427428, RMSE: 1130.110361, MAE: 562.556749, rot_MSE: 971274.937500, rot_RMSE: 985.532837, rot_MAE: 852.464355, trans_MSE: 2452.402100, trans_RMSE: 49.521732, trans_MAE: 36.025669
==BEST TEST==
A--------->B
EPOCH:: 15, Loss: 3591.044719, Cycle Loss: 535.795173, MSE: 1278717.246191, RMSE: 1130.803805, MAE: 565.107442, rot_MSE: 968451.000000, rot_RMSE: 984.099060, rot_MAE: 852.301392, trans_MSE: 3031.486816, trans_RMSE: 55.058941, trans_MAE: 36.311790
B--------->A
EPOCH:: 15, Loss: 3591.044719, MSE: 1277594.866219, RMSE: 1130.307421, MAE: 560.923628, rot_MSE: 971994.062500, rot_RMSE: 985.897583, rot_MAE: 852.676453, trans_MSE: 1777.854980, trans_RMSE: 42.164619, trans_MAE: 30.791777
==TRAIN==
A--------->B
EPOCH:: 16, Loss: 751.326310, Cycle Loss:, 124.516823, MSE: 1314826.948068, RMSE: 1146.659037, MAE: 585.960398, rot_MSE: 972913.125000, rot_RMSE: 986.363586, rot_MAE: 856.807922, trans_MSE: 615.069702, trans_RMSE: 24.800598, trans_MAE: 14.941227
B--------->A
EPOCH:: 16, Loss: 751.326310, MSE: 1314855.438764, RMSE: 1146.671461, MAE: 586.046479, rot_MSE: 974539.750000, rot_RMSE: 987.187805, rot_MAE: 857.216797, trans_MSE: 607.763062, trans_RMSE: 24.652851, trans_MAE: 14.486428
==TEST==
A--------->B
EPOCH:: 16, Loss: 3949.450685, Cycle Loss: 650.392353, MSE: 1278347.805979, RMSE: 1130.640441, MAE: 564.573713, rot_MSE: 976766.062500, rot_RMSE: 988.314758, rot_MAE: 855.350281, trans_MSE: 3275.254883, trans_RMSE: 57.229843, trans_MAE: 39.767349
B--------->A
EPOCH:: 16, Loss: 3949.450685, MSE: 1278059.243285, RMSE: 1130.512823, MAE: 563.403436, rot_MSE: 977236.812500, rot_RMSE: 988.552917, rot_MAE: 854.899048, trans_MSE: 2709.907471, trans_RMSE: 52.056770, trans_MAE: 38.653572
==BEST TEST==
A--------->B
EPOCH:: 16, Loss: 3591.044719, Cycle Loss: 535.795173, MSE: 1278717.246191, RMSE: 1130.803805, MAE: 565.107442, rot_MSE: 968451.000000, rot_RMSE: 984.099060, rot_MAE: 852.301392, trans_MSE: 3031.486816, trans_RMSE: 55.058941, trans_MAE: 36.311790
B--------->A
EPOCH:: 16, Loss: 3591.044719, MSE: 1277594.866219, RMSE: 1130.307421, MAE: 560.923628, rot_MSE: 971994.062500, rot_RMSE: 985.897583, rot_MAE: 852.676453, trans_MSE: 1777.854980, trans_RMSE: 42.164619, trans_MAE: 30.791777
==TRAIN==
A--------->B
EPOCH:: 17, Loss: 646.383503, Cycle Loss:, 114.724130, MSE: 1319918.102438, RMSE: 1148.876887, MAE: 587.405896, rot_MSE: 971268.062500, rot_RMSE: 985.529358, rot_MAE: 855.993408, trans_MSE: 519.895081, trans_RMSE: 22.801208, trans_MAE: 13.842740
B--------->A
EPOCH:: 17, Loss: 646.383503, MSE: 1319957.738006, RMSE: 1148.894137, MAE: 588.161333, rot_MSE: 972420.437500, rot_RMSE: 986.113831, rot_MAE: 856.126221, trans_MSE: 604.065857, trans_RMSE: 24.577751, trans_MAE: 14.101010
==TEST==
A--------->B
EPOCH:: 17, Loss: 2587.427015, Cycle Loss: 356.010424, MSE: 1277525.608148, RMSE: 1130.276784, MAE: 565.124147, rot_MSE: 966451.125000, rot_RMSE: 983.082458, rot_MAE: 850.817322, trans_MSE: 2208.920166, trans_RMSE: 46.999149, trans_MAE: 29.823805
B--------->A
EPOCH:: 17, Loss: 2587.427015, MSE: 1277451.531767, RMSE: 1130.244014, MAE: 564.449907, rot_MSE: 969027.437500, rot_RMSE: 984.391907, rot_MAE: 850.779175, trans_MSE: 1172.350708, trans_RMSE: 34.239609, trans_MAE: 24.130245
==BEST TEST==
A--------->B
EPOCH:: 17, Loss: 2587.427015, Cycle Loss: 356.010424, MSE: 1277525.608148, RMSE: 1130.276784, MAE: 565.124147, rot_MSE: 966451.125000, rot_RMSE: 983.082458, rot_MAE: 850.817322, trans_MSE: 2208.920166, trans_RMSE: 46.999149, trans_MAE: 29.823805
B--------->A
EPOCH:: 17, Loss: 2587.427015, MSE: 1277451.531767, RMSE: 1130.244014, MAE: 564.449907, rot_MSE: 969027.437500, rot_RMSE: 984.391907, rot_MAE: 850.779175, trans_MSE: 1172.350708, trans_RMSE: 34.239609, trans_MAE: 24.130245
==TRAIN==
A--------->B
EPOCH:: 18, Loss: 1694.445939, Cycle Loss:, 238.745509, MSE: 1313745.301024, RMSE: 1146.187289, MAE: 586.196329, rot_MSE: 973750.375000, rot_RMSE: 986.787903, rot_MAE: 856.984985, trans_MSE: 1442.593994, trans_RMSE: 37.981495, trans_MAE: 17.644745
B--------->A
EPOCH:: 18, Loss: 1694.445939, MSE: 1313164.841773, RMSE: 1145.934048, MAE: 586.699973, rot_MSE: 972116.375000, rot_RMSE: 985.959595, rot_MAE: 856.261780, trans_MSE: 790.292542, trans_RMSE: 28.112143, trans_MAE: 16.152927
==TEST==
A--------->B
EPOCH:: 18, Loss: 3708.993871, Cycle Loss: 551.016242, MSE: 1279846.731792, RMSE: 1131.303112, MAE: 565.856856, rot_MSE: 977799.750000, rot_RMSE: 988.837585, rot_MAE: 854.821472, trans_MSE: 3133.357422, trans_RMSE: 55.976402, trans_MAE: 35.422310
B--------->A
EPOCH:: 18, Loss: 3708.993871, MSE: 1279120.401278, RMSE: 1130.982052, MAE: 564.001383, rot_MSE: 965317.187500, rot_RMSE: 982.505554, rot_MAE: 849.924133, trans_MSE: 1941.510376, trans_RMSE: 44.062572, trans_MAE: 30.931835
==BEST TEST==
A--------->B
EPOCH:: 18, Loss: 2587.427015, Cycle Loss: 356.010424, MSE: 1277525.608148, RMSE: 1130.276784, MAE: 565.124147, rot_MSE: 966451.125000, rot_RMSE: 983.082458, rot_MAE: 850.817322, trans_MSE: 2208.920166, trans_RMSE: 46.999149, trans_MAE: 29.823805
B--------->A
EPOCH:: 18, Loss: 2587.427015, MSE: 1277451.531767, RMSE: 1130.244014, MAE: 564.449907, rot_MSE: 969027.437500, rot_RMSE: 984.391907, rot_MAE: 850.779175, trans_MSE: 1172.350708, trans_RMSE: 34.239609, trans_MAE: 24.130245
==TRAIN==
A--------->B
EPOCH:: 19, Loss: 686.179236, Cycle Loss:, 133.266247, MSE: 1319331.472251, RMSE: 1148.621553, MAE: 587.517712, rot_MSE: 974194.875000, rot_RMSE: 987.013123, rot_MAE: 857.308105, trans_MSE: 538.880737, trans_RMSE: 23.213804, trans_MAE: 14.281927
B--------->A
EPOCH:: 19, Loss: 686.179236, MSE: 1319461.990469, RMSE: 1148.678367, MAE: 587.894405, rot_MSE: 973458.125000, rot_RMSE: 986.639832, rot_MAE: 856.686279, trans_MSE: 766.101746, trans_RMSE: 27.678543, trans_MAE: 14.988992
==TEST==
A--------->B
EPOCH:: 19, Loss: 2679.411661, Cycle Loss: 411.023708, MSE: 1278719.028861, RMSE: 1130.804594, MAE: 565.433672, rot_MSE: 969793.750000, rot_RMSE: 984.781067, rot_MAE: 852.003967, trans_MSE: 2244.139893, trans_RMSE: 47.372353, trans_MAE: 29.938980
B--------->A
EPOCH:: 19, Loss: 2679.411661, MSE: 1278035.814308, RMSE: 1130.502461, MAE: 564.151178, rot_MSE: 966553.187500, rot_RMSE: 983.134399, rot_MAE: 850.416138, trans_MSE: 1341.562500, trans_RMSE: 36.627346, trans_MAE: 25.885826
==BEST TEST==
A--------->B
EPOCH:: 19, Loss: 2587.427015, Cycle Loss: 356.010424, MSE: 1277525.608148, RMSE: 1130.276784, MAE: 565.124147, rot_MSE: 966451.125000, rot_RMSE: 983.082458, rot_MAE: 850.817322, trans_MSE: 2208.920166, trans_RMSE: 46.999149, trans_MAE: 29.823805
B--------->A
EPOCH:: 19, Loss: 2587.427015, MSE: 1277451.531767, RMSE: 1130.244014, MAE: 564.449907, rot_MSE: 969027.437500, rot_RMSE: 984.391907, rot_MAE: 850.779175, trans_MSE: 1172.350708, trans_RMSE: 34.239609, trans_MAE: 24.130245
==TRAIN==
A--------->B
EPOCH:: 20, Loss: 11872.341781, Cycle Loss:, 1491.472574, MSE: 1327509.331043, RMSE: 1152.175912, MAE: 589.272273, rot_MSE: 973569.437500, rot_RMSE: 986.696228, rot_MAE: 857.168823, trans_MSE: 10367.769531, trans_RMSE: 101.822243, trans_MAE: 44.805706
B--------->A
EPOCH:: 20, Loss: 11872.341781, MSE: 1323162.511605, RMSE: 1150.288012, MAE: 588.891577, rot_MSE: 974011.250000, rot_RMSE: 986.920105, rot_MAE: 857.200378, trans_MSE: 4221.320312, trans_RMSE: 64.971687, trans_MAE: 34.359375
==TEST==
A--------->B
EPOCH:: 20, Loss: 9702.615528, Cycle Loss: 1934.038520, MSE: 1283233.759039, RMSE: 1132.799081, MAE: 567.429431, rot_MSE: 969890.937500, rot_RMSE: 984.830383, rot_MAE: 852.369507, trans_MSE: 7751.907715, trans_RMSE: 88.044922, trans_MAE: 67.103134
B--------->A
EPOCH:: 20, Loss: 9702.615528, MSE: 1282204.240573, RMSE: 1132.344577, MAE: 564.537672, rot_MSE: 967969.500000, rot_RMSE: 983.854431, rot_MAE: 850.913818, trans_MSE: 6509.641113, trans_RMSE: 80.682350, trans_MAE: 63.418873
==BEST TEST==
A--------->B
EPOCH:: 20, Loss: 2587.427015, Cycle Loss: 356.010424, MSE: 1277525.608148, RMSE: 1130.276784, MAE: 565.124147, rot_MSE: 966451.125000, rot_RMSE: 983.082458, rot_MAE: 850.817322, trans_MSE: 2208.920166, trans_RMSE: 46.999149, trans_MAE: 29.823805
B--------->A
EPOCH:: 20, Loss: 2587.427015, MSE: 1277451.531767, RMSE: 1130.244014, MAE: 564.449907, rot_MSE: 969027.437500, rot_RMSE: 984.391907, rot_MAE: 850.779175, trans_MSE: 1172.350708, trans_RMSE: 34.239609, trans_MAE: 24.130245
==TRAIN==
A--------->B
EPOCH:: 21, Loss: 2376.697858, Cycle Loss:, 336.987870, MSE: 1320675.356457, RMSE: 1149.206403, MAE: 587.605402, rot_MSE: 973078.687500, rot_RMSE: 986.447510, rot_MAE: 857.054138, trans_MSE: 2024.987915, trans_RMSE: 44.999866, trans_MAE: 25.466133
B--------->A
EPOCH:: 21, Loss: 2376.697858, MSE: 1319999.873379, RMSE: 1148.912474, MAE: 588.176409, rot_MSE: 973545.500000, rot_RMSE: 986.684082, rot_MAE: 856.723145, trans_MSE: 1289.465088, trans_RMSE: 35.909122, trans_MAE: 22.686825
==TEST==
A--------->B
EPOCH:: 21, Loss: 3148.761176, Cycle Loss: 554.539653, MSE: 1279440.629455, RMSE: 1131.123614, MAE: 564.683071, rot_MSE: 970383.437500, rot_RMSE: 985.080444, rot_MAE: 851.835388, trans_MSE: 2569.118164, trans_RMSE: 50.686470, trans_MAE: 34.048538
B--------->A
EPOCH:: 21, Loss: 3148.761176, MSE: 1279497.513753, RMSE: 1131.148758, MAE: 558.793955, rot_MSE: 970307.875000, rot_RMSE: 985.042053, rot_MAE: 851.878784, trans_MSE: 2433.131348, trans_RMSE: 49.326782, trans_MAE: 32.544193
==BEST TEST==
A--------->B
EPOCH:: 21, Loss: 2587.427015, Cycle Loss: 356.010424, MSE: 1277525.608148, RMSE: 1130.276784, MAE: 565.124147, rot_MSE: 966451.125000, rot_RMSE: 983.082458, rot_MAE: 850.817322, trans_MSE: 2208.920166, trans_RMSE: 46.999149, trans_MAE: 29.823805
B--------->A
EPOCH:: 21, Loss: 2587.427015, MSE: 1277451.531767, RMSE: 1130.244014, MAE: 564.449907, rot_MSE: 969027.437500, rot_RMSE: 984.391907, rot_MAE: 850.779175, trans_MSE: 1172.350708, trans_RMSE: 34.239609, trans_MAE: 24.130245
==TRAIN==
A--------->B
EPOCH:: 22, Loss: 1194.770098, Cycle Loss:, 160.242858, MSE: 1320034.690029, RMSE: 1148.927626, MAE: 587.448074, rot_MSE: 976331.250000, rot_RMSE: 988.094788, rot_MAE: 858.336609, trans_MSE: 1016.586243, trans_RMSE: 31.883949, trans_MAE: 17.780704
B--------->A
EPOCH:: 22, Loss: 1194.770098, MSE: 1319744.697225, RMSE: 1148.801418, MAE: 587.505829, rot_MSE: 975518.125000, rot_RMSE: 987.683228, rot_MAE: 858.069519, trans_MSE: 556.853882, trans_RMSE: 23.597752, trans_MAE: 14.986309
==TEST==
A--------->B
EPOCH:: 22, Loss: 4445.310671, Cycle Loss: 766.388622, MSE: 1280413.491736, RMSE: 1131.553574, MAE: 565.564289, rot_MSE: 971716.687500, rot_RMSE: 985.756897, rot_MAE: 851.300476, trans_MSE: 3652.721680, trans_RMSE: 60.437752, trans_MAE: 39.235699
B--------->A
EPOCH:: 22, Loss: 4445.310671, MSE: 1280357.928461, RMSE: 1131.529022, MAE: 560.329022, rot_MSE: 970580.625000, rot_RMSE: 985.180481, rot_MAE: 850.729004, trans_MSE: 3337.983887, trans_RMSE: 57.775288, trans_MAE: 38.230263
==BEST TEST==
A--------->B
EPOCH:: 22, Loss: 2587.427015, Cycle Loss: 356.010424, MSE: 1277525.608148, RMSE: 1130.276784, MAE: 565.124147, rot_MSE: 966451.125000, rot_RMSE: 983.082458, rot_MAE: 850.817322, trans_MSE: 2208.920166, trans_RMSE: 46.999149, trans_MAE: 29.823805
B--------->A
EPOCH:: 22, Loss: 2587.427015, MSE: 1277451.531767, RMSE: 1130.244014, MAE: 564.449907, rot_MSE: 969027.437500, rot_RMSE: 984.391907, rot_MAE: 850.779175, trans_MSE: 1172.350708, trans_RMSE: 34.239609, trans_MAE: 24.130245
==TRAIN==
A--------->B
EPOCH:: 23, Loss: 864.143006, Cycle Loss:, 141.295319, MSE: 1320057.130511, RMSE: 1148.937392, MAE: 587.332225, rot_MSE: 976068.000000, rot_RMSE: 987.961548, rot_MAE: 858.231995, trans_MSE: 704.826416, trans_RMSE: 26.548567, trans_MAE: 14.921754
B--------->A
EPOCH:: 23, Loss: 864.143006, MSE: 1319845.254311, RMSE: 1148.845183, MAE: 588.184851, rot_MSE: 974978.750000, rot_RMSE: 987.410095, rot_MAE: 857.647644, trans_MSE: 652.215881, trans_RMSE: 25.538517, trans_MAE: 13.756721
==TEST==
A--------->B
EPOCH:: 23, Loss: 2622.242916, Cycle Loss: 403.417409, MSE: 1279059.248967, RMSE: 1130.955016, MAE: 564.193084, rot_MSE: 966653.875000, rot_RMSE: 983.185547, rot_MAE: 850.354248, trans_MSE: 2194.378662, trans_RMSE: 46.844196, trans_MAE: 27.509857
B--------->A
EPOCH:: 23, Loss: 2622.242916, MSE: 1278751.666129, RMSE: 1130.819024, MAE: 560.446780, rot_MSE: 963401.625000, rot_RMSE: 981.530273, rot_MAE: 848.568420, trans_MSE: 1556.713013, trans_RMSE: 39.455204, trans_MAE: 24.976131
==BEST TEST==
A--------->B
EPOCH:: 23, Loss: 2587.427015, Cycle Loss: 356.010424, MSE: 1277525.608148, RMSE: 1130.276784, MAE: 565.124147, rot_MSE: 966451.125000, rot_RMSE: 983.082458, rot_MAE: 850.817322, trans_MSE: 2208.920166, trans_RMSE: 46.999149, trans_MAE: 29.823805
B--------->A
EPOCH:: 23, Loss: 2587.427015, MSE: 1277451.531767, RMSE: 1130.244014, MAE: 564.449907, rot_MSE: 969027.437500, rot_RMSE: 984.391907, rot_MAE: 850.779175, trans_MSE: 1172.350708, trans_RMSE: 34.239609, trans_MAE: 24.130245
==TRAIN==
A--------->B
EPOCH:: 24, Loss: 629.715950, Cycle Loss:, 94.797799, MSE: 1319938.687824, RMSE: 1148.885846, MAE: 587.174420, rot_MSE: 972362.250000, rot_RMSE: 986.084290, rot_MAE: 856.503174, trans_MSE: 518.262878, trans_RMSE: 22.765388, trans_MAE: 12.955264
B--------->A
EPOCH:: 24, Loss: 629.715950, MSE: 1319622.391662, RMSE: 1148.748185, MAE: 587.739845, rot_MSE: 973074.250000, rot_RMSE: 986.445251, rot_MAE: 856.274719, trans_MSE: 476.906647, trans_RMSE: 21.838192, trans_MAE: 12.222505
==TEST==
A--------->B
EPOCH:: 24, Loss: 4110.655750, Cycle Loss: 587.932551, MSE: 1279868.694150, RMSE: 1131.312819, MAE: 565.097206, rot_MSE: 967333.187500, rot_RMSE: 983.531006, rot_MAE: 849.504456, trans_MSE: 3493.377441, trans_RMSE: 59.104801, trans_MAE: 34.256474
B--------->A
EPOCH:: 24, Loss: 4110.655750, MSE: 1279394.429946, RMSE: 1131.103192, MAE: 559.748766, rot_MSE: 965009.375000, rot_RMSE: 982.348877, rot_MAE: 849.766357, trans_MSE: 2390.932861, trans_RMSE: 48.897167, trans_MAE: 31.343809
==BEST TEST==
A--------->B
EPOCH:: 24, Loss: 2587.427015, Cycle Loss: 356.010424, MSE: 1277525.608148, RMSE: 1130.276784, MAE: 565.124147, rot_MSE: 966451.125000, rot_RMSE: 983.082458, rot_MAE: 850.817322, trans_MSE: 2208.920166, trans_RMSE: 46.999149, trans_MAE: 29.823805
B--------->A
EPOCH:: 24, Loss: 2587.427015, MSE: 1277451.531767, RMSE: 1130.244014, MAE: 564.449907, rot_MSE: 969027.437500, rot_RMSE: 984.391907, rot_MAE: 850.779175, trans_MSE: 1172.350708, trans_RMSE: 34.239609, trans_MAE: 24.130245
==TRAIN==
A--------->B
EPOCH:: 25, Loss: 693.083190, Cycle Loss:, 98.882240, MSE: 1319402.111709, RMSE: 1148.652302, MAE: 586.848827, rot_MSE: 971862.812500, rot_RMSE: 985.831055, rot_MAE: 856.706116, trans_MSE: 578.115906, trans_RMSE: 24.044041, trans_MAE: 12.329618
B--------->A
EPOCH:: 25, Loss: 693.083190, MSE: 1319175.329487, RMSE: 1148.553581, MAE: 588.135992, rot_MSE: 969235.125000, rot_RMSE: 984.497375, rot_MAE: 854.862366, trans_MSE: 393.360077, trans_RMSE: 19.833307, trans_MAE: 11.858881
==TEST==
A--------->B
EPOCH:: 25, Loss: 2929.963069, Cycle Loss: 389.762188, MSE: 1279414.134491, RMSE: 1131.111902, MAE: 564.304396, rot_MSE: 965782.500000, rot_RMSE: 982.742310, rot_MAE: 849.937866, trans_MSE: 2515.183105, trans_RMSE: 50.151600, trans_MAE: 29.152382
B--------->A
EPOCH:: 25, Loss: 2929.963069, MSE: 1278735.474948, RMSE: 1130.811865, MAE: 560.457539, rot_MSE: 967002.812500, rot_RMSE: 983.363037, rot_MAE: 849.615173, trans_MSE: 1435.634766, trans_RMSE: 37.889771, trans_MAE: 25.661177
==BEST TEST==
A--------->B
EPOCH:: 25, Loss: 2587.427015, Cycle Loss: 356.010424, MSE: 1277525.608148, RMSE: 1130.276784, MAE: 565.124147, rot_MSE: 966451.125000, rot_RMSE: 983.082458, rot_MAE: 850.817322, trans_MSE: 2208.920166, trans_RMSE: 46.999149, trans_MAE: 29.823805
B--------->A
EPOCH:: 25, Loss: 2587.427015, MSE: 1277451.531767, RMSE: 1130.244014, MAE: 564.449907, rot_MSE: 969027.437500, rot_RMSE: 984.391907, rot_MAE: 850.779175, trans_MSE: 1172.350708, trans_RMSE: 34.239609, trans_MAE: 24.130245
==TRAIN==
A--------->B
EPOCH:: 26, Loss: 515.683410, Cycle Loss:, 85.851050, MSE: 1313922.672588, RMSE: 1146.264661, MAE: 585.821224, rot_MSE: 971109.562500, rot_RMSE: 985.448914, rot_MAE: 855.718384, trans_MSE: 413.464111, trans_RMSE: 20.333817, trans_MAE: 11.024686
B--------->A
EPOCH:: 26, Loss: 515.683410, MSE: 1313886.433740, RMSE: 1146.248853, MAE: 586.215510, rot_MSE: 971737.750000, rot_RMSE: 985.767578, rot_MAE: 856.157654, trans_MSE: 397.548096, trans_RMSE: 19.938608, trans_MAE: 11.002641
==TEST==
A--------->B
EPOCH:: 26, Loss: 2896.851047, Cycle Loss: 366.495404, MSE: 1278398.423166, RMSE: 1130.662825, MAE: 563.781506, rot_MSE: 963932.500000, rot_RMSE: 981.800659, rot_MAE: 848.893433, trans_MSE: 2505.906250, trans_RMSE: 50.059029, trans_MAE: 27.635262
B--------->A
EPOCH:: 26, Loss: 2896.851047, MSE: 1277494.245416, RMSE: 1130.262910, MAE: 560.662078, rot_MSE: 962037.625000, rot_RMSE: 980.835144, rot_MAE: 847.767029, trans_MSE: 1304.053101, trans_RMSE: 36.111675, trans_MAE: 24.045486
==BEST TEST==
A--------->B
EPOCH:: 26, Loss: 2587.427015, Cycle Loss: 356.010424, MSE: 1277525.608148, RMSE: 1130.276784, MAE: 565.124147, rot_MSE: 966451.125000, rot_RMSE: 983.082458, rot_MAE: 850.817322, trans_MSE: 2208.920166, trans_RMSE: 46.999149, trans_MAE: 29.823805
B--------->A
EPOCH:: 26, Loss: 2587.427015, MSE: 1277451.531767, RMSE: 1130.244014, MAE: 564.449907, rot_MSE: 969027.437500, rot_RMSE: 984.391907, rot_MAE: 850.779175, trans_MSE: 1172.350708, trans_RMSE: 34.239609, trans_MAE: 24.130245
==TRAIN==
A--------->B
EPOCH:: 27, Loss: 374.365560, Cycle Loss:, 70.823855, MSE: 1319406.323003, RMSE: 1148.654136, MAE: 587.461866, rot_MSE: 971824.687500, rot_RMSE: 985.811707, rot_MAE: 856.700439, trans_MSE: 288.459961, trans_RMSE: 16.984110, trans_MAE: 10.069948
B--------->A
EPOCH:: 27, Loss: 374.365560, MSE: 1319594.423885, RMSE: 1148.736011, MAE: 588.144266, rot_MSE: 973397.687500, rot_RMSE: 986.609192, rot_MAE: 857.152466, trans_MSE: 447.992554, trans_RMSE: 21.165834, trans_MAE: 10.635630
==TEST==
A--------->B
EPOCH:: 27, Loss: 2414.683887, Cycle Loss: 339.927419, MSE: 1278593.470493, RMSE: 1130.749075, MAE: 564.239160, rot_MSE: 966781.000000, rot_RMSE: 983.250244, rot_MAE: 849.843689, trans_MSE: 2048.878906, trans_RMSE: 45.264545, trans_MAE: 27.608793
B--------->A
EPOCH:: 27, Loss: 2414.683887, MSE: 1278278.584130, RMSE: 1130.609828, MAE: 560.403387, rot_MSE: 962224.812500, rot_RMSE: 980.930603, rot_MAE: 848.602417, trans_MSE: 1374.729004, trans_RMSE: 37.077339, trans_MAE: 24.709856
==BEST TEST==
A--------->B
EPOCH:: 27, Loss: 2414.683887, Cycle Loss: 339.927419, MSE: 1278593.470493, RMSE: 1130.749075, MAE: 564.239160, rot_MSE: 966781.000000, rot_RMSE: 983.250244, rot_MAE: 849.843689, trans_MSE: 2048.878906, trans_RMSE: 45.264545, trans_MAE: 27.608793
B--------->A
EPOCH:: 27, Loss: 2414.683887, MSE: 1278278.584130, RMSE: 1130.609828, MAE: 560.403387, rot_MSE: 962224.812500, rot_RMSE: 980.930603, rot_MAE: 848.602417, trans_MSE: 1374.729004, trans_RMSE: 37.077339, trans_MAE: 24.709856
==TRAIN==
A--------->B
EPOCH:: 28, Loss: 335.258559, Cycle Loss:, 60.358614, MSE: 1314524.406055, RMSE: 1146.527107, MAE: 586.066496, rot_MSE: 972441.875000, rot_RMSE: 986.124695, rot_MAE: 856.847107, trans_MSE: 261.391174, trans_RMSE: 16.167597, trans_MAE: 9.619917
B--------->A
EPOCH:: 28, Loss: 335.258559, MSE: 1314684.997990, RMSE: 1146.597138, MAE: 587.335894, rot_MSE: 974270.750000, rot_RMSE: 987.051514, rot_MAE: 857.244446, trans_MSE: 321.933380, trans_RMSE: 17.942503, trans_MAE: 9.846641
==TEST==
A--------->B
EPOCH:: 28, Loss: 2453.158071, Cycle Loss: 386.140661, MSE: 1278856.929494, RMSE: 1130.865566, MAE: 564.243284, rot_MSE: 962905.937500, rot_RMSE: 981.277710, rot_MAE: 848.087097, trans_MSE: 2043.499023, trans_RMSE: 45.205078, trans_MAE: 27.362358
B--------->A
EPOCH:: 28, Loss: 2453.158071, MSE: 1278482.956805, RMSE: 1130.700206, MAE: 560.316093, rot_MSE: 963371.000000, rot_RMSE: 981.514648, rot_MAE: 848.223328, trans_MSE: 1500.798218, trans_RMSE: 38.740135, trans_MAE: 25.180666
==BEST TEST==
A--------->B
EPOCH:: 28, Loss: 2414.683887, Cycle Loss: 339.927419, MSE: 1278593.470493, RMSE: 1130.749075, MAE: 564.239160, rot_MSE: 966781.000000, rot_RMSE: 983.250244, rot_MAE: 849.843689, trans_MSE: 2048.878906, trans_RMSE: 45.264545, trans_MAE: 27.608793
B--------->A
EPOCH:: 28, Loss: 2414.683887, MSE: 1278278.584130, RMSE: 1130.609828, MAE: 560.403387, rot_MSE: 962224.812500, rot_RMSE: 980.930603, rot_MAE: 848.602417, trans_MSE: 1374.729004, trans_RMSE: 37.077339, trans_MAE: 24.709856
==TRAIN==
A--------->B
EPOCH:: 29, Loss: 354.535115, Cycle Loss:, 59.572192, MSE: 1320390.395909, RMSE: 1149.082415, MAE: 587.446720, rot_MSE: 973591.375000, rot_RMSE: 986.707336, rot_MAE: 857.286743, trans_MSE: 280.199768, trans_RMSE: 16.739168, trans_MAE: 9.924382
B--------->A
EPOCH:: 29, Loss: 354.535115, MSE: 1320342.019353, RMSE: 1149.061364, MAE: 588.000447, rot_MSE: 973962.625000, rot_RMSE: 986.895447, rot_MAE: 856.758484, trans_MSE: 290.272003, trans_RMSE: 17.037371, trans_MAE: 9.823355
==TEST==
A--------->B
EPOCH:: 29, Loss: 2160.260600, Cycle Loss: 312.664167, MSE: 1276676.752970, RMSE: 1129.901214, MAE: 563.804018, rot_MSE: 963198.250000, rot_RMSE: 981.426636, rot_MAE: 849.137939, trans_MSE: 1822.672485, trans_RMSE: 42.692768, trans_MAE: 25.189566
B--------->A
EPOCH:: 29, Loss: 2160.260600, MSE: 1276269.647146, RMSE: 1129.721048, MAE: 558.912154, rot_MSE: 963053.500000, rot_RMSE: 981.352905, rot_MAE: 848.358826, trans_MSE: 1132.995239, trans_RMSE: 33.659996, trans_MAE: 22.038034
==BEST TEST==
A--------->B
EPOCH:: 29, Loss: 2160.260600, Cycle Loss: 312.664167, MSE: 1276676.752970, RMSE: 1129.901214, MAE: 563.804018, rot_MSE: 963198.250000, rot_RMSE: 981.426636, rot_MAE: 849.137939, trans_MSE: 1822.672485, trans_RMSE: 42.692768, trans_MAE: 25.189566
B--------->A
EPOCH:: 29, Loss: 2160.260600, MSE: 1276269.647146, RMSE: 1129.721048, MAE: 558.912154, rot_MSE: 963053.500000, rot_RMSE: 981.352905, rot_MAE: 848.358826, trans_MSE: 1132.995239, trans_RMSE: 33.659996, trans_MAE: 22.038034
==TRAIN==
A--------->B
EPOCH:: 30, Loss: 1030.315901, Cycle Loss:, 139.055393, MSE: 1319831.045578, RMSE: 1148.838999, MAE: 587.628341, rot_MSE: 973026.375000, rot_RMSE: 986.421021, rot_MAE: 856.961792, trans_MSE: 878.288574, trans_RMSE: 29.635933, trans_MAE: 12.451707
B--------->A
EPOCH:: 30, Loss: 1030.315901, MSE: 1319502.298755, RMSE: 1148.695912, MAE: 588.693128, rot_MSE: 973666.250000, rot_RMSE: 986.745300, rot_MAE: 856.258118, trans_MSE: 429.670044, trans_RMSE: 20.728483, trans_MAE: 11.671076
==TEST==
A--------->B
EPOCH:: 30, Loss: 2615.199824, Cycle Loss: 446.066595, MSE: 1275290.019112, RMSE: 1129.287394, MAE: 563.593105, rot_MSE: 972346.187500, rot_RMSE: 986.076172, rot_MAE: 851.561707, trans_MSE: 2140.463867, trans_RMSE: 46.265148, trans_MAE: 29.470833
B--------->A
EPOCH:: 30, Loss: 2615.199824, MSE: 1275252.905540, RMSE: 1129.270962, MAE: 557.682139, rot_MSE: 968414.312500, rot_RMSE: 984.080444, rot_MAE: 851.051819, trans_MSE: 2140.276611, trans_RMSE: 46.263123, trans_MAE: 30.504662
==BEST TEST==
A--------->B
EPOCH:: 30, Loss: 2160.260600, Cycle Loss: 312.664167, MSE: 1276676.752970, RMSE: 1129.901214, MAE: 563.804018, rot_MSE: 963198.250000, rot_RMSE: 981.426636, rot_MAE: 849.137939, trans_MSE: 1822.672485, trans_RMSE: 42.692768, trans_MAE: 25.189566
B--------->A
EPOCH:: 30, Loss: 2160.260600, MSE: 1276269.647146, RMSE: 1129.721048, MAE: 558.912154, rot_MSE: 963053.500000, rot_RMSE: 981.352905, rot_MAE: 848.358826, trans_MSE: 1132.995239, trans_RMSE: 33.659996, trans_MAE: 22.038034
==TRAIN==
A--------->B
EPOCH:: 31, Loss: 488.256452, Cycle Loss:, 78.501336, MSE: 1319252.728151, RMSE: 1148.587275, MAE: 586.839333, rot_MSE: 977193.812500, rot_RMSE: 988.531128, rot_MAE: 859.411499, trans_MSE: 391.398163, trans_RMSE: 19.783785, trans_MAE: 11.288325
B--------->A
EPOCH:: 31, Loss: 488.256452, MSE: 1319099.813116, RMSE: 1148.520706, MAE: 586.635159, rot_MSE: 974074.937500, rot_RMSE: 986.952332, rot_MAE: 857.497681, trans_MSE: 351.389801, trans_RMSE: 18.745394, trans_MAE: 10.734884
==TEST==
A--------->B
EPOCH:: 31, Loss: 1476.720032, Cycle Loss: 202.452448, MSE: 1275428.306366, RMSE: 1129.348620, MAE: 562.875543, rot_MSE: 966499.437500, rot_RMSE: 983.107056, rot_MAE: 849.129822, trans_MSE: 1245.483398, trans_RMSE: 35.291409, trans_MAE: 20.601164
B--------->A
EPOCH:: 31, Loss: 1476.720032, MSE: 1275004.149858, RMSE: 1129.160817, MAE: 558.277566, rot_MSE: 967814.437500, rot_RMSE: 983.775574, rot_MAE: 850.837219, trans_MSE: 745.844360, trans_RMSE: 27.310152, trans_MAE: 17.891932
==BEST TEST==
A--------->B
EPOCH:: 31, Loss: 1476.720032, Cycle Loss: 202.452448, MSE: 1275428.306366, RMSE: 1129.348620, MAE: 562.875543, rot_MSE: 966499.437500, rot_RMSE: 983.107056, rot_MAE: 849.129822, trans_MSE: 1245.483398, trans_RMSE: 35.291409, trans_MAE: 20.601164
B--------->A
EPOCH:: 31, Loss: 1476.720032, MSE: 1275004.149858, RMSE: 1129.160817, MAE: 558.277566, rot_MSE: 967814.437500, rot_RMSE: 983.775574, rot_MAE: 850.837219, trans_MSE: 745.844360, trans_RMSE: 27.310152, trans_MAE: 17.891932
==TRAIN==
A--------->B
EPOCH:: 32, Loss: 305.056635, Cycle Loss:, 49.398319, MSE: 1318822.807119, RMSE: 1148.400108, MAE: 587.046769, rot_MSE: 973674.500000, rot_RMSE: 986.749451, rot_MAE: 857.385559, trans_MSE: 238.408218, trans_RMSE: 15.440474, trans_MAE: 8.623601
B--------->A
EPOCH:: 32, Loss: 305.056635, MSE: 1318698.707858, RMSE: 1148.346075, MAE: 587.191895, rot_MSE: 971813.875000, rot_RMSE: 985.806213, rot_MAE: 856.235657, trans_MSE: 271.356476, trans_RMSE: 16.472900, trans_MAE: 9.319381
==TEST==
A--------->B
EPOCH:: 32, Loss: 945.601218, Cycle Loss: 125.984134, MSE: 1274342.515238, RMSE: 1128.867802, MAE: 562.489849, rot_MSE: 966208.187500, rot_RMSE: 982.958923, rot_MAE: 850.506531, trans_MSE: 791.892212, trans_RMSE: 28.140579, trans_MAE: 16.569094
B--------->A
EPOCH:: 32, Loss: 945.601218, MSE: 1274094.785705, RMSE: 1128.758072, MAE: 556.790365, rot_MSE: 968129.437500, rot_RMSE: 983.935669, rot_MAE: 851.319580, trans_MSE: 410.628448, trans_RMSE: 20.263969, trans_MAE: 13.598515
==BEST TEST==
A--------->B
EPOCH:: 32, Loss: 945.601218, Cycle Loss: 125.984134, MSE: 1274342.515238, RMSE: 1128.867802, MAE: 562.489849, rot_MSE: 966208.187500, rot_RMSE: 982.958923, rot_MAE: 850.506531, trans_MSE: 791.892212, trans_RMSE: 28.140579, trans_MAE: 16.569094
B--------->A
EPOCH:: 32, Loss: 945.601218, MSE: 1274094.785705, RMSE: 1128.758072, MAE: 556.790365, rot_MSE: 968129.437500, rot_RMSE: 983.935669, rot_MAE: 851.319580, trans_MSE: 410.628448, trans_RMSE: 20.263969, trans_MAE: 13.598515
==TRAIN==
A--------->B
EPOCH:: 33, Loss: 563.123377, Cycle Loss:, 72.162610, MSE: 1319659.822160, RMSE: 1148.764476, MAE: 586.793811, rot_MSE: 972850.750000, rot_RMSE: 986.331970, rot_MAE: 857.573364, trans_MSE: 476.944885, trans_RMSE: 21.839067, trans_MAE: 9.297130
B--------->A
EPOCH:: 33, Loss: 563.123377, MSE: 1319475.706853, RMSE: 1148.684337, MAE: 587.910522, rot_MSE: 975168.250000, rot_RMSE: 987.506104, rot_MAE: 857.893494, trans_MSE: 220.669022, trans_RMSE: 14.854933, trans_MAE: 8.621964
==TEST==
A--------->B
EPOCH:: 33, Loss: 1163.169894, Cycle Loss: 181.647126, MSE: 1276041.770919, RMSE: 1129.620189, MAE: 562.206916, rot_MSE: 966729.687500, rot_RMSE: 983.224121, rot_MAE: 850.412170, trans_MSE: 959.044189, trans_RMSE: 30.968439, trans_MAE: 18.079624
B--------->A
EPOCH:: 33, Loss: 1163.169894, MSE: 1275904.601562, RMSE: 1129.559472, MAE: 556.010052, rot_MSE: 968621.125000, rot_RMSE: 984.185486, rot_MAE: 851.130310, trans_MSE: 644.824036, trans_RMSE: 25.393385, trans_MAE: 16.753521
==BEST TEST==
A--------->B
EPOCH:: 33, Loss: 945.601218, Cycle Loss: 125.984134, MSE: 1274342.515238, RMSE: 1128.867802, MAE: 562.489849, rot_MSE: 966208.187500, rot_RMSE: 982.958923, rot_MAE: 850.506531, trans_MSE: 791.892212, trans_RMSE: 28.140579, trans_MAE: 16.569094
B--------->A
EPOCH:: 33, Loss: 945.601218, MSE: 1274094.785705, RMSE: 1128.758072, MAE: 556.790365, rot_MSE: 968129.437500, rot_RMSE: 983.935669, rot_MAE: 851.319580, trans_MSE: 410.628448, trans_RMSE: 20.263969, trans_MAE: 13.598515
==TRAIN==
A--------->B
EPOCH:: 34, Loss: 256.672488, Cycle Loss:, 42.922069, MSE: 1318458.365242, RMSE: 1148.241423, MAE: 586.161931, rot_MSE: 970802.625000, rot_RMSE: 985.293152, rot_MAE: 855.982361, trans_MSE: 199.400955, trans_RMSE: 14.120940, trans_MAE: 8.048777
B--------->A
EPOCH:: 34, Loss: 256.672488, MSE: 1318441.880738, RMSE: 1148.234245, MAE: 586.598646, rot_MSE: 971593.500000, rot_RMSE: 985.694397, rot_MAE: 856.475952, trans_MSE: 218.441605, trans_RMSE: 14.779770, trans_MAE: 8.255929
==TEST==
A--------->B
EPOCH:: 34, Loss: 1358.552372, Cycle Loss: 200.720925, MSE: 1276633.997353, RMSE: 1129.882294, MAE: 562.622179, rot_MSE: 963572.625000, rot_RMSE: 981.617371, rot_MAE: 849.066833, trans_MSE: 1133.950317, trans_RMSE: 33.674179, trans_MAE: 19.781048
B--------->A
EPOCH:: 34, Loss: 1358.552372, MSE: 1276436.411996, RMSE: 1129.794854, MAE: 559.197019, rot_MSE: 967395.187500, rot_RMSE: 983.562500, rot_MAE: 851.077148, trans_MSE: 647.947327, trans_RMSE: 25.454809, trans_MAE: 16.800621
==BEST TEST==
A--------->B
EPOCH:: 34, Loss: 945.601218, Cycle Loss: 125.984134, MSE: 1274342.515238, RMSE: 1128.867802, MAE: 562.489849, rot_MSE: 966208.187500, rot_RMSE: 982.958923, rot_MAE: 850.506531, trans_MSE: 791.892212, trans_RMSE: 28.140579, trans_MAE: 16.569094
B--------->A
EPOCH:: 34, Loss: 945.601218, MSE: 1274094.785705, RMSE: 1128.758072, MAE: 556.790365, rot_MSE: 968129.437500, rot_RMSE: 983.935669, rot_MAE: 851.319580, trans_MSE: 410.628448, trans_RMSE: 20.263969, trans_MAE: 13.598515
==TRAIN==
A--------->B
EPOCH:: 35, Loss: 226.793018, Cycle Loss:, 40.634428, MSE: 1314156.127788, RMSE: 1146.366489, MAE: 585.865400, rot_MSE: 972693.937500, rot_RMSE: 986.252441, rot_MAE: 856.944702, trans_MSE: 173.124786, trans_RMSE: 13.157689, trans_MAE: 7.456906
B--------->A
EPOCH:: 35, Loss: 226.793018, MSE: 1314183.160140, RMSE: 1146.378280, MAE: 586.835553, rot_MSE: 972964.312500, rot_RMSE: 986.389526, rot_MAE: 856.887939, trans_MSE: 212.932724, trans_RMSE: 14.592215, trans_MAE: 7.699932
==TEST==
A--------->B
EPOCH:: 35, Loss: 1263.919939, Cycle Loss: 190.534977, MSE: 1276149.880036, RMSE: 1129.668040, MAE: 562.333958, rot_MSE: 963427.812500, rot_RMSE: 981.543579, rot_MAE: 849.845215, trans_MSE: 1052.017944, trans_RMSE: 32.434826, trans_MAE: 19.305981
B--------->A
EPOCH:: 35, Loss: 1263.919939, MSE: 1275942.408897, RMSE: 1129.576208, MAE: 559.497786, rot_MSE: 966037.875000, rot_RMSE: 982.872253, rot_MAE: 849.951965, trans_MSE: 620.362183, trans_RMSE: 24.907070, trans_MAE: 16.943626
==BEST TEST==
A--------->B
EPOCH:: 35, Loss: 945.601218, Cycle Loss: 125.984134, MSE: 1274342.515238, RMSE: 1128.867802, MAE: 562.489849, rot_MSE: 966208.187500, rot_RMSE: 982.958923, rot_MAE: 850.506531, trans_MSE: 791.892212, trans_RMSE: 28.140579, trans_MAE: 16.569094
B--------->A
EPOCH:: 35, Loss: 945.601218, MSE: 1274094.785705, RMSE: 1128.758072, MAE: 556.790365, rot_MSE: 968129.437500, rot_RMSE: 983.935669, rot_MAE: 851.319580, trans_MSE: 410.628448, trans_RMSE: 20.263969, trans_MAE: 13.598515
==TRAIN==
A--------->B
EPOCH:: 36, Loss: 229.422730, Cycle Loss:, 35.086796, MSE: 1313073.037993, RMSE: 1145.893991, MAE: 585.875011, rot_MSE: 973268.000000, rot_RMSE: 986.543457, rot_MAE: 857.117065, trans_MSE: 179.697769, trans_RMSE: 13.405140, trans_MAE: 7.295470
B--------->A
EPOCH:: 36, Loss: 229.422730, MSE: 1312973.079065, RMSE: 1145.850374, MAE: 587.342182, rot_MSE: 971882.687500, rot_RMSE: 985.841125, rot_MAE: 856.504639, trans_MSE: 170.139343, trans_RMSE: 13.043747, trans_MAE: 7.216552
==TEST==
A--------->B
EPOCH:: 36, Loss: 1444.892471, Cycle Loss: 205.728702, MSE: 1275603.502324, RMSE: 1129.426183, MAE: 563.272735, rot_MSE: 966670.187500, rot_RMSE: 983.193848, rot_MAE: 850.714905, trans_MSE: 1213.483521, trans_RMSE: 34.835091, trans_MAE: 19.685516
B--------->A
EPOCH:: 36, Loss: 1444.892471, MSE: 1275238.251937, RMSE: 1129.264474, MAE: 560.261848, rot_MSE: 965301.062500, rot_RMSE: 982.497375, rot_MAE: 849.445251, trans_MSE: 697.763245, trans_RMSE: 26.415209, trans_MAE: 16.727379
==BEST TEST==
A--------->B
EPOCH:: 36, Loss: 945.601218, Cycle Loss: 125.984134, MSE: 1274342.515238, RMSE: 1128.867802, MAE: 562.489849, rot_MSE: 966208.187500, rot_RMSE: 982.958923, rot_MAE: 850.506531, trans_MSE: 791.892212, trans_RMSE: 28.140579, trans_MAE: 16.569094
B--------->A
EPOCH:: 36, Loss: 945.601218, MSE: 1274094.785705, RMSE: 1128.758072, MAE: 556.790365, rot_MSE: 968129.437500, rot_RMSE: 983.935669, rot_MAE: 851.319580, trans_MSE: 410.628448, trans_RMSE: 20.263969, trans_MAE: 13.598515
==TRAIN==
A--------->B
EPOCH:: 37, Loss: 10999.976595, Cycle Loss:, 1265.168927, MSE: 1326435.138680, RMSE: 1151.709659, MAE: 589.365614, rot_MSE: 976612.750000, rot_RMSE: 988.237183, rot_MAE: 858.697510, trans_MSE: 9721.215820, trans_RMSE: 98.596230, trans_MAE: 38.138939
B--------->A
EPOCH:: 37, Loss: 10999.976595, MSE: 1321353.325467, RMSE: 1149.501338, MAE: 590.566776, rot_MSE: 975903.625000, rot_RMSE: 987.878357, rot_MAE: 858.490234, trans_MSE: 3080.478516, trans_RMSE: 55.502060, trans_MAE: 28.212490
==TEST==
A--------->B
EPOCH:: 37, Loss: 5293.748317, Cycle Loss: 934.001146, MSE: 1275714.046940, RMSE: 1129.475120, MAE: 566.517947, rot_MSE: 971784.812500, rot_RMSE: 985.791443, rot_MAE: 853.502747, trans_MSE: 4339.142090, trans_RMSE: 65.872162, trans_MAE: 43.160210
B--------->A
EPOCH:: 37, Loss: 5293.748317, MSE: 1274530.864088, RMSE: 1128.951223, MAE: 562.004181, rot_MSE: 972049.125000, rot_RMSE: 985.925537, rot_MAE: 853.233826, trans_MSE: 3193.972412, trans_RMSE: 56.515240, trans_MAE: 40.786026
==BEST TEST==
A--------->B
EPOCH:: 37, Loss: 945.601218, Cycle Loss: 125.984134, MSE: 1274342.515238, RMSE: 1128.867802, MAE: 562.489849, rot_MSE: 966208.187500, rot_RMSE: 982.958923, rot_MAE: 850.506531, trans_MSE: 791.892212, trans_RMSE: 28.140579, trans_MAE: 16.569094
B--------->A
EPOCH:: 37, Loss: 945.601218, MSE: 1274094.785705, RMSE: 1128.758072, MAE: 556.790365, rot_MSE: 968129.437500, rot_RMSE: 983.935669, rot_MAE: 851.319580, trans_MSE: 410.628448, trans_RMSE: 20.263969, trans_MAE: 13.598515
==TRAIN==
A--------->B
EPOCH:: 38, Loss: 840.654828, Cycle Loss:, 112.740364, MSE: 1318658.824559, RMSE: 1148.328709, MAE: 587.441092, rot_MSE: 975478.000000, rot_RMSE: 987.662903, rot_MAE: 858.335938, trans_MSE: 710.361877, trans_RMSE: 26.652615, trans_MAE: 15.457852
B--------->A
EPOCH:: 38, Loss: 840.654828, MSE: 1318628.040651, RMSE: 1148.315305, MAE: 589.267533, rot_MSE: 978167.000000, rot_RMSE: 989.023254, rot_MAE: 859.213196, trans_MSE: 551.429199, trans_RMSE: 23.482531, trans_MAE: 14.238213
==TEST==
A--------->B
EPOCH:: 38, Loss: 2028.320543, Cycle Loss: 337.530311, MSE: 1273746.581418, RMSE: 1128.603820, MAE: 564.125525, rot_MSE: 973099.750000, rot_RMSE: 986.458191, rot_MAE: 853.631653, trans_MSE: 1665.866089, trans_RMSE: 40.815022, trans_MAE: 23.461514
B--------->A
EPOCH:: 38, Loss: 2028.320543, MSE: 1273245.459904, RMSE: 1128.381788, MAE: 559.899171, rot_MSE: 968991.937500, rot_RMSE: 984.373901, rot_MAE: 851.675293, trans_MSE: 988.230896, trans_RMSE: 31.436140, trans_MAE: 19.148264
==BEST TEST==
A--------->B
EPOCH:: 38, Loss: 945.601218, Cycle Loss: 125.984134, MSE: 1274342.515238, RMSE: 1128.867802, MAE: 562.489849, rot_MSE: 966208.187500, rot_RMSE: 982.958923, rot_MAE: 850.506531, trans_MSE: 791.892212, trans_RMSE: 28.140579, trans_MAE: 16.569094
B--------->A
EPOCH:: 38, Loss: 945.601218, MSE: 1274094.785705, RMSE: 1128.758072, MAE: 556.790365, rot_MSE: 968129.437500, rot_RMSE: 983.935669, rot_MAE: 851.319580, trans_MSE: 410.628448, trans_RMSE: 20.263969, trans_MAE: 13.598515
==TRAIN==
A--------->B
EPOCH:: 39, Loss: 571.282265, Cycle Loss:, 80.989355, MSE: 1317373.054493, RMSE: 1147.768729, MAE: 586.615690, rot_MSE: 976610.812500, rot_RMSE: 988.236206, rot_MAE: 858.478333, trans_MSE: 468.364288, trans_RMSE: 21.641726, trans_MAE: 11.924707
B--------->A
EPOCH:: 39, Loss: 571.282265, MSE: 1317409.901809, RMSE: 1147.784780, MAE: 587.421514, rot_MSE: 975338.812500, rot_RMSE: 987.592407, rot_MAE: 857.759338, trans_MSE: 354.967712, trans_RMSE: 18.840588, trans_MAE: 11.047353
==TEST==
A--------->B
EPOCH:: 39, Loss: 2531.503755, Cycle Loss: 436.145737, MSE: 1274916.780863, RMSE: 1129.122128, MAE: 565.385300, rot_MSE: 973369.312500, rot_RMSE: 986.594788, rot_MAE: 853.974365, trans_MSE: 2064.962158, trans_RMSE: 45.441856, trans_MAE: 26.881155
B--------->A
EPOCH:: 39, Loss: 2531.503755, MSE: 1274445.805979, RMSE: 1128.913551, MAE: 564.120569, rot_MSE: 970307.500000, rot_RMSE: 985.041870, rot_MAE: 852.336060, trans_MSE: 1389.563110, trans_RMSE: 37.276844, trans_MAE: 22.504717
==BEST TEST==
A--------->B
EPOCH:: 39, Loss: 945.601218, Cycle Loss: 125.984134, MSE: 1274342.515238, RMSE: 1128.867802, MAE: 562.489849, rot_MSE: 966208.187500, rot_RMSE: 982.958923, rot_MAE: 850.506531, trans_MSE: 791.892212, trans_RMSE: 28.140579, trans_MAE: 16.569094
B--------->A
EPOCH:: 39, Loss: 945.601218, MSE: 1274094.785705, RMSE: 1128.758072, MAE: 556.790365, rot_MSE: 968129.437500, rot_RMSE: 983.935669, rot_MAE: 851.319580, trans_MSE: 410.628448, trans_RMSE: 20.263969, trans_MAE: 13.598515
==TRAIN==
A--------->B
EPOCH:: 40, Loss: 452.212956, Cycle Loss:, 67.835252, MSE: 1309927.166170, RMSE: 1144.520496, MAE: 585.036956, rot_MSE: 973420.000000, rot_RMSE: 986.620483, rot_MAE: 857.470520, trans_MSE: 362.191895, trans_RMSE: 19.031340, trans_MAE: 10.295593
B--------->A
EPOCH:: 40, Loss: 452.212956, MSE: 1309633.687500, RMSE: 1144.392279, MAE: 586.031465, rot_MSE: 974562.437500, rot_RMSE: 987.199280, rot_MAE: 857.410034, trans_MSE: 292.674347, trans_RMSE: 17.107727, trans_MAE: 10.021427
==TEST==
A--------->B
EPOCH:: 40, Loss: 4253.591607, Cycle Loss: 818.291116, MSE: 1275842.797198, RMSE: 1129.532114, MAE: 564.826689, rot_MSE: 968900.437500, rot_RMSE: 984.327393, rot_MAE: 851.721619, trans_MSE: 3409.782959, trans_RMSE: 58.393349, trans_MAE: 21.673498
B--------->A
EPOCH:: 40, Loss: 4253.591607, MSE: 1274546.198089, RMSE: 1128.958014, MAE: 563.254776, rot_MSE: 967020.062500, rot_RMSE: 983.371765, rot_MAE: 850.622498, trans_MSE: 1787.444580, trans_RMSE: 42.278179, trans_MAE: 16.652498
==BEST TEST==
A--------->B
EPOCH:: 40, Loss: 945.601218, Cycle Loss: 125.984134, MSE: 1274342.515238, RMSE: 1128.867802, MAE: 562.489849, rot_MSE: 966208.187500, rot_RMSE: 982.958923, rot_MAE: 850.506531, trans_MSE: 791.892212, trans_RMSE: 28.140579, trans_MAE: 16.569094
B--------->A
EPOCH:: 40, Loss: 945.601218, MSE: 1274094.785705, RMSE: 1128.758072, MAE: 556.790365, rot_MSE: 968129.437500, rot_RMSE: 983.935669, rot_MAE: 851.319580, trans_MSE: 410.628448, trans_RMSE: 20.263969, trans_MAE: 13.598515
==TRAIN==
A--------->B
EPOCH:: 41, Loss: 346.558219, Cycle Loss:, 54.049295, MSE: 1313770.764588, RMSE: 1146.198397, MAE: 586.498378, rot_MSE: 974199.937500, rot_RMSE: 987.015686, rot_MAE: 857.646973, trans_MSE: 271.089203, trans_RMSE: 16.464787, trans_MAE: 9.490067
B--------->A
EPOCH:: 41, Loss: 346.558219, MSE: 1313599.542337, RMSE: 1146.123703, MAE: 586.386718, rot_MSE: 977305.875000, rot_RMSE: 988.587830, rot_MAE: 858.933105, trans_MSE: 249.264175, trans_RMSE: 15.788102, trans_MAE: 9.083946
==TEST==
A--------->B
EPOCH:: 41, Loss: 1680.174486, Cycle Loss: 249.993970, MSE: 1273265.565535, RMSE: 1128.390697, MAE: 564.753937, rot_MSE: 975989.625000, rot_RMSE: 987.921875, rot_MAE: 854.052246, trans_MSE: 1398.046021, trans_RMSE: 37.390453, trans_MAE: 22.083467
B--------->A
EPOCH:: 41, Loss: 1680.174486, MSE: 1273083.493802, RMSE: 1128.310017, MAE: 562.935112, rot_MSE: 969605.437500, rot_RMSE: 984.685425, rot_MAE: 851.410278, trans_MSE: 844.507751, trans_RMSE: 29.060415, trans_MAE: 18.166492
==BEST TEST==
A--------->B
EPOCH:: 41, Loss: 945.601218, Cycle Loss: 125.984134, MSE: 1274342.515238, RMSE: 1128.867802, MAE: 562.489849, rot_MSE: 966208.187500, rot_RMSE: 982.958923, rot_MAE: 850.506531, trans_MSE: 791.892212, trans_RMSE: 28.140579, trans_MAE: 16.569094
B--------->A
EPOCH:: 41, Loss: 945.601218, MSE: 1274094.785705, RMSE: 1128.758072, MAE: 556.790365, rot_MSE: 968129.437500, rot_RMSE: 983.935669, rot_MAE: 851.319580, trans_MSE: 410.628448, trans_RMSE: 20.263969, trans_MAE: 13.598515
==TRAIN==
A--------->B
EPOCH:: 42, Loss: 289.853501, Cycle Loss:, 45.049865, MSE: 1304613.954746, RMSE: 1142.196986, MAE: 584.935095, rot_MSE: 972818.562500, rot_RMSE: 986.315674, rot_MAE: 857.131226, trans_MSE: 223.765045, trans_RMSE: 14.958778, trans_MAE: 8.740816
B--------->A
EPOCH:: 42, Loss: 289.853501, MSE: 1304752.081626, RMSE: 1142.257450, MAE: 584.899595, rot_MSE: 974371.250000, rot_RMSE: 987.102478, rot_MAE: 857.915039, trans_MSE: 230.130463, trans_RMSE: 15.170052, trans_MAE: 8.757564
==TEST==
A--------->B
EPOCH:: 42, Loss: 2124.079769, Cycle Loss: 326.272334, MSE: 1273772.467136, RMSE: 1128.615287, MAE: 564.805444, rot_MSE: 972301.562500, rot_RMSE: 986.053528, rot_MAE: 853.217651, trans_MSE: 1767.041504, trans_RMSE: 42.036194, trans_MAE: 25.463036
B--------->A
EPOCH:: 42, Loss: 2124.079769, MSE: 1273239.147534, RMSE: 1128.378991, MAE: 562.902007, rot_MSE: 968500.187500, rot_RMSE: 984.124084, rot_MAE: 851.135010, trans_MSE: 1149.244873, trans_RMSE: 33.900513, trans_MAE: 21.743603
==BEST TEST==
A--------->B
EPOCH:: 42, Loss: 945.601218, Cycle Loss: 125.984134, MSE: 1274342.515238, RMSE: 1128.867802, MAE: 562.489849, rot_MSE: 966208.187500, rot_RMSE: 982.958923, rot_MAE: 850.506531, trans_MSE: 791.892212, trans_RMSE: 28.140579, trans_MAE: 16.569094
B--------->A
EPOCH:: 42, Loss: 945.601218, MSE: 1274094.785705, RMSE: 1128.758072, MAE: 556.790365, rot_MSE: 968129.437500, rot_RMSE: 983.935669, rot_MAE: 851.319580, trans_MSE: 410.628448, trans_RMSE: 20.263969, trans_MAE: 13.598515
==TRAIN==
A--------->B
EPOCH:: 43, Loss: 285.756529, Cycle Loss:, 46.388292, MSE: 1318252.992479, RMSE: 1148.151990, MAE: 587.238740, rot_MSE: 972238.062500, rot_RMSE: 986.021301, rot_MAE: 857.203125, trans_MSE: 219.498535, trans_RMSE: 14.815483, trans_MAE: 8.534311
B--------->A
EPOCH:: 43, Loss: 285.756529, MSE: 1318141.030213, RMSE: 1148.103232, MAE: 588.291869, rot_MSE: 975686.187500, rot_RMSE: 987.768311, rot_MAE: 858.069214, trans_MSE: 248.317642, trans_RMSE: 15.758098, trans_MAE: 8.551459
==TEST==
A--------->B
EPOCH:: 43, Loss: 1608.915898, Cycle Loss: 234.966270, MSE: 1272946.461777, RMSE: 1128.249291, MAE: 564.239974, rot_MSE: 974905.312500, rot_RMSE: 987.372925, rot_MAE: 854.851440, trans_MSE: 1343.235840, trans_RMSE: 36.650181, trans_MAE: 21.325052
B--------->A
EPOCH:: 43, Loss: 1608.915898, MSE: 1272855.635912, RMSE: 1128.209039, MAE: 562.052007, rot_MSE: 968127.125000, rot_RMSE: 983.934509, rot_MAE: 851.121704, trans_MSE: 744.171143, trans_RMSE: 27.279501, trans_MAE: 17.517937
==BEST TEST==
A--------->B
EPOCH:: 43, Loss: 945.601218, Cycle Loss: 125.984134, MSE: 1274342.515238, RMSE: 1128.867802, MAE: 562.489849, rot_MSE: 966208.187500, rot_RMSE: 982.958923, rot_MAE: 850.506531, trans_MSE: 791.892212, trans_RMSE: 28.140579, trans_MAE: 16.569094
B--------->A
EPOCH:: 43, Loss: 945.601218, MSE: 1274094.785705, RMSE: 1128.758072, MAE: 556.790365, rot_MSE: 968129.437500, rot_RMSE: 983.935669, rot_MAE: 851.319580, trans_MSE: 410.628448, trans_RMSE: 20.263969, trans_MAE: 13.598515
==TRAIN==
A--------->B
EPOCH:: 44, Loss: 393.550693, Cycle Loss:, 56.936050, MSE: 1318471.757618, RMSE: 1148.247255, MAE: 586.987400, rot_MSE: 973304.562500, rot_RMSE: 986.562012, rot_MAE: 857.325989, trans_MSE: 316.390594, trans_RMSE: 17.787373, trans_MAE: 8.656009
B--------->A
EPOCH:: 44, Loss: 393.550693, MSE: 1318212.156380, RMSE: 1148.134207, MAE: 587.602539, rot_MSE: 976425.062500, rot_RMSE: 988.142212, rot_MAE: 858.530273, trans_MSE: 227.914505, trans_RMSE: 15.096838, trans_MAE: 8.345350
==TEST==
A--------->B
EPOCH:: 44, Loss: 1743.529541, Cycle Loss: 260.678166, MSE: 1274614.181366, RMSE: 1128.988123, MAE: 564.739933, rot_MSE: 968756.812500, rot_RMSE: 984.254456, rot_MAE: 852.453369, trans_MSE: 1453.700806, trans_RMSE: 38.127430, trans_MAE: 22.462667
B--------->A
EPOCH:: 44, Loss: 1743.529541, MSE: 1274286.473722, RMSE: 1128.842980, MAE: 563.141283, rot_MSE: 970858.125000, rot_RMSE: 985.321350, rot_MAE: 851.971313, trans_MSE: 856.818542, trans_RMSE: 29.271463, trans_MAE: 18.522108
==BEST TEST==
A--------->B
EPOCH:: 44, Loss: 945.601218, Cycle Loss: 125.984134, MSE: 1274342.515238, RMSE: 1128.867802, MAE: 562.489849, rot_MSE: 966208.187500, rot_RMSE: 982.958923, rot_MAE: 850.506531, trans_MSE: 791.892212, trans_RMSE: 28.140579, trans_MAE: 16.569094
B--------->A
EPOCH:: 44, Loss: 945.601218, MSE: 1274094.785705, RMSE: 1128.758072, MAE: 556.790365, rot_MSE: 968129.437500, rot_RMSE: 983.935669, rot_MAE: 851.319580, trans_MSE: 410.628448, trans_RMSE: 20.263969, trans_MAE: 13.598515
==TRAIN==
A--------->B
EPOCH:: 45, Loss: 1345.205912, Cycle Loss:, 185.556849, MSE: 1312839.477503, RMSE: 1145.792074, MAE: 585.592999, rot_MSE: 974599.187500, rot_RMSE: 987.217896, rot_MAE: 857.097351, trans_MSE: 1140.812134, trans_RMSE: 33.775909, trans_MAE: 13.302643
B--------->A
EPOCH:: 45, Loss: 1345.205912, MSE: 1312416.845695, RMSE: 1145.607632, MAE: 585.923269, rot_MSE: 974299.625000, rot_RMSE: 987.066162, rot_MAE: 857.200745, trans_MSE: 561.008362, trans_RMSE: 23.685616, trans_MAE: 11.458763
==TEST==
A--------->B
EPOCH:: 45, Loss: 4798.604330, Cycle Loss: 763.076151, MSE: 1279759.946475, RMSE: 1131.264755, MAE: 563.562380, rot_MSE: 974650.250000, rot_RMSE: 987.243774, rot_MAE: 853.080811, trans_MSE: 4011.917969, trans_RMSE: 63.339703, trans_MAE: 40.519058
B--------->A
EPOCH:: 45, Loss: 4798.604330, MSE: 1278956.097495, RMSE: 1130.909412, MAE: 564.407468, rot_MSE: 971835.562500, rot_RMSE: 985.817200, rot_MAE: 852.204285, trans_MSE: 2540.609863, trans_RMSE: 50.404461, trans_MAE: 32.920868
==BEST TEST==
A--------->B
EPOCH:: 45, Loss: 945.601218, Cycle Loss: 125.984134, MSE: 1274342.515238, RMSE: 1128.867802, MAE: 562.489849, rot_MSE: 966208.187500, rot_RMSE: 982.958923, rot_MAE: 850.506531, trans_MSE: 791.892212, trans_RMSE: 28.140579, trans_MAE: 16.569094
B--------->A
EPOCH:: 45, Loss: 945.601218, MSE: 1274094.785705, RMSE: 1128.758072, MAE: 556.790365, rot_MSE: 968129.437500, rot_RMSE: 983.935669, rot_MAE: 851.319580, trans_MSE: 410.628448, trans_RMSE: 20.263969, trans_MAE: 13.598515
==TRAIN==
A--------->B
EPOCH:: 46, Loss: 507.770161, Cycle Loss:, 85.224183, MSE: 1319319.154726, RMSE: 1148.616191, MAE: 586.605425, rot_MSE: 974429.750000, rot_RMSE: 987.132080, rot_MAE: 857.627563, trans_MSE: 405.609009, trans_RMSE: 20.139736, trans_MAE: 13.144736
B--------->A
EPOCH:: 46, Loss: 507.770161, MSE: 1319435.948522, RMSE: 1148.667031, MAE: 585.935172, rot_MSE: 975838.187500, rot_RMSE: 987.845215, rot_MAE: 857.876404, trans_MSE: 396.215637, trans_RMSE: 19.905167, trans_MAE: 12.128313
==TEST==
A--------->B
EPOCH:: 46, Loss: 55313.595380, Cycle Loss: 5627.106715, MSE: 1313984.199057, RMSE: 1146.291498, MAE: 570.058420, rot_MSE: 971270.375000, rot_RMSE: 985.530518, rot_MAE: 852.536011, trans_MSE: 49664.898438, trans_RMSE: 222.856232, trans_MAE: 75.635223
B--------->A
EPOCH:: 46, Loss: 55313.595380, MSE: 1279434.289579, RMSE: 1131.120811, MAE: 566.210993, rot_MSE: 969613.125000, rot_RMSE: 984.689331, rot_MAE: 851.687012, trans_MSE: 4880.422363, trans_RMSE: 69.860023, trans_MAE: 36.745071
==BEST TEST==
A--------->B
EPOCH:: 46, Loss: 945.601218, Cycle Loss: 125.984134, MSE: 1274342.515238, RMSE: 1128.867802, MAE: 562.489849, rot_MSE: 966208.187500, rot_RMSE: 982.958923, rot_MAE: 850.506531, trans_MSE: 791.892212, trans_RMSE: 28.140579, trans_MAE: 16.569094
B--------->A
EPOCH:: 46, Loss: 945.601218, MSE: 1274094.785705, RMSE: 1128.758072, MAE: 556.790365, rot_MSE: 968129.437500, rot_RMSE: 983.935669, rot_MAE: 851.319580, trans_MSE: 410.628448, trans_RMSE: 20.263969, trans_MAE: 13.598515
==TRAIN==
A--------->B
EPOCH:: 47, Loss: 790.644565, Cycle Loss:, 134.605751, MSE: 1320333.357138, RMSE: 1149.057595, MAE: 588.300894, rot_MSE: 974357.937500, rot_RMSE: 987.095703, rot_MAE: 857.257324, trans_MSE: 641.717957, trans_RMSE: 25.332153, trans_MAE: 15.805274
B--------->A
EPOCH:: 47, Loss: 790.644565, MSE: 1320385.581432, RMSE: 1149.080320, MAE: 588.350087, rot_MSE: 975932.750000, rot_RMSE: 987.893066, rot_MAE: 857.623718, trans_MSE: 675.783386, trans_RMSE: 25.995834, trans_MAE: 16.294924
==TEST==
A--------->B
EPOCH:: 47, Loss: 21763.740871, Cycle Loss: 4340.153925, MSE: 1291290.943763, RMSE: 1136.349833, MAE: 566.085582, rot_MSE: 965899.625000, rot_RMSE: 982.801941, rot_MAE: 850.224854, trans_MSE: 17403.880859, trans_RMSE: 131.923767, trans_MAE: 44.684357
B--------->A
EPOCH:: 47, Loss: 21763.740871, MSE: 1285767.391529, RMSE: 1133.916836, MAE: 563.432549, rot_MSE: 964947.312500, rot_RMSE: 982.317322, rot_MAE: 849.683044, trans_MSE: 12849.994141, trans_RMSE: 113.357811, trans_MAE: 34.055660
==BEST TEST==
A--------->B
EPOCH:: 47, Loss: 945.601218, Cycle Loss: 125.984134, MSE: 1274342.515238, RMSE: 1128.867802, MAE: 562.489849, rot_MSE: 966208.187500, rot_RMSE: 982.958923, rot_MAE: 850.506531, trans_MSE: 791.892212, trans_RMSE: 28.140579, trans_MAE: 16.569094
B--------->A
EPOCH:: 47, Loss: 945.601218, MSE: 1274094.785705, RMSE: 1128.758072, MAE: 556.790365, rot_MSE: 968129.437500, rot_RMSE: 983.935669, rot_MAE: 851.319580, trans_MSE: 410.628448, trans_RMSE: 20.263969, trans_MAE: 13.598515
==TRAIN==
A--------->B
EPOCH:: 48, Loss: 3512.255191, Cycle Loss:, 375.081169, MSE: 1310138.793309, RMSE: 1144.612945, MAE: 585.708125, rot_MSE: 975273.312500, rot_RMSE: 987.559265, rot_MAE: 857.701477, trans_MSE: 3121.563721, trans_RMSE: 55.870956, trans_MAE: 22.861206
B--------->A
EPOCH:: 48, Loss: 3512.255191, MSE: 1308336.403462, RMSE: 1143.825338, MAE: 585.637348, rot_MSE: 975378.125000, rot_RMSE: 987.612366, rot_MAE: 857.978821, trans_MSE: 716.903687, trans_RMSE: 26.775057, trans_MAE: 16.771564
==TEST==
A--------->B
EPOCH:: 48, Loss: 5687.003317, Cycle Loss: 1099.595314, MSE: 1281961.162190, RMSE: 1132.237238, MAE: 565.901832, rot_MSE: 963163.750000, rot_RMSE: 981.409058, rot_MAE: 848.554565, trans_MSE: 4562.158203, trans_RMSE: 67.543747, trans_MAE: 42.773438
B--------->A
EPOCH:: 48, Loss: 5687.003317, MSE: 1280631.990444, RMSE: 1131.650118, MAE: 561.625116, rot_MSE: 974514.062500, rot_RMSE: 987.174805, rot_MAE: 853.566101, trans_MSE: 3713.647705, trans_RMSE: 60.939705, trans_MAE: 37.907131
==BEST TEST==
A--------->B
EPOCH:: 48, Loss: 945.601218, Cycle Loss: 125.984134, MSE: 1274342.515238, RMSE: 1128.867802, MAE: 562.489849, rot_MSE: 966208.187500, rot_RMSE: 982.958923, rot_MAE: 850.506531, trans_MSE: 791.892212, trans_RMSE: 28.140579, trans_MAE: 16.569094
B--------->A
EPOCH:: 48, Loss: 945.601218, MSE: 1274094.785705, RMSE: 1128.758072, MAE: 556.790365, rot_MSE: 968129.437500, rot_RMSE: 983.935669, rot_MAE: 851.319580, trans_MSE: 410.628448, trans_RMSE: 20.263969, trans_MAE: 13.598515
==TRAIN==
A--------->B
EPOCH:: 49, Loss: 429.656160, Cycle Loss:, 76.883306, MSE: 1321740.797588, RMSE: 1149.669865, MAE: 587.682925, rot_MSE: 974893.125000, rot_RMSE: 987.366760, rot_MAE: 858.385803, trans_MSE: 334.072113, trans_RMSE: 18.277639, trans_MAE: 11.397230
B--------->A
EPOCH:: 49, Loss: 429.656160, MSE: 1321691.150480, RMSE: 1149.648273, MAE: 587.667563, rot_MSE: 976699.812500, rot_RMSE: 988.281250, rot_MAE: 858.917725, trans_MSE: 403.156372, trans_RMSE: 20.078754, trans_MAE: 12.245790
==TEST==
A--------->B
EPOCH:: 49, Loss: 2562.125707, Cycle Loss: 462.841442, MSE: 1278089.540289, RMSE: 1130.526223, MAE: 563.709008, rot_MSE: 964791.687500, rot_RMSE: 982.238098, rot_MAE: 848.886963, trans_MSE: 2072.010010, trans_RMSE: 45.519337, trans_MAE: 27.431206
B--------->A
EPOCH:: 49, Loss: 2562.125707, MSE: 1277508.019693, RMSE: 1130.269003, MAE: 558.528463, rot_MSE: 971435.750000, rot_RMSE: 985.614380, rot_MAE: 852.495117, trans_MSE: 1793.378052, trans_RMSE: 42.348293, trans_MAE: 24.399164
==BEST TEST==
A--------->B
EPOCH:: 49, Loss: 945.601218, Cycle Loss: 125.984134, MSE: 1274342.515238, RMSE: 1128.867802, MAE: 562.489849, rot_MSE: 966208.187500, rot_RMSE: 982.958923, rot_MAE: 850.506531, trans_MSE: 791.892212, trans_RMSE: 28.140579, trans_MAE: 16.569094
B--------->A
EPOCH:: 49, Loss: 945.601218, MSE: 1274094.785705, RMSE: 1128.758072, MAE: 556.790365, rot_MSE: 968129.437500, rot_RMSE: 983.935669, rot_MAE: 851.319580, trans_MSE: 410.628448, trans_RMSE: 20.263969, trans_MAE: 13.598515
==TRAIN==
A--------->B
EPOCH:: 50, Loss: 317.627643, Cycle Loss:, 52.842157, MSE: 1320626.790392, RMSE: 1149.185272, MAE: 587.705539, rot_MSE: 972082.250000, rot_RMSE: 985.942322, rot_MAE: 856.776978, trans_MSE: 245.536530, trans_RMSE: 15.669605, trans_MAE: 9.595943
B--------->A
EPOCH:: 50, Loss: 317.627643, MSE: 1320717.783973, RMSE: 1149.224862, MAE: 588.578625, rot_MSE: 974295.812500, rot_RMSE: 987.064209, rot_MAE: 857.396790, trans_MSE: 260.499054, trans_RMSE: 16.139982, trans_MAE: 9.732800
==TEST==
A--------->B
EPOCH:: 50, Loss: 1531.668285, Cycle Loss: 245.633012, MSE: 1275891.673295, RMSE: 1129.553750, MAE: 562.765286, rot_MSE: 966366.937500, rot_RMSE: 983.039612, rot_MAE: 850.038574, trans_MSE: 1256.322510, trans_RMSE: 35.444641, trans_MAE: 21.485708
B--------->A
EPOCH:: 50, Loss: 1531.668285, MSE: 1275982.451317, RMSE: 1129.593932, MAE: 560.313858, rot_MSE: 970777.750000, rot_RMSE: 985.280518, rot_MAE: 851.675537, trans_MSE: 952.298035, trans_RMSE: 30.859327, trans_MAE: 18.317644
==BEST TEST==
A--------->B
EPOCH:: 50, Loss: 945.601218, Cycle Loss: 125.984134, MSE: 1274342.515238, RMSE: 1128.867802, MAE: 562.489849, rot_MSE: 966208.187500, rot_RMSE: 982.958923, rot_MAE: 850.506531, trans_MSE: 791.892212, trans_RMSE: 28.140579, trans_MAE: 16.569094
B--------->A
EPOCH:: 50, Loss: 945.601218, MSE: 1274094.785705, RMSE: 1128.758072, MAE: 556.790365, rot_MSE: 968129.437500, rot_RMSE: 983.935669, rot_MAE: 851.319580, trans_MSE: 410.628448, trans_RMSE: 20.263969, trans_MAE: 13.598515
==TRAIN==
A--------->B
EPOCH:: 51, Loss: 240.235212, Cycle Loss:, 37.303243, MSE: 1321094.505511, RMSE: 1149.388753, MAE: 587.706789, rot_MSE: 970876.812500, rot_RMSE: 985.330811, rot_MAE: 855.916504, trans_MSE: 182.573822, trans_RMSE: 13.511988, trans_MAE: 7.926058
B--------->A
EPOCH:: 51, Loss: 240.235212, MSE: 1321119.066196, RMSE: 1149.399437, MAE: 588.188185, rot_MSE: 973193.937500, rot_RMSE: 986.505920, rot_MAE: 857.035950, trans_MSE: 174.086121, trans_RMSE: 13.194170, trans_MAE: 7.993624
==TEST==
A--------->B
EPOCH:: 51, Loss: 1365.988562, Cycle Loss: 195.893508, MSE: 1274807.538740, RMSE: 1129.073753, MAE: 563.458634, rot_MSE: 969154.812500, rot_RMSE: 984.456604, rot_MAE: 851.287964, trans_MSE: 1138.236694, trans_RMSE: 33.737762, trans_MAE: 20.248369
B--------->A
EPOCH:: 51, Loss: 1365.988562, MSE: 1274645.296810, RMSE: 1129.001903, MAE: 561.033489, rot_MSE: 971594.062500, rot_RMSE: 985.694702, rot_MAE: 851.832153, trans_MSE: 661.601685, trans_RMSE: 25.721619, trans_MAE: 16.808466
==BEST TEST==
A--------->B
EPOCH:: 51, Loss: 945.601218, Cycle Loss: 125.984134, MSE: 1274342.515238, RMSE: 1128.867802, MAE: 562.489849, rot_MSE: 966208.187500, rot_RMSE: 982.958923, rot_MAE: 850.506531, trans_MSE: 791.892212, trans_RMSE: 28.140579, trans_MAE: 16.569094
B--------->A
EPOCH:: 51, Loss: 945.601218, MSE: 1274094.785705, RMSE: 1128.758072, MAE: 556.790365, rot_MSE: 968129.437500, rot_RMSE: 983.935669, rot_MAE: 851.319580, trans_MSE: 410.628448, trans_RMSE: 20.263969, trans_MAE: 13.598515
==TRAIN==
A--------->B
EPOCH:: 52, Loss: 266.072940, Cycle Loss:, 42.885293, MSE: 1315687.020099, RMSE: 1147.034010, MAE: 586.556059, rot_MSE: 971749.250000, rot_RMSE: 985.773438, rot_MAE: 856.176453, trans_MSE: 203.869461, trans_RMSE: 14.278286, trans_MAE: 7.756372
B--------->A
EPOCH:: 52, Loss: 266.072940, MSE: 1315619.178812, RMSE: 1147.004437, MAE: 586.772439, rot_MSE: 972865.937500, rot_RMSE: 986.339661, rot_MAE: 856.711365, trans_MSE: 179.267242, trans_RMSE: 13.389071, trans_MAE: 7.507058
==TEST==
A--------->B
EPOCH:: 52, Loss: 1493.531836, Cycle Loss: 295.329709, MSE: 1276637.936919, RMSE: 1129.884037, MAE: 562.984168, rot_MSE: 964940.875000, rot_RMSE: 982.314026, rot_MAE: 849.168213, trans_MSE: 1170.306274, trans_RMSE: 34.209740, trans_MAE: 19.045912
B--------->A
EPOCH:: 52, Loss: 1493.531836, MSE: 1276853.353822, RMSE: 1129.979360, MAE: 562.673753, rot_MSE: 965588.000000, rot_RMSE: 982.643372, rot_MAE: 850.621887, trans_MSE: 957.517578, trans_RMSE: 30.943781, trans_MAE: 14.826303
==BEST TEST==
A--------->B
EPOCH:: 52, Loss: 945.601218, Cycle Loss: 125.984134, MSE: 1274342.515238, RMSE: 1128.867802, MAE: 562.489849, rot_MSE: 966208.187500, rot_RMSE: 982.958923, rot_MAE: 850.506531, trans_MSE: 791.892212, trans_RMSE: 28.140579, trans_MAE: 16.569094
B--------->A
EPOCH:: 52, Loss: 945.601218, MSE: 1274094.785705, RMSE: 1128.758072, MAE: 556.790365, rot_MSE: 968129.437500, rot_RMSE: 983.935669, rot_MAE: 851.319580, trans_MSE: 410.628448, trans_RMSE: 20.263969, trans_MAE: 13.598515
==TRAIN==
A--------->B
EPOCH:: 53, Loss: 196.603549, Cycle Loss:, 29.473758, MSE: 1303701.968264, RMSE: 1141.797691, MAE: 583.274967, rot_MSE: 968627.812500, rot_RMSE: 984.188904, rot_MAE: 855.012451, trans_MSE: 147.533279, trans_RMSE: 12.146328, trans_MAE: 7.167002
B--------->A
EPOCH:: 53, Loss: 196.603549, MSE: 1303772.731133, RMSE: 1141.828679, MAE: 584.374291, rot_MSE: 968304.937500, rot_RMSE: 984.024841, rot_MAE: 854.664429, trans_MSE: 145.861618, trans_RMSE: 12.077318, trans_MAE: 6.905725
==TEST==
A--------->B
EPOCH:: 53, Loss: 1105.799686, Cycle Loss: 157.726283, MSE: 1275403.792614, RMSE: 1129.337767, MAE: 563.581383, rot_MSE: 972535.375000, rot_RMSE: 986.172058, rot_MAE: 851.924500, trans_MSE: 917.931641, trans_RMSE: 30.297386, trans_MAE: 17.678709
B--------->A
EPOCH:: 53, Loss: 1105.799686, MSE: 1275366.803590, RMSE: 1129.321391, MAE: 563.599677, rot_MSE: 969553.125000, rot_RMSE: 984.658875, rot_MAE: 850.882141, trans_MSE: 539.920227, trans_RMSE: 23.236183, trans_MAE: 14.675827
==BEST TEST==
A--------->B
EPOCH:: 53, Loss: 945.601218, Cycle Loss: 125.984134, MSE: 1274342.515238, RMSE: 1128.867802, MAE: 562.489849, rot_MSE: 966208.187500, rot_RMSE: 982.958923, rot_MAE: 850.506531, trans_MSE: 791.892212, trans_RMSE: 28.140579, trans_MAE: 16.569094
B--------->A
EPOCH:: 53, Loss: 945.601218, MSE: 1274094.785705, RMSE: 1128.758072, MAE: 556.790365, rot_MSE: 968129.437500, rot_RMSE: 983.935669, rot_MAE: 851.319580, trans_MSE: 410.628448, trans_RMSE: 20.263969, trans_MAE: 13.598515
==TRAIN==
A--------->B
EPOCH:: 54, Loss: 206.854950, Cycle Loss:, 35.944509, MSE: 1319237.448360, RMSE: 1148.580623, MAE: 586.946585, rot_MSE: 974339.875000, rot_RMSE: 987.086548, rot_MAE: 857.407532, trans_MSE: 154.524445, trans_RMSE: 12.430786, trans_MAE: 7.218458
B--------->A
EPOCH:: 54, Loss: 206.854950, MSE: 1319221.320312, RMSE: 1148.573602, MAE: 587.329462, rot_MSE: 974984.312500, rot_RMSE: 987.412964, rot_MAE: 857.500183, trans_MSE: 184.719070, trans_RMSE: 13.591140, trans_MAE: 7.671637
==TEST==
A--------->B
EPOCH:: 54, Loss: 1198.287543, Cycle Loss: 173.298104, MSE: 1275117.186919, RMSE: 1129.210869, MAE: 562.530363, rot_MSE: 968436.562500, rot_RMSE: 984.091736, rot_MAE: 850.958008, trans_MSE: 996.643066, trans_RMSE: 31.569654, trans_MAE: 18.209183
B--------->A
EPOCH:: 54, Loss: 1198.287543, MSE: 1274745.250000, RMSE: 1129.046168, MAE: 560.925282, rot_MSE: 968101.937500, rot_RMSE: 983.921692, rot_MAE: 850.864502, trans_MSE: 611.038452, trans_RMSE: 24.719193, trans_MAE: 15.598223
==BEST TEST==
A--------->B
EPOCH:: 54, Loss: 945.601218, Cycle Loss: 125.984134, MSE: 1274342.515238, RMSE: 1128.867802, MAE: 562.489849, rot_MSE: 966208.187500, rot_RMSE: 982.958923, rot_MAE: 850.506531, trans_MSE: 791.892212, trans_RMSE: 28.140579, trans_MAE: 16.569094
B--------->A
EPOCH:: 54, Loss: 945.601218, MSE: 1274094.785705, RMSE: 1128.758072, MAE: 556.790365, rot_MSE: 968129.437500, rot_RMSE: 983.935669, rot_MAE: 851.319580, trans_MSE: 410.628448, trans_RMSE: 20.263969, trans_MAE: 13.598515
==TRAIN==
A--------->B
EPOCH:: 55, Loss: 156.125009, Cycle Loss:, 24.287002, MSE: 1319816.838174, RMSE: 1148.832816, MAE: 587.188932, rot_MSE: 973077.625000, rot_RMSE: 986.446960, rot_MAE: 857.072266, trans_MSE: 114.491623, trans_RMSE: 10.700076, trans_MAE: 6.143661
B--------->A
EPOCH:: 55, Loss: 156.125009, MSE: 1319899.030342, RMSE: 1148.868587, MAE: 587.699431, rot_MSE: 974674.125000, rot_RMSE: 987.255859, rot_MAE: 857.335205, trans_MSE: 120.712227, trans_RMSE: 10.986912, trans_MAE: 6.274682
==TEST==
A--------->B
EPOCH:: 55, Loss: 931.525765, Cycle Loss: 121.563976, MSE: 1273770.093750, RMSE: 1128.614236, MAE: 563.077408, rot_MSE: 970114.625000, rot_RMSE: 984.943970, rot_MAE: 851.551331, trans_MSE: 779.324707, trans_RMSE: 27.916388, trans_MAE: 14.930914
B--------->A
EPOCH:: 55, Loss: 931.525765, MSE: 1273461.196862, RMSE: 1128.477380, MAE: 560.101259, rot_MSE: 973263.312500, rot_RMSE: 986.541077, rot_MAE: 852.984863, trans_MSE: 385.985962, trans_RMSE: 19.646526, trans_MAE: 12.424081
==BEST TEST==
A--------->B
EPOCH:: 55, Loss: 931.525765, Cycle Loss: 121.563976, MSE: 1273770.093750, RMSE: 1128.614236, MAE: 563.077408, rot_MSE: 970114.625000, rot_RMSE: 984.943970, rot_MAE: 851.551331, trans_MSE: 779.324707, trans_RMSE: 27.916388, trans_MAE: 14.930914
B--------->A
EPOCH:: 55, Loss: 931.525765, MSE: 1273461.196862, RMSE: 1128.477380, MAE: 560.101259, rot_MSE: 973263.312500, rot_RMSE: 986.541077, rot_MAE: 852.984863, trans_MSE: 385.985962, trans_RMSE: 19.646526, trans_MAE: 12.424081
==TRAIN==
A--------->B
EPOCH:: 56, Loss: 117.905001, Cycle Loss:, 18.586076, MSE: 1319493.774540, RMSE: 1148.692202, MAE: 586.792417, rot_MSE: 971819.125000, rot_RMSE: 985.808838, rot_MAE: 856.283020, trans_MSE: 83.080727, trans_RMSE: 9.114863, trans_MAE: 5.667781
B--------->A
EPOCH:: 56, Loss: 117.905001, MSE: 1319495.600558, RMSE: 1148.692997, MAE: 587.388807, rot_MSE: 973350.750000, rot_RMSE: 986.585388, rot_MAE: 856.536316, trans_MSE: 96.410919, trans_RMSE: 9.818906, trans_MAE: 5.847142
==TEST==
A--------->B
EPOCH:: 56, Loss: 547.161793, Cycle Loss: 73.938492, MSE: 1274601.094202, RMSE: 1128.982327, MAE: 562.571185, rot_MSE: 969467.937500, rot_RMSE: 984.615601, rot_MAE: 851.267578, trans_MSE: 446.876160, trans_RMSE: 21.139446, trans_MAE: 11.623539
B--------->A
EPOCH:: 56, Loss: 547.161793, MSE: 1274434.101111, RMSE: 1128.908367, MAE: 560.218418, rot_MSE: 972213.875000, rot_RMSE: 986.009094, rot_MAE: 852.533936, trans_MSE: 256.105957, trans_RMSE: 16.003311, trans_MAE: 9.826381
==BEST TEST==
A--------->B
EPOCH:: 56, Loss: 547.161793, Cycle Loss: 73.938492, MSE: 1274601.094202, RMSE: 1128.982327, MAE: 562.571185, rot_MSE: 969467.937500, rot_RMSE: 984.615601, rot_MAE: 851.267578, trans_MSE: 446.876160, trans_RMSE: 21.139446, trans_MAE: 11.623539
B--------->A
EPOCH:: 56, Loss: 547.161793, MSE: 1274434.101111, RMSE: 1128.908367, MAE: 560.218418, rot_MSE: 972213.875000, rot_RMSE: 986.009094, rot_MAE: 852.533936, trans_MSE: 256.105957, trans_RMSE: 16.003311, trans_MAE: 9.826381
==TRAIN==
A--------->B
EPOCH:: 57, Loss: 1815.585298, Cycle Loss:, 262.799737, MSE: 1301044.388842, RMSE: 1140.633328, MAE: 582.957772, rot_MSE: 973243.812500, rot_RMSE: 986.531189, rot_MAE: 857.268005, trans_MSE: 1534.058105, trans_RMSE: 39.167053, trans_MAE: 16.520643
B--------->A
EPOCH:: 57, Loss: 1815.585298, MSE: 1300167.869748, RMSE: 1140.249038, MAE: 583.149951, rot_MSE: 973921.375000, rot_RMSE: 986.874573, rot_MAE: 857.262817, trans_MSE: 799.607300, trans_RMSE: 28.277328, trans_MAE: 12.940854
==TEST==
A--------->B
EPOCH:: 57, Loss: 73844.212805, Cycle Loss: 18079.788883, MSE: 1316101.663869, RMSE: 1147.214742, MAE: 567.997203, rot_MSE: 965597.062500, rot_RMSE: 982.648010, rot_MAE: 849.102966, trans_MSE: 55734.199219, trans_RMSE: 236.080917, trans_MAE: 73.531906
B--------->A
EPOCH:: 57, Loss: 73844.212805, MSE: 1335653.676524, RMSE: 1155.704840, MAE: 568.080850, rot_MSE: 967354.625000, rot_RMSE: 983.541870, rot_MAE: 850.899536, trans_MSE: 77743.632812, trans_RMSE: 278.825439, trans_MAE: 68.997795
==BEST TEST==
A--------->B
EPOCH:: 57, Loss: 547.161793, Cycle Loss: 73.938492, MSE: 1274601.094202, RMSE: 1128.982327, MAE: 562.571185, rot_MSE: 969467.937500, rot_RMSE: 984.615601, rot_MAE: 851.267578, trans_MSE: 446.876160, trans_RMSE: 21.139446, trans_MAE: 11.623539
B--------->A
EPOCH:: 57, Loss: 547.161793, MSE: 1274434.101111, RMSE: 1128.908367, MAE: 560.218418, rot_MSE: 972213.875000, rot_RMSE: 986.009094, rot_MAE: 852.533936, trans_MSE: 256.105957, trans_RMSE: 16.003311, trans_MAE: 9.826381
==TRAIN==
A--------->B
EPOCH:: 58, Loss: 304.355869, Cycle Loss:, 47.346325, MSE: 1319744.480128, RMSE: 1148.801323, MAE: 587.521721, rot_MSE: 971974.625000, rot_RMSE: 985.887756, rot_MAE: 856.512207, trans_MSE: 235.989761, trans_RMSE: 15.361959, trans_MAE: 9.142772
B--------->A
EPOCH:: 58, Loss: 304.355869, MSE: 1319706.370462, RMSE: 1148.784736, MAE: 588.642367, rot_MSE: 973793.125000, rot_RMSE: 986.809570, rot_MAE: 856.651733, trans_MSE: 188.436218, trans_RMSE: 13.727207, trans_MAE: 7.778992
==TEST==
A--------->B
EPOCH:: 58, Loss: 19026.547797, Cycle Loss: 5123.235875, MSE: 1283362.751808, RMSE: 1132.856015, MAE: 563.984822, rot_MSE: 961062.937500, rot_RMSE: 980.338196, rot_MAE: 847.538391, trans_MSE: 13876.267578, trans_RMSE: 117.797569, trans_MAE: 36.035801
B--------->A
EPOCH:: 58, Loss: 19026.547797, MSE: 1287758.581095, RMSE: 1134.794511, MAE: 562.284601, rot_MSE: 967478.062500, rot_RMSE: 983.604614, rot_MAE: 852.134399, trans_MSE: 18530.822266, trans_RMSE: 136.127960, trans_MAE: 32.935928
==BEST TEST==
A--------->B
EPOCH:: 58, Loss: 547.161793, Cycle Loss: 73.938492, MSE: 1274601.094202, RMSE: 1128.982327, MAE: 562.571185, rot_MSE: 969467.937500, rot_RMSE: 984.615601, rot_MAE: 851.267578, trans_MSE: 446.876160, trans_RMSE: 21.139446, trans_MAE: 11.623539
B--------->A
EPOCH:: 58, Loss: 547.161793, MSE: 1274434.101111, RMSE: 1128.908367, MAE: 560.218418, rot_MSE: 972213.875000, rot_RMSE: 986.009094, rot_MAE: 852.533936, trans_MSE: 256.105957, trans_RMSE: 16.003311, trans_MAE: 9.826381
==TRAIN==
A--------->B
EPOCH:: 59, Loss: 174.854296, Cycle Loss:, 25.295483, MSE: 1320230.169184, RMSE: 1149.012693, MAE: 588.027993, rot_MSE: 974171.500000, rot_RMSE: 987.001282, rot_MAE: 857.299438, trans_MSE: 128.058029, trans_RMSE: 11.316273, trans_MAE: 7.139886
B--------->A
EPOCH:: 59, Loss: 174.854296, MSE: 1320207.696415, RMSE: 1149.002914, MAE: 588.951594, rot_MSE: 972485.062500, rot_RMSE: 986.146545, rot_MAE: 856.310852, trans_MSE: 112.628220, trans_RMSE: 10.612644, trans_MAE: 6.506437
==TEST==
A--------->B
EPOCH:: 59, Loss: 3061.297667, Cycle Loss: 591.665125, MSE: 1274992.972753, RMSE: 1129.155867, MAE: 563.142129, rot_MSE: 963953.625000, rot_RMSE: 981.811401, rot_MAE: 848.971130, trans_MSE: 2434.315674, trans_RMSE: 49.338783, trans_MAE: 28.419260
B--------->A
EPOCH:: 59, Loss: 3061.297667, MSE: 1275262.192342, RMSE: 1129.275074, MAE: 558.786662, rot_MSE: 971972.937500, rot_RMSE: 985.886902, rot_MAE: 852.992676, trans_MSE: 2276.044189, trans_RMSE: 47.707905, trans_MAE: 24.016121
==BEST TEST==
A--------->B
EPOCH:: 59, Loss: 547.161793, Cycle Loss: 73.938492, MSE: 1274601.094202, RMSE: 1128.982327, MAE: 562.571185, rot_MSE: 969467.937500, rot_RMSE: 984.615601, rot_MAE: 851.267578, trans_MSE: 446.876160, trans_RMSE: 21.139446, trans_MAE: 11.623539
B--------->A
EPOCH:: 59, Loss: 547.161793, MSE: 1274434.101111, RMSE: 1128.908367, MAE: 560.218418, rot_MSE: 972213.875000, rot_RMSE: 986.009094, rot_MAE: 852.533936, trans_MSE: 256.105957, trans_RMSE: 16.003311, trans_MAE: 9.826381
==TRAIN==
A--------->B
EPOCH:: 60, Loss: 145.156188, Cycle Loss:, 21.133839, MSE: 1314594.760568, RMSE: 1146.557788, MAE: 585.984290, rot_MSE: 971496.437500, rot_RMSE: 985.645203, rot_MAE: 855.728760, trans_MSE: 102.811142, trans_RMSE: 10.139583, trans_MAE: 6.340202
B--------->A
EPOCH:: 60, Loss: 145.156188, MSE: 1314678.107430, RMSE: 1146.594134, MAE: 586.834121, rot_MSE: 971639.125000, rot_RMSE: 985.717590, rot_MAE: 855.933594, trans_MSE: 97.642258, trans_RMSE: 9.881410, trans_MAE: 5.992392
==TEST==
A--------->B
EPOCH:: 60, Loss: 1263.776040, Cycle Loss: 216.841292, MSE: 1273827.436532, RMSE: 1128.639640, MAE: 562.491285, rot_MSE: 970955.000000, rot_RMSE: 985.370483, rot_MAE: 852.070740, trans_MSE: 1012.553345, trans_RMSE: 31.820642, trans_MAE: 18.057003
B--------->A
EPOCH:: 60, Loss: 1263.776040, MSE: 1273699.923489, RMSE: 1128.583149, MAE: 557.463987, rot_MSE: 971500.812500, rot_RMSE: 985.647400, rot_MAE: 851.499817, trans_MSE: 812.392151, trans_RMSE: 28.502493, trans_MAE: 14.330853
==BEST TEST==
A--------->B
EPOCH:: 60, Loss: 547.161793, Cycle Loss: 73.938492, MSE: 1274601.094202, RMSE: 1128.982327, MAE: 562.571185, rot_MSE: 969467.937500, rot_RMSE: 984.615601, rot_MAE: 851.267578, trans_MSE: 446.876160, trans_RMSE: 21.139446, trans_MAE: 11.623539
B--------->A
EPOCH:: 60, Loss: 547.161793, MSE: 1274434.101111, RMSE: 1128.908367, MAE: 560.218418, rot_MSE: 972213.875000, rot_RMSE: 986.009094, rot_MAE: 852.533936, trans_MSE: 256.105957, trans_RMSE: 16.003311, trans_MAE: 9.826381
==TRAIN==
A--------->B
EPOCH:: 61, Loss: 178.294639, Cycle Loss:, 22.442697, MSE: 1314331.542466, RMSE: 1146.442996, MAE: 585.922124, rot_MSE: 971202.937500, rot_RMSE: 985.496277, rot_MAE: 855.719482, trans_MSE: 133.853500, trans_RMSE: 11.569508, trans_MAE: 6.615110
B--------->A
EPOCH:: 61, Loss: 178.294639, MSE: 1314320.245332, RMSE: 1146.438069, MAE: 588.891785, rot_MSE: 975810.187500, rot_RMSE: 987.831055, rot_MAE: 858.051941, trans_MSE: 83.955315, trans_RMSE: 9.162713, trans_MAE: 5.721573
==TEST==
A--------->B
EPOCH:: 61, Loss: 4477.983595, Cycle Loss: 959.674702, MSE: 1276725.812435, RMSE: 1129.922923, MAE: 563.195990, rot_MSE: 962084.062500, rot_RMSE: 980.858826, rot_MAE: 847.866394, trans_MSE: 3485.004150, trans_RMSE: 59.033924, trans_MAE: 28.423161
B--------->A
EPOCH:: 61, Loss: 4477.983595, MSE: 1276985.351433, RMSE: 1130.037765, MAE: 559.838681, rot_MSE: 964471.625000, rot_RMSE: 982.075134, rot_MAE: 849.604797, trans_MSE: 3655.769043, trans_RMSE: 60.462955, trans_MAE: 22.803892
==BEST TEST==
A--------->B
EPOCH:: 61, Loss: 547.161793, Cycle Loss: 73.938492, MSE: 1274601.094202, RMSE: 1128.982327, MAE: 562.571185, rot_MSE: 969467.937500, rot_RMSE: 984.615601, rot_MAE: 851.267578, trans_MSE: 446.876160, trans_RMSE: 21.139446, trans_MAE: 11.623539
B--------->A
EPOCH:: 61, Loss: 547.161793, MSE: 1274434.101111, RMSE: 1128.908367, MAE: 560.218418, rot_MSE: 972213.875000, rot_RMSE: 986.009094, rot_MAE: 852.533936, trans_MSE: 256.105957, trans_RMSE: 16.003311, trans_MAE: 9.826381
==TRAIN==
A--------->B
EPOCH:: 62, Loss: 169.346978, Cycle Loss:, 22.507719, MSE: 1319675.898859, RMSE: 1148.771474, MAE: 587.212366, rot_MSE: 971032.250000, rot_RMSE: 985.409668, rot_MAE: 855.618835, trans_MSE: 125.998917, trans_RMSE: 11.224924, trans_MAE: 6.691484
B--------->A
EPOCH:: 62, Loss: 169.346978, MSE: 1319647.092810, RMSE: 1148.758936, MAE: 588.521886, rot_MSE: 972142.500000, rot_RMSE: 985.972839, rot_MAE: 855.941650, trans_MSE: 85.827484, trans_RMSE: 9.264313, trans_MAE: 5.631025
==TEST==
A--------->B
EPOCH:: 62, Loss: 4849.763037, Cycle Loss: 1181.506842, MSE: 1275518.222689, RMSE: 1129.388429, MAE: 562.894748, rot_MSE: 964668.625000, rot_RMSE: 982.175476, rot_MAE: 849.413391, trans_MSE: 3641.017822, trans_RMSE: 60.340847, trans_MAE: 23.158745
B--------->A
EPOCH:: 62, Loss: 4849.763037, MSE: 1276303.215199, RMSE: 1129.735905, MAE: 560.711678, rot_MSE: 963832.875000, rot_RMSE: 981.749878, rot_MAE: 848.582458, trans_MSE: 4525.959473, trans_RMSE: 67.275253, trans_MAE: 18.169836
==BEST TEST==
A--------->B
EPOCH:: 62, Loss: 547.161793, Cycle Loss: 73.938492, MSE: 1274601.094202, RMSE: 1128.982327, MAE: 562.571185, rot_MSE: 969467.937500, rot_RMSE: 984.615601, rot_MAE: 851.267578, trans_MSE: 446.876160, trans_RMSE: 21.139446, trans_MAE: 11.623539
B--------->A
EPOCH:: 62, Loss: 547.161793, MSE: 1274434.101111, RMSE: 1128.908367, MAE: 560.218418, rot_MSE: 972213.875000, rot_RMSE: 986.009094, rot_MAE: 852.533936, trans_MSE: 256.105957, trans_RMSE: 16.003311, trans_MAE: 9.826381
==TRAIN==
A--------->B
EPOCH:: 63, Loss: 313.316750, Cycle Loss:, 38.103997, MSE: 1318855.351044, RMSE: 1148.414277, MAE: 586.692917, rot_MSE: 972650.562500, rot_RMSE: 986.230469, rot_MAE: 856.403015, trans_MSE: 256.323517, trans_RMSE: 16.010107, trans_MAE: 7.809202
B--------->A
EPOCH:: 63, Loss: 313.316750, MSE: 1318559.573036, RMSE: 1148.285493, MAE: 588.176634, rot_MSE: 970128.750000, rot_RMSE: 984.951111, rot_MAE: 855.640564, trans_MSE: 104.153603, trans_RMSE: 10.205567, trans_MAE: 6.404598
==TEST==
A--------->B
EPOCH:: 63, Loss: 1510.488459, Cycle Loss: 210.544765, MSE: 1273368.819279, RMSE: 1128.436449, MAE: 563.018846, rot_MSE: 973108.437500, rot_RMSE: 986.462585, rot_MAE: 851.658081, trans_MSE: 1268.430664, trans_RMSE: 35.615036, trans_MAE: 19.570307
B--------->A
EPOCH:: 63, Loss: 1510.488459, MSE: 1273046.248450, RMSE: 1128.293512, MAE: 555.933724, rot_MSE: 972556.500000, rot_RMSE: 986.182800, rot_MAE: 853.731934, trans_MSE: 746.335327, trans_RMSE: 27.319138, trans_MAE: 16.505169
==BEST TEST==
A--------->B
EPOCH:: 63, Loss: 547.161793, Cycle Loss: 73.938492, MSE: 1274601.094202, RMSE: 1128.982327, MAE: 562.571185, rot_MSE: 969467.937500, rot_RMSE: 984.615601, rot_MAE: 851.267578, trans_MSE: 446.876160, trans_RMSE: 21.139446, trans_MAE: 11.623539
B--------->A
EPOCH:: 63, Loss: 547.161793, MSE: 1274434.101111, RMSE: 1128.908367, MAE: 560.218418, rot_MSE: 972213.875000, rot_RMSE: 986.009094, rot_MAE: 852.533936, trans_MSE: 256.105957, trans_RMSE: 16.003311, trans_MAE: 9.826381
==TRAIN==
A--------->B
EPOCH:: 64, Loss: 160.023710, Cycle Loss:, 20.601461, MSE: 1319837.844982, RMSE: 1148.841958, MAE: 586.952551, rot_MSE: 973513.625000, rot_RMSE: 986.667969, rot_MAE: 857.178772, trans_MSE: 120.400673, trans_RMSE: 10.972724, trans_MAE: 6.559547
B--------->A
EPOCH:: 64, Loss: 160.023710, MSE: 1319775.853378, RMSE: 1148.814978, MAE: 587.302673, rot_MSE: 972961.375000, rot_RMSE: 986.388062, rot_MAE: 856.796997, trans_MSE: 90.516136, trans_RMSE: 9.513997, trans_MAE: 5.793871
==TEST==
A--------->B
EPOCH:: 64, Loss: 1022.979588, Cycle Loss: 156.664660, MSE: 1272559.844008, RMSE: 1128.077942, MAE: 562.663411, rot_MSE: 962949.437500, rot_RMSE: 981.299866, rot_MAE: 848.317688, trans_MSE: 842.507385, trans_RMSE: 29.025978, trans_MAE: 12.220547
B--------->A
EPOCH:: 64, Loss: 1022.979588, MSE: 1272158.801976, RMSE: 1127.900174, MAE: 560.609561, rot_MSE: 961315.937500, rot_RMSE: 980.467224, rot_MAE: 848.083862, trans_MSE: 472.574036, trans_RMSE: 21.738768, trans_MAE: 9.618419
==BEST TEST==
A--------->B
EPOCH:: 64, Loss: 547.161793, Cycle Loss: 73.938492, MSE: 1274601.094202, RMSE: 1128.982327, MAE: 562.571185, rot_MSE: 969467.937500, rot_RMSE: 984.615601, rot_MAE: 851.267578, trans_MSE: 446.876160, trans_RMSE: 21.139446, trans_MAE: 11.623539
B--------->A
EPOCH:: 64, Loss: 547.161793, MSE: 1274434.101111, RMSE: 1128.908367, MAE: 560.218418, rot_MSE: 972213.875000, rot_RMSE: 986.009094, rot_MAE: 852.533936, trans_MSE: 256.105957, trans_RMSE: 16.003311, trans_MAE: 9.826381
==TRAIN==
A--------->B
EPOCH:: 65, Loss: 112.834346, Cycle Loss:, 14.048803, MSE: 1319214.228021, RMSE: 1148.570515, MAE: 587.198192, rot_MSE: 976004.062500, rot_RMSE: 987.929199, rot_MAE: 857.917847, trans_MSE: 79.603798, trans_RMSE: 8.922096, trans_MAE: 5.280273
B--------->A
EPOCH:: 65, Loss: 112.834346, MSE: 1319240.754409, RMSE: 1148.582063, MAE: 588.554212, rot_MSE: 975327.250000, rot_RMSE: 987.586609, rot_MAE: 857.296448, trans_MSE: 58.497105, trans_RMSE: 7.648340, trans_MAE: 4.563773
==TEST==
A--------->B
EPOCH:: 65, Loss: 879.115395, Cycle Loss: 86.153376, MSE: 1272707.433949, RMSE: 1128.143357, MAE: 563.179499, rot_MSE: 968171.375000, rot_RMSE: 983.956970, rot_MAE: 849.794189, trans_MSE: 759.550781, trans_RMSE: 27.559948, trans_MAE: 12.916772
B--------->A
EPOCH:: 65, Loss: 879.115395, MSE: 1272145.589230, RMSE: 1127.894317, MAE: 557.713992, rot_MSE: 969280.500000, rot_RMSE: 984.520447, rot_MAE: 852.507751, trans_MSE: 264.036469, trans_RMSE: 16.249199, trans_MAE: 9.909732
==BEST TEST==
A--------->B
EPOCH:: 65, Loss: 547.161793, Cycle Loss: 73.938492, MSE: 1274601.094202, RMSE: 1128.982327, MAE: 562.571185, rot_MSE: 969467.937500, rot_RMSE: 984.615601, rot_MAE: 851.267578, trans_MSE: 446.876160, trans_RMSE: 21.139446, trans_MAE: 11.623539
B--------->A
EPOCH:: 65, Loss: 547.161793, MSE: 1274434.101111, RMSE: 1128.908367, MAE: 560.218418, rot_MSE: 972213.875000, rot_RMSE: 986.009094, rot_MAE: 852.533936, trans_MSE: 256.105957, trans_RMSE: 16.003311, trans_MAE: 9.826381
==TRAIN==
A--------->B
EPOCH:: 66, Loss: 72.710744, Cycle Loss:, 8.208089, MSE: 1319079.095825, RMSE: 1148.511687, MAE: 587.459975, rot_MSE: 971694.000000, rot_RMSE: 985.745422, rot_MAE: 856.109619, trans_MSE: 46.291813, trans_RMSE: 6.803809, trans_MAE: 4.091203
B--------->A
EPOCH:: 66, Loss: 72.710744, MSE: 1319115.056081, RMSE: 1148.527342, MAE: 589.240053, rot_MSE: 972661.750000, rot_RMSE: 986.236145, rot_MAE: 856.310181, trans_MSE: 35.409504, trans_RMSE: 5.950589, trans_MAE: 3.820622
==TEST==
A--------->B
EPOCH:: 66, Loss: 1393.903066, Cycle Loss: 154.290161, MSE: 1273159.024019, RMSE: 1128.343487, MAE: 563.662473, rot_MSE: 967410.750000, rot_RMSE: 983.570435, rot_MAE: 850.568176, trans_MSE: 1210.959717, trans_RMSE: 34.798847, trans_MAE: 13.123741
B--------->A
EPOCH:: 66, Loss: 1393.903066, MSE: 1272402.914127, RMSE: 1128.008384, MAE: 560.263195, rot_MSE: 967151.437500, rot_RMSE: 983.438599, rot_MAE: 851.503418, trans_MSE: 381.773254, trans_RMSE: 19.539019, trans_MAE: 9.475724
==BEST TEST==
A--------->B
EPOCH:: 66, Loss: 547.161793, Cycle Loss: 73.938492, MSE: 1274601.094202, RMSE: 1128.982327, MAE: 562.571185, rot_MSE: 969467.937500, rot_RMSE: 984.615601, rot_MAE: 851.267578, trans_MSE: 446.876160, trans_RMSE: 21.139446, trans_MAE: 11.623539
B--------->A
EPOCH:: 66, Loss: 547.161793, MSE: 1274434.101111, RMSE: 1128.908367, MAE: 560.218418, rot_MSE: 972213.875000, rot_RMSE: 986.009094, rot_MAE: 852.533936, trans_MSE: 256.105957, trans_RMSE: 16.003311, trans_MAE: 9.826381
==TRAIN==
A--------->B
EPOCH:: 67, Loss: 60.073871, Cycle Loss:, 6.836409, MSE: 1319188.027425, RMSE: 1148.559109, MAE: 587.609342, rot_MSE: 974021.125000, rot_RMSE: 986.925110, rot_MAE: 857.126648, trans_MSE: 35.133476, trans_RMSE: 5.927350, trans_MAE: 3.656188
B--------->A
EPOCH:: 67, Loss: 60.073871, MSE: 1319188.274086, RMSE: 1148.559217, MAE: 588.046360, rot_MSE: 975350.062500, rot_RMSE: 987.598145, rot_MAE: 857.414490, trans_MSE: 28.698570, trans_RMSE: 5.357105, trans_MAE: 3.474003
==TEST==
A--------->B
EPOCH:: 67, Loss: 210.639291, Cycle Loss: 18.769413, MSE: 1272456.966103, RMSE: 1128.032343, MAE: 563.046158, rot_MSE: 970357.937500, rot_RMSE: 985.067505, rot_MAE: 850.952576, trans_MSE: 160.320145, trans_RMSE: 12.661759, trans_MAE: 6.306465
B--------->A
EPOCH:: 67, Loss: 210.639291, MSE: 1272347.380488, RMSE: 1127.983768, MAE: 558.590537, rot_MSE: 972117.312500, rot_RMSE: 985.960083, rot_MAE: 852.908203, trans_MSE: 75.315697, trans_RMSE: 8.678462, trans_MAE: 4.932822
==BEST TEST==
A--------->B
EPOCH:: 67, Loss: 210.639291, Cycle Loss: 18.769413, MSE: 1272456.966103, RMSE: 1128.032343, MAE: 563.046158, rot_MSE: 970357.937500, rot_RMSE: 985.067505, rot_MAE: 850.952576, trans_MSE: 160.320145, trans_RMSE: 12.661759, trans_MAE: 6.306465
B--------->A
EPOCH:: 67, Loss: 210.639291, MSE: 1272347.380488, RMSE: 1127.983768, MAE: 558.590537, rot_MSE: 972117.312500, rot_RMSE: 985.960083, rot_MAE: 852.908203, trans_MSE: 75.315697, trans_RMSE: 8.678462, trans_MAE: 4.932822
==TRAIN==
A--------->B
EPOCH:: 68, Loss: 97.445198, Cycle Loss:, 12.365760, MSE: 1318722.808091, RMSE: 1148.356568, MAE: 587.291636, rot_MSE: 973451.625000, rot_RMSE: 986.636536, rot_MAE: 857.138489, trans_MSE: 67.693413, trans_RMSE: 8.227601, trans_MAE: 4.602633
B--------->A
EPOCH:: 68, Loss: 97.445198, MSE: 1318691.464860, RMSE: 1148.342921, MAE: 587.733244, rot_MSE: 973225.250000, rot_RMSE: 986.521790, rot_MAE: 857.047546, trans_MSE: 39.651917, trans_RMSE: 6.296977, trans_MAE: 4.080758
==TEST==
A--------->B
EPOCH:: 68, Loss: 566.240636, Cycle Loss: 60.588342, MSE: 1272502.974367, RMSE: 1128.052736, MAE: 562.906379, rot_MSE: 967659.375000, rot_RMSE: 983.696777, rot_MAE: 848.876892, trans_MSE: 473.096985, trans_RMSE: 21.750793, trans_MAE: 10.855289
B--------->A
EPOCH:: 68, Loss: 566.240636, MSE: 1272179.156056, RMSE: 1127.909197, MAE: 557.940366, rot_MSE: 968999.312500, rot_RMSE: 984.377625, rot_MAE: 850.297607, trans_MSE: 223.882324, trans_RMSE: 14.962698, trans_MAE: 8.872338
==BEST TEST==
A--------->B
EPOCH:: 68, Loss: 210.639291, Cycle Loss: 18.769413, MSE: 1272456.966103, RMSE: 1128.032343, MAE: 563.046158, rot_MSE: 970357.937500, rot_RMSE: 985.067505, rot_MAE: 850.952576, trans_MSE: 160.320145, trans_RMSE: 12.661759, trans_MAE: 6.306465
B--------->A
EPOCH:: 68, Loss: 210.639291, MSE: 1272347.380488, RMSE: 1127.983768, MAE: 558.590537, rot_MSE: 972117.312500, rot_RMSE: 985.960083, rot_MAE: 852.908203, trans_MSE: 75.315697, trans_RMSE: 8.678462, trans_MAE: 4.932822
==TRAIN==
A--------->B
EPOCH:: 69, Loss: 46.678378, Cycle Loss:, 5.126637, MSE: 1319440.398470, RMSE: 1148.668968, MAE: 587.596233, rot_MSE: 971637.750000, rot_RMSE: 985.716858, rot_MAE: 856.346130, trans_MSE: 24.093359, trans_RMSE: 4.908499, trans_MAE: 3.062222
B--------->A
EPOCH:: 69, Loss: 46.678378, MSE: 1319411.891533, RMSE: 1148.656559, MAE: 589.490750, rot_MSE: 972080.250000, rot_RMSE: 985.941284, rot_MAE: 856.435852, trans_MSE: 27.490305, trans_RMSE: 5.243120, trans_MAE: 3.087302
==TEST==
A--------->B
EPOCH:: 69, Loss: 580.243994, Cycle Loss: 61.794272, MSE: 1272413.587100, RMSE: 1128.013115, MAE: 563.075383, rot_MSE: 971792.062500, rot_RMSE: 985.795166, rot_MAE: 851.318359, trans_MSE: 484.407288, trans_RMSE: 22.009254, trans_MAE: 11.578831
B--------->A
EPOCH:: 69, Loss: 580.243994, MSE: 1271917.280733, RMSE: 1127.793102, MAE: 558.725668, rot_MSE: 967985.562500, rot_RMSE: 983.862549, rot_MAE: 850.384644, trans_MSE: 177.048615, trans_RMSE: 13.305962, trans_MAE: 8.425277
==BEST TEST==
A--------->B
EPOCH:: 69, Loss: 210.639291, Cycle Loss: 18.769413, MSE: 1272456.966103, RMSE: 1128.032343, MAE: 563.046158, rot_MSE: 970357.937500, rot_RMSE: 985.067505, rot_MAE: 850.952576, trans_MSE: 160.320145, trans_RMSE: 12.661759, trans_MAE: 6.306465
B--------->A
EPOCH:: 69, Loss: 210.639291, MSE: 1272347.380488, RMSE: 1127.983768, MAE: 558.590537, rot_MSE: 972117.312500, rot_RMSE: 985.960083, rot_MAE: 852.908203, trans_MSE: 75.315697, trans_RMSE: 8.678462, trans_MAE: 4.932822
==TRAIN==
A--------->B
EPOCH:: 70, Loss: 50.699358, Cycle Loss:, 5.782654, MSE: 1319062.531250, RMSE: 1148.504476, MAE: 587.182484, rot_MSE: 973135.687500, rot_RMSE: 986.476379, rot_MAE: 857.020508, trans_MSE: 28.594757, trans_RMSE: 5.347406, trans_MAE: 3.028430
B--------->A
EPOCH:: 70, Loss: 50.699358, MSE: 1319045.423723, RMSE: 1148.497028, MAE: 587.933807, rot_MSE: 972866.312500, rot_RMSE: 986.339844, rot_MAE: 856.872437, trans_MSE: 27.572073, trans_RMSE: 5.250912, trans_MAE: 2.893624
==TEST==
A--------->B
EPOCH:: 70, Loss: 242.316327, Cycle Loss: 22.923490, MSE: 1272274.277247, RMSE: 1127.951363, MAE: 562.366709, rot_MSE: 970061.750000, rot_RMSE: 984.917114, rot_MAE: 851.102356, trans_MSE: 187.149902, trans_RMSE: 13.680274, trans_MAE: 6.608382
B--------->A
EPOCH:: 70, Loss: 242.316327, MSE: 1272116.141206, RMSE: 1127.881262, MAE: 559.140106, rot_MSE: 966666.562500, rot_RMSE: 983.192017, rot_MAE: 849.619995, trans_MSE: 76.870392, trans_RMSE: 8.767576, trans_MAE: 5.404443
==BEST TEST==
A--------->B
EPOCH:: 70, Loss: 210.639291, Cycle Loss: 18.769413, MSE: 1272456.966103, RMSE: 1128.032343, MAE: 563.046158, rot_MSE: 970357.937500, rot_RMSE: 985.067505, rot_MAE: 850.952576, trans_MSE: 160.320145, trans_RMSE: 12.661759, trans_MAE: 6.306465
B--------->A
EPOCH:: 70, Loss: 210.639291, MSE: 1272347.380488, RMSE: 1127.983768, MAE: 558.590537, rot_MSE: 972117.312500, rot_RMSE: 985.960083, rot_MAE: 852.908203, trans_MSE: 75.315697, trans_RMSE: 8.678462, trans_MAE: 4.932822
==TRAIN==
A--------->B
EPOCH:: 71, Loss: 38.431844, Cycle Loss:, 3.783932, MSE: 1319049.951439, RMSE: 1148.498999, MAE: 587.374431, rot_MSE: 971590.625000, rot_RMSE: 985.692993, rot_MAE: 856.078491, trans_MSE: 18.713402, trans_RMSE: 4.325899, trans_MAE: 2.596204
B--------->A
EPOCH:: 71, Loss: 38.431844, MSE: 1319095.020552, RMSE: 1148.518620, MAE: 588.167002, rot_MSE: 971461.125000, rot_RMSE: 985.627258, rot_MAE: 856.147888, trans_MSE: 15.421469, trans_RMSE: 3.927018, trans_MAE: 2.436715
==TEST==
A--------->B
EPOCH:: 71, Loss: 446.535906, Cycle Loss: 41.742043, MSE: 1272533.488701, RMSE: 1128.066261, MAE: 562.498922, rot_MSE: 964092.312500, rot_RMSE: 981.882019, rot_MAE: 848.382080, trans_MSE: 379.876862, trans_RMSE: 19.490431, trans_MAE: 8.193796
B--------->A
EPOCH:: 71, Loss: 446.535906, MSE: 1272162.124742, RMSE: 1127.901647, MAE: 557.925746, rot_MSE: 963958.500000, rot_RMSE: 981.813904, rot_MAE: 848.375366, trans_MSE: 107.210396, trans_RMSE: 10.354245, trans_MAE: 5.889057
==BEST TEST==
A--------->B
EPOCH:: 71, Loss: 210.639291, Cycle Loss: 18.769413, MSE: 1272456.966103, RMSE: 1128.032343, MAE: 563.046158, rot_MSE: 970357.937500, rot_RMSE: 985.067505, rot_MAE: 850.952576, trans_MSE: 160.320145, trans_RMSE: 12.661759, trans_MAE: 6.306465
B--------->A
EPOCH:: 71, Loss: 210.639291, MSE: 1272347.380488, RMSE: 1127.983768, MAE: 558.590537, rot_MSE: 972117.312500, rot_RMSE: 985.960083, rot_MAE: 852.908203, trans_MSE: 75.315697, trans_RMSE: 8.678462, trans_MAE: 4.932822
==TRAIN==
A--------->B
EPOCH:: 72, Loss: 36.298675, Cycle Loss:, 3.375715, MSE: 1318170.749676, RMSE: 1148.116174, MAE: 586.980981, rot_MSE: 973776.000000, rot_RMSE: 986.800903, rot_MAE: 857.165894, trans_MSE: 18.736486, trans_RMSE: 4.328567, trans_MAE: 2.586137
B--------->A
EPOCH:: 72, Loss: 36.298675, MSE: 1318148.383720, RMSE: 1148.106434, MAE: 587.377213, rot_MSE: 973505.500000, rot_RMSE: 986.663818, rot_MAE: 856.925293, trans_MSE: 13.658278, trans_RMSE: 3.695711, trans_MAE: 2.303104
==TEST==
A--------->B
EPOCH:: 72, Loss: 267.462809, Cycle Loss: 25.507516, MSE: 1272746.839101, RMSE: 1128.160821, MAE: 562.968573, rot_MSE: 965527.250000, rot_RMSE: 982.612488, rot_MAE: 849.139648, trans_MSE: 215.144714, trans_RMSE: 14.667812, trans_MAE: 7.360084
B--------->A
EPOCH:: 72, Loss: 267.462809, MSE: 1272545.871513, RMSE: 1128.071749, MAE: 561.084102, rot_MSE: 966146.562500, rot_RMSE: 982.927551, rot_MAE: 849.439392, trans_MSE: 80.653687, trans_RMSE: 8.980740, trans_MAE: 5.574315
==BEST TEST==
A--------->B
EPOCH:: 72, Loss: 210.639291, Cycle Loss: 18.769413, MSE: 1272456.966103, RMSE: 1128.032343, MAE: 563.046158, rot_MSE: 970357.937500, rot_RMSE: 985.067505, rot_MAE: 850.952576, trans_MSE: 160.320145, trans_RMSE: 12.661759, trans_MAE: 6.306465
B--------->A
EPOCH:: 72, Loss: 210.639291, MSE: 1272347.380488, RMSE: 1127.983768, MAE: 558.590537, rot_MSE: 972117.312500, rot_RMSE: 985.960083, rot_MAE: 852.908203, trans_MSE: 75.315697, trans_RMSE: 8.678462, trans_MAE: 4.932822
==TRAIN==
A--------->B
EPOCH:: 73, Loss: 28.325152, Cycle Loss:, 2.744054, MSE: 1318746.996240, RMSE: 1148.367100, MAE: 587.139338, rot_MSE: 973544.125000, rot_RMSE: 986.683411, rot_MAE: 856.810974, trans_MSE: 12.319125, trans_RMSE: 3.509861, trans_MAE: 2.147979
B--------->A
EPOCH:: 73, Loss: 28.325152, MSE: 1318731.603345, RMSE: 1148.360398, MAE: 587.406496, rot_MSE: 972612.875000, rot_RMSE: 986.211365, rot_MAE: 856.420471, trans_MSE: 11.305790, trans_RMSE: 3.362408, trans_MAE: 2.106114
==TEST==
A--------->B
EPOCH:: 73, Loss: 181.737721, Cycle Loss: 16.742191, MSE: 1272972.841038, RMSE: 1128.260981, MAE: 563.073527, rot_MSE: 963724.625000, rot_RMSE: 981.694763, rot_MAE: 848.893738, trans_MSE: 143.382568, trans_RMSE: 11.974246, trans_MAE: 5.640048
B--------->A
EPOCH:: 73, Loss: 181.737721, MSE: 1272885.296940, RMSE: 1128.222184, MAE: 560.556267, rot_MSE: 962950.625000, rot_RMSE: 981.300476, rot_MAE: 848.658752, trans_MSE: 55.112171, trans_RMSE: 7.423757, trans_MAE: 4.400795
==BEST TEST==
A--------->B
EPOCH:: 73, Loss: 181.737721, Cycle Loss: 16.742191, MSE: 1272972.841038, RMSE: 1128.260981, MAE: 563.073527, rot_MSE: 963724.625000, rot_RMSE: 981.694763, rot_MAE: 848.893738, trans_MSE: 143.382568, trans_RMSE: 11.974246, trans_MAE: 5.640048
B--------->A
EPOCH:: 73, Loss: 181.737721, MSE: 1272885.296940, RMSE: 1128.222184, MAE: 560.556267, rot_MSE: 962950.625000, rot_RMSE: 981.300476, rot_MAE: 848.658752, trans_MSE: 55.112171, trans_RMSE: 7.423757, trans_MAE: 4.400795
==TRAIN==
A--------->B
EPOCH:: 74, Loss: 24.575081, Cycle Loss:, 1.826100, MSE: 1312713.313699, RMSE: 1145.737018, MAE: 586.042094, rot_MSE: 970008.250000, rot_RMSE: 984.889954, rot_MAE: 855.620605, trans_MSE: 10.989840, trans_RMSE: 3.315093, trans_MAE: 1.889534
B--------->A
EPOCH:: 74, Loss: 24.575081, MSE: 1312708.028041, RMSE: 1145.734711, MAE: 585.930322, rot_MSE: 969825.750000, rot_RMSE: 984.797302, rot_MAE: 855.607605, trans_MSE: 7.263148, trans_RMSE: 2.695023, trans_MAE: 1.803773
==TEST==
A--------->B
EPOCH:: 74, Loss: 681.513433, Cycle Loss: 90.631979, MSE: 1273577.432787, RMSE: 1128.528880, MAE: 562.842789, rot_MSE: 962568.312500, rot_RMSE: 981.105652, rot_MAE: 848.766724, trans_MSE: 573.890320, trans_RMSE: 23.956009, trans_MAE: 7.639490
B--------->A
EPOCH:: 74, Loss: 681.513433, MSE: 1273310.864734, RMSE: 1128.410770, MAE: 560.347116, rot_MSE: 961090.812500, rot_RMSE: 980.352417, rot_MAE: 848.374329, trans_MSE: 277.206726, trans_RMSE: 16.649527, trans_MAE: 5.750909
==BEST TEST==
A--------->B
EPOCH:: 74, Loss: 181.737721, Cycle Loss: 16.742191, MSE: 1272972.841038, RMSE: 1128.260981, MAE: 563.073527, rot_MSE: 963724.625000, rot_RMSE: 981.694763, rot_MAE: 848.893738, trans_MSE: 143.382568, trans_RMSE: 11.974246, trans_MAE: 5.640048
B--------->A
EPOCH:: 74, Loss: 181.737721, MSE: 1272885.296940, RMSE: 1128.222184, MAE: 560.556267, rot_MSE: 962950.625000, rot_RMSE: 981.300476, rot_MAE: 848.658752, trans_MSE: 55.112171, trans_RMSE: 7.423757, trans_MAE: 4.400795
==TRAIN==
A--------->B
EPOCH:: 75, Loss: 20.733521, Cycle Loss:, 1.553682, MSE: 1318893.680692, RMSE: 1148.430965, MAE: 587.271917, rot_MSE: 972589.125000, rot_RMSE: 986.199341, rot_MAE: 856.830078, trans_MSE: 7.258322, trans_RMSE: 2.694127, trans_MAE: 1.717674
B--------->A
EPOCH:: 75, Loss: 20.733521, MSE: 1318935.963336, RMSE: 1148.449373, MAE: 586.851170, rot_MSE: 972730.250000, rot_RMSE: 986.270874, rot_MAE: 856.905579, trans_MSE: 8.107832, trans_RMSE: 2.847425, trans_MAE: 1.857983
==TEST==
A--------->B
EPOCH:: 75, Loss: 221.616331, Cycle Loss: 24.844316, MSE: 1273069.111441, RMSE: 1128.303643, MAE: 562.873113, rot_MSE: 967074.375000, rot_RMSE: 983.399414, rot_MAE: 850.236755, trans_MSE: 172.611038, trans_RMSE: 13.138152, trans_MAE: 7.431711
B--------->A
EPOCH:: 75, Loss: 221.616331, MSE: 1273041.279313, RMSE: 1128.291310, MAE: 559.962608, rot_MSE: 966165.625000, rot_RMSE: 982.937256, rot_MAE: 849.797791, trans_MSE: 85.396523, trans_RMSE: 9.241024, trans_MAE: 5.935564
==BEST TEST==
A--------->B
EPOCH:: 75, Loss: 181.737721, Cycle Loss: 16.742191, MSE: 1272972.841038, RMSE: 1128.260981, MAE: 563.073527, rot_MSE: 963724.625000, rot_RMSE: 981.694763, rot_MAE: 848.893738, trans_MSE: 143.382568, trans_RMSE: 11.974246, trans_MAE: 5.640048
B--------->A
EPOCH:: 75, Loss: 181.737721, MSE: 1272885.296940, RMSE: 1128.222184, MAE: 560.556267, rot_MSE: 962950.625000, rot_RMSE: 981.300476, rot_MAE: 848.658752, trans_MSE: 55.112171, trans_RMSE: 7.423757, trans_MAE: 4.400795
==TRAIN==
A--------->B
EPOCH:: 76, Loss: 21.367391, Cycle Loss:, 1.731847, MSE: 1318898.857430, RMSE: 1148.433219, MAE: 587.647323, rot_MSE: 973143.125000, rot_RMSE: 986.480164, rot_MAE: 856.850281, trans_MSE: 7.979769, trans_RMSE: 2.824848, trans_MAE: 1.732894
B--------->A
EPOCH:: 76, Loss: 21.367391, MSE: 1318915.388680, RMSE: 1148.440416, MAE: 588.095681, rot_MSE: 972954.000000, rot_RMSE: 986.384277, rot_MAE: 856.819336, trans_MSE: 8.169316, trans_RMSE: 2.858202, trans_MAE: 1.820167
==TEST==
A--------->B
EPOCH:: 76, Loss: 220.114199, Cycle Loss: 23.031310, MSE: 1273212.441568, RMSE: 1128.367157, MAE: 562.809658, rot_MSE: 964454.812500, rot_RMSE: 982.066589, rot_MAE: 849.442810, trans_MSE: 179.305038, trans_RMSE: 13.390483, trans_MAE: 5.658245
B--------->A
EPOCH:: 76, Loss: 220.114199, MSE: 1273108.231857, RMSE: 1128.320979, MAE: 558.626356, rot_MSE: 962269.625000, rot_RMSE: 980.953430, rot_MAE: 848.141724, trans_MSE: 57.513447, trans_RMSE: 7.583762, trans_MAE: 4.269211
==BEST TEST==
A--------->B
EPOCH:: 76, Loss: 181.737721, Cycle Loss: 16.742191, MSE: 1272972.841038, RMSE: 1128.260981, MAE: 563.073527, rot_MSE: 963724.625000, rot_RMSE: 981.694763, rot_MAE: 848.893738, trans_MSE: 143.382568, trans_RMSE: 11.974246, trans_MAE: 5.640048
B--------->A
EPOCH:: 76, Loss: 181.737721, MSE: 1272885.296940, RMSE: 1128.222184, MAE: 560.556267, rot_MSE: 962950.625000, rot_RMSE: 981.300476, rot_MAE: 848.658752, trans_MSE: 55.112171, trans_RMSE: 7.423757, trans_MAE: 4.400795
==TRAIN==
A--------->B
EPOCH:: 77, Loss: 19.815704, Cycle Loss:, 1.351940, MSE: 1319137.441293, RMSE: 1148.537087, MAE: 587.649886, rot_MSE: 970838.312500, rot_RMSE: 985.311279, rot_MAE: 855.609802, trans_MSE: 7.250138, trans_RMSE: 2.692608, trans_MAE: 1.705685
B--------->A
EPOCH:: 77, Loss: 19.815704, MSE: 1319127.454033, RMSE: 1148.532740, MAE: 587.142909, rot_MSE: 970293.125000, rot_RMSE: 985.034607, rot_MAE: 855.348816, trans_MSE: 7.189965, trans_RMSE: 2.681411, trans_MAE: 1.716110
==TEST==
A--------->B
EPOCH:: 77, Loss: 333.317881, Cycle Loss: 36.827665, MSE: 1273374.429881, RMSE: 1128.438935, MAE: 563.121546, rot_MSE: 967424.687500, rot_RMSE: 983.577515, rot_MAE: 850.476746, trans_MSE: 272.364624, trans_RMSE: 16.503473, trans_MAE: 8.862576
B--------->A
EPOCH:: 77, Loss: 333.317881, MSE: 1273177.459646, RMSE: 1128.351656, MAE: 558.841717, rot_MSE: 965319.375000, rot_RMSE: 982.506653, rot_MAE: 849.703064, trans_MSE: 110.062813, trans_RMSE: 10.491082, trans_MAE: 6.683187
==BEST TEST==
A--------->B
EPOCH:: 77, Loss: 181.737721, Cycle Loss: 16.742191, MSE: 1272972.841038, RMSE: 1128.260981, MAE: 563.073527, rot_MSE: 963724.625000, rot_RMSE: 981.694763, rot_MAE: 848.893738, trans_MSE: 143.382568, trans_RMSE: 11.974246, trans_MAE: 5.640048
B--------->A
EPOCH:: 77, Loss: 181.737721, MSE: 1272885.296940, RMSE: 1128.222184, MAE: 560.556267, rot_MSE: 962950.625000, rot_RMSE: 981.300476, rot_MAE: 848.658752, trans_MSE: 55.112171, trans_RMSE: 7.423757, trans_MAE: 4.400795
==TRAIN==
A--------->B
EPOCH:: 78, Loss: 20.564770, Cycle Loss:, 1.485404, MSE: 1318948.166202, RMSE: 1148.454686, MAE: 587.494949, rot_MSE: 973306.625000, rot_RMSE: 986.563049, rot_MAE: 857.137268, trans_MSE: 8.047038, trans_RMSE: 2.836730, trans_MAE: 1.696731
B--------->A
EPOCH:: 78, Loss: 20.564770, MSE: 1318949.779175, RMSE: 1148.455388, MAE: 586.672947, rot_MSE: 973341.187500, rot_RMSE: 986.580566, rot_MAE: 857.061279, trans_MSE: 6.994534, trans_RMSE: 2.644718, trans_MAE: 1.737567
==TEST==
A--------->B
EPOCH:: 78, Loss: 267.544655, Cycle Loss: 29.263806, MSE: 1273367.016400, RMSE: 1128.435650, MAE: 563.007916, rot_MSE: 967277.250000, rot_RMSE: 983.502563, rot_MAE: 850.183533, trans_MSE: 214.811386, trans_RMSE: 14.656446, trans_MAE: 7.620217
B--------->A
EPOCH:: 78, Loss: 267.544655, MSE: 1273254.474367, RMSE: 1128.385783, MAE: 559.255353, rot_MSE: 964407.000000, rot_RMSE: 982.042236, rot_MAE: 849.012329, trans_MSE: 94.900276, trans_RMSE: 9.741677, trans_MAE: 6.077741
==BEST TEST==
A--------->B
EPOCH:: 78, Loss: 181.737721, Cycle Loss: 16.742191, MSE: 1272972.841038, RMSE: 1128.260981, MAE: 563.073527, rot_MSE: 963724.625000, rot_RMSE: 981.694763, rot_MAE: 848.893738, trans_MSE: 143.382568, trans_RMSE: 11.974246, trans_MAE: 5.640048
B--------->A
EPOCH:: 78, Loss: 181.737721, MSE: 1272885.296940, RMSE: 1128.222184, MAE: 560.556267, rot_MSE: 962950.625000, rot_RMSE: 981.300476, rot_MAE: 848.658752, trans_MSE: 55.112171, trans_RMSE: 7.423757, trans_MAE: 4.400795
==TRAIN==
A--------->B
EPOCH:: 79, Loss: 21.831553, Cycle Loss:, 1.768288, MSE: 1319058.822095, RMSE: 1148.502861, MAE: 587.557439, rot_MSE: 969804.125000, rot_RMSE: 984.786316, rot_MAE: 855.495850, trans_MSE: 9.458494, trans_RMSE: 3.075466, trans_MAE: 1.766716
B--------->A
EPOCH:: 79, Loss: 21.831553, MSE: 1319084.437176, RMSE: 1148.514013, MAE: 587.532236, rot_MSE: 968928.937500, rot_RMSE: 984.341858, rot_MAE: 855.122253, trans_MSE: 8.264186, trans_RMSE: 2.874750, trans_MAE: 1.775122
==TEST==
A--------->B
EPOCH:: 79, Loss: 288.658452, Cycle Loss: 31.290552, MSE: 1273602.711002, RMSE: 1128.540079, MAE: 562.962627, rot_MSE: 962930.000000, rot_RMSE: 981.289978, rot_MAE: 848.507568, trans_MSE: 238.341553, trans_RMSE: 15.438314, trans_MAE: 6.605892
B--------->A
EPOCH:: 79, Loss: 288.658452, MSE: 1273505.498386, RMSE: 1128.497009, MAE: 558.217311, rot_MSE: 961673.187500, rot_RMSE: 980.649353, rot_MAE: 848.150574, trans_MSE: 68.629463, trans_RMSE: 8.284290, trans_MAE: 4.841749
==BEST TEST==
A--------->B
EPOCH:: 79, Loss: 181.737721, Cycle Loss: 16.742191, MSE: 1272972.841038, RMSE: 1128.260981, MAE: 563.073527, rot_MSE: 963724.625000, rot_RMSE: 981.694763, rot_MAE: 848.893738, trans_MSE: 143.382568, trans_RMSE: 11.974246, trans_MAE: 5.640048
B--------->A
EPOCH:: 79, Loss: 181.737721, MSE: 1272885.296940, RMSE: 1128.222184, MAE: 560.556267, rot_MSE: 962950.625000, rot_RMSE: 981.300476, rot_MAE: 848.658752, trans_MSE: 55.112171, trans_RMSE: 7.423757, trans_MAE: 4.400795
==TRAIN==
A--------->B
EPOCH:: 80, Loss: 18.468220, Cycle Loss:, 1.217812, MSE: 1313062.709738, RMSE: 1145.889484, MAE: 585.992743, rot_MSE: 970918.937500, rot_RMSE: 985.352173, rot_MAE: 855.653687, trans_MSE: 6.500639, trans_RMSE: 2.549635, trans_MAE: 1.566968
B--------->A
EPOCH:: 80, Loss: 18.468220, MSE: 1313061.156088, RMSE: 1145.888806, MAE: 584.712581, rot_MSE: 970386.250000, rot_RMSE: 985.081848, rot_MAE: 855.435791, trans_MSE: 5.962117, trans_RMSE: 2.441745, trans_MAE: 1.626666
==TEST==
A--------->B
EPOCH:: 80, Loss: 102.230441, Cycle Loss: 10.382151, MSE: 1273340.370480, RMSE: 1128.423843, MAE: 562.610668, rot_MSE: 963777.062500, rot_RMSE: 981.721497, rot_MAE: 849.365723, trans_MSE: 76.243965, trans_RMSE: 8.731779, trans_MAE: 4.105478
B--------->A
EPOCH:: 80, Loss: 102.230441, MSE: 1273317.379907, RMSE: 1128.413656, MAE: 558.387485, rot_MSE: 964325.375000, rot_RMSE: 982.000671, rot_MAE: 849.274902, trans_MSE: 28.285053, trans_RMSE: 5.318369, trans_MAE: 3.187767
==BEST TEST==
A--------->B
EPOCH:: 80, Loss: 102.230441, Cycle Loss: 10.382151, MSE: 1273340.370480, RMSE: 1128.423843, MAE: 562.610668, rot_MSE: 963777.062500, rot_RMSE: 981.721497, rot_MAE: 849.365723, trans_MSE: 76.243965, trans_RMSE: 8.731779, trans_MAE: 4.105478
B--------->A
EPOCH:: 80, Loss: 102.230441, MSE: 1273317.379907, RMSE: 1128.413656, MAE: 558.387485, rot_MSE: 964325.375000, rot_RMSE: 982.000671, rot_MAE: 849.274902, trans_MSE: 28.285053, trans_RMSE: 5.318369, trans_MAE: 3.187767
==TRAIN==
A--------->B
EPOCH:: 81, Loss: 17.252775, Cycle Loss:, 1.219302, MSE: 1311265.893672, RMSE: 1145.105189, MAE: 585.710726, rot_MSE: 968903.375000, rot_RMSE: 984.328918, rot_MAE: 854.831970, trans_MSE: 6.136992, trans_RMSE: 2.477295, trans_MAE: 1.566480
B--------->A
EPOCH:: 81, Loss: 17.252775, MSE: 1311262.834252, RMSE: 1145.103853, MAE: 584.124514, rot_MSE: 968940.687500, rot_RMSE: 984.347839, rot_MAE: 854.781799, trans_MSE: 6.273706, trans_RMSE: 2.504737, trans_MAE: 1.607855
==TEST==
A--------->B
EPOCH:: 81, Loss: 157.929806, Cycle Loss: 16.028603, MSE: 1273182.457645, RMSE: 1128.353871, MAE: 562.764743, rot_MSE: 966478.437500, rot_RMSE: 983.096375, rot_MAE: 850.066833, trans_MSE: 121.653267, trans_RMSE: 11.029654, trans_MAE: 5.230732
B--------->A
EPOCH:: 81, Loss: 157.929806, MSE: 1273151.284478, RMSE: 1128.340057, MAE: 558.204755, rot_MSE: 966292.437500, rot_RMSE: 983.001770, rot_MAE: 849.974670, trans_MSE: 42.332111, trans_RMSE: 6.506313, trans_MAE: 4.072180
==BEST TEST==
A--------->B
EPOCH:: 81, Loss: 102.230441, Cycle Loss: 10.382151, MSE: 1273340.370480, RMSE: 1128.423843, MAE: 562.610668, rot_MSE: 963777.062500, rot_RMSE: 981.721497, rot_MAE: 849.365723, trans_MSE: 76.243965, trans_RMSE: 8.731779, trans_MAE: 4.105478
B--------->A
EPOCH:: 81, Loss: 102.230441, MSE: 1273317.379907, RMSE: 1128.413656, MAE: 558.387485, rot_MSE: 964325.375000, rot_RMSE: 982.000671, rot_MAE: 849.274902, trans_MSE: 28.285053, trans_RMSE: 5.318369, trans_MAE: 3.187767
==TRAIN==
A--------->B
EPOCH:: 82, Loss: 19.386549, Cycle Loss:, 1.347395, MSE: 1318595.155893, RMSE: 1148.300987, MAE: 587.265537, rot_MSE: 970719.250000, rot_RMSE: 985.250854, rot_MAE: 855.817627, trans_MSE: 8.193378, trans_RMSE: 2.862408, trans_MAE: 1.625890
B--------->A
EPOCH:: 82, Loss: 19.386549, MSE: 1318596.961553, RMSE: 1148.301773, MAE: 585.788542, rot_MSE: 970295.750000, rot_RMSE: 985.035889, rot_MAE: 855.666321, trans_MSE: 5.926286, trans_RMSE: 2.434397, trans_MAE: 1.608341
==TEST==
A--------->B
EPOCH:: 82, Loss: 318.463253, Cycle Loss: 36.977511, MSE: 1273914.067407, RMSE: 1128.678018, MAE: 562.725072, rot_MSE: 963580.625000, rot_RMSE: 981.621399, rot_MAE: 849.528931, trans_MSE: 266.506531, trans_RMSE: 16.325027, trans_MAE: 5.704551
B--------->A
EPOCH:: 82, Loss: 318.463253, MSE: 1273847.872740, RMSE: 1128.648693, MAE: 559.605683, rot_MSE: 962057.437500, rot_RMSE: 980.845276, rot_MAE: 848.694214, trans_MSE: 76.269569, trans_RMSE: 8.733245, trans_MAE: 4.181501
==BEST TEST==
A--------->B
EPOCH:: 82, Loss: 102.230441, Cycle Loss: 10.382151, MSE: 1273340.370480, RMSE: 1128.423843, MAE: 562.610668, rot_MSE: 963777.062500, rot_RMSE: 981.721497, rot_MAE: 849.365723, trans_MSE: 76.243965, trans_RMSE: 8.731779, trans_MAE: 4.105478
B--------->A
EPOCH:: 82, Loss: 102.230441, MSE: 1273317.379907, RMSE: 1128.413656, MAE: 558.387485, rot_MSE: 964325.375000, rot_RMSE: 982.000671, rot_MAE: 849.274902, trans_MSE: 28.285053, trans_RMSE: 5.318369, trans_MAE: 3.187767
==TRAIN==
A--------->B
EPOCH:: 83, Loss: 17.332611, Cycle Loss:, 1.153895, MSE: 1318465.280083, RMSE: 1148.244434, MAE: 587.386403, rot_MSE: 972456.562500, rot_RMSE: 986.132141, rot_MAE: 856.450195, trans_MSE: 6.070018, trans_RMSE: 2.463741, trans_MAE: 1.578658
B--------->A
EPOCH:: 83, Loss: 17.332611, MSE: 1318473.991474, RMSE: 1148.248227, MAE: 587.415126, rot_MSE: 972501.687500, rot_RMSE: 986.155029, rot_MAE: 856.358398, trans_MSE: 5.660046, trans_RMSE: 2.379085, trans_MAE: 1.553460
==TEST==
A--------->B
EPOCH:: 83, Loss: 436.576569, Cycle Loss: 63.696036, MSE: 1274064.025568, RMSE: 1128.744447, MAE: 562.779147, rot_MSE: 962222.000000, rot_RMSE: 980.929138, rot_MAE: 848.643616, trans_MSE: 360.782715, trans_RMSE: 18.994282, trans_MAE: 5.839468
B--------->A
EPOCH:: 83, Loss: 436.576569, MSE: 1273962.688920, RMSE: 1128.699557, MAE: 561.338040, rot_MSE: 961828.687500, rot_RMSE: 980.728638, rot_MAE: 848.483887, trans_MSE: 172.363480, trans_RMSE: 13.128727, trans_MAE: 4.250038
==BEST TEST==
A--------->B
EPOCH:: 83, Loss: 102.230441, Cycle Loss: 10.382151, MSE: 1273340.370480, RMSE: 1128.423843, MAE: 562.610668, rot_MSE: 963777.062500, rot_RMSE: 981.721497, rot_MAE: 849.365723, trans_MSE: 76.243965, trans_RMSE: 8.731779, trans_MAE: 4.105478
B--------->A
EPOCH:: 83, Loss: 102.230441, MSE: 1273317.379907, RMSE: 1128.413656, MAE: 558.387485, rot_MSE: 964325.375000, rot_RMSE: 982.000671, rot_MAE: 849.274902, trans_MSE: 28.285053, trans_RMSE: 5.318369, trans_MAE: 3.187767
==TRAIN==
A--------->B
EPOCH:: 84, Loss: 18.100370, Cycle Loss:, 1.421490, MSE: 1311647.949170, RMSE: 1145.271998, MAE: 585.800858, rot_MSE: 970667.125000, rot_RMSE: 985.224426, rot_MAE: 855.762268, trans_MSE: 7.312985, trans_RMSE: 2.704253, trans_MAE: 1.571509
B--------->A
EPOCH:: 84, Loss: 18.100370, MSE: 1311650.076050, RMSE: 1145.272926, MAE: 585.523142, rot_MSE: 970853.625000, rot_RMSE: 985.319031, rot_MAE: 855.787537, trans_MSE: 6.590256, trans_RMSE: 2.567149, trans_MAE: 1.578202
==TEST==
A--------->B
EPOCH:: 84, Loss: 210.752341, Cycle Loss: 24.943861, MSE: 1273691.307658, RMSE: 1128.579332, MAE: 562.703675, rot_MSE: 964120.687500, rot_RMSE: 981.896484, rot_MAE: 849.210205, trans_MSE: 164.729874, trans_RMSE: 12.834714, trans_MAE: 7.731474
B--------->A
EPOCH:: 84, Loss: 210.752341, MSE: 1273608.619770, RMSE: 1128.542697, MAE: 560.007841, rot_MSE: 965759.937500, rot_RMSE: 982.730835, rot_MAE: 849.379822, trans_MSE: 79.822899, trans_RMSE: 8.934366, trans_MAE: 6.008011
==BEST TEST==
A--------->B
EPOCH:: 84, Loss: 102.230441, Cycle Loss: 10.382151, MSE: 1273340.370480, RMSE: 1128.423843, MAE: 562.610668, rot_MSE: 963777.062500, rot_RMSE: 981.721497, rot_MAE: 849.365723, trans_MSE: 76.243965, trans_RMSE: 8.731779, trans_MAE: 4.105478
B--------->A
EPOCH:: 84, Loss: 102.230441, MSE: 1273317.379907, RMSE: 1128.413656, MAE: 558.387485, rot_MSE: 964325.375000, rot_RMSE: 982.000671, rot_MAE: 849.274902, trans_MSE: 28.285053, trans_RMSE: 5.318369, trans_MAE: 3.187767
==TRAIN==
A--------->B
EPOCH:: 85, Loss: 17.116698, Cycle Loss:, 1.161111, MSE: 1319298.158065, RMSE: 1148.607051, MAE: 587.516937, rot_MSE: 970892.750000, rot_RMSE: 985.338928, rot_MAE: 856.285156, trans_MSE: 6.276728, trans_RMSE: 2.505340, trans_MAE: 1.545660
B--------->A
EPOCH:: 85, Loss: 17.116698, MSE: 1319297.703871, RMSE: 1148.606853, MAE: 587.239124, rot_MSE: 970955.750000, rot_RMSE: 985.370850, rot_MAE: 856.283386, trans_MSE: 5.381060, trans_RMSE: 2.319711, trans_MAE: 1.538030
==TEST==
A--------->B
EPOCH:: 85, Loss: 127.595040, Cycle Loss: 13.735489, MSE: 1273517.343169, RMSE: 1128.502257, MAE: 562.499457, rot_MSE: 964353.437500, rot_RMSE: 982.015015, rot_MAE: 849.529785, trans_MSE: 97.284798, trans_RMSE: 9.863306, trans_MAE: 5.320295
B--------->A
EPOCH:: 85, Loss: 127.595040, MSE: 1273483.976111, RMSE: 1128.487473, MAE: 559.574871, rot_MSE: 965878.625000, rot_RMSE: 982.791260, rot_MAE: 850.064880, trans_MSE: 44.082870, trans_RMSE: 6.639493, trans_MAE: 4.218005
==BEST TEST==
A--------->B
EPOCH:: 85, Loss: 102.230441, Cycle Loss: 10.382151, MSE: 1273340.370480, RMSE: 1128.423843, MAE: 562.610668, rot_MSE: 963777.062500, rot_RMSE: 981.721497, rot_MAE: 849.365723, trans_MSE: 76.243965, trans_RMSE: 8.731779, trans_MAE: 4.105478
B--------->A
EPOCH:: 85, Loss: 102.230441, MSE: 1273317.379907, RMSE: 1128.413656, MAE: 558.387485, rot_MSE: 964325.375000, rot_RMSE: 982.000671, rot_MAE: 849.274902, trans_MSE: 28.285053, trans_RMSE: 5.318369, trans_MAE: 3.187767
==TRAIN==
A--------->B
EPOCH:: 86, Loss: 15.678963, Cycle Loss:, 1.054481, MSE: 1318765.243290, RMSE: 1148.375045, MAE: 587.286832, rot_MSE: 971654.875000, rot_RMSE: 985.725586, rot_MAE: 856.220276, trans_MSE: 5.513822, trans_RMSE: 2.348153, trans_MAE: 1.459168
B--------->A
EPOCH:: 86, Loss: 15.678963, MSE: 1318783.581658, RMSE: 1148.383029, MAE: 587.088092, rot_MSE: 971399.812500, rot_RMSE: 985.596191, rot_MAE: 856.111145, trans_MSE: 4.904398, trans_RMSE: 2.214587, trans_MAE: 1.470536
==TEST==
A--------->B
EPOCH:: 86, Loss: 259.549856, Cycle Loss: 30.095475, MSE: 1273604.763171, RMSE: 1128.540989, MAE: 562.748446, rot_MSE: 964121.375000, rot_RMSE: 981.896851, rot_MAE: 849.360168, trans_MSE: 208.387054, trans_RMSE: 14.435617, trans_MAE: 8.361650
B--------->A
EPOCH:: 86, Loss: 259.549856, MSE: 1273464.126550, RMSE: 1128.478678, MAE: 559.298776, rot_MSE: 964484.937500, rot_RMSE: 982.081970, rot_MAE: 848.925781, trans_MSE: 89.684685, trans_RMSE: 9.470200, trans_MAE: 6.328643
==BEST TEST==
A--------->B
EPOCH:: 86, Loss: 102.230441, Cycle Loss: 10.382151, MSE: 1273340.370480, RMSE: 1128.423843, MAE: 562.610668, rot_MSE: 963777.062500, rot_RMSE: 981.721497, rot_MAE: 849.365723, trans_MSE: 76.243965, trans_RMSE: 8.731779, trans_MAE: 4.105478
B--------->A
EPOCH:: 86, Loss: 102.230441, MSE: 1273317.379907, RMSE: 1128.413656, MAE: 558.387485, rot_MSE: 964325.375000, rot_RMSE: 982.000671, rot_MAE: 849.274902, trans_MSE: 28.285053, trans_RMSE: 5.318369, trans_MAE: 3.187767
==TRAIN==
A--------->B
EPOCH:: 87, Loss: 14.117306, Cycle Loss:, 0.905395, MSE: 1318895.340800, RMSE: 1148.431687, MAE: 587.303626, rot_MSE: 971122.187500, rot_RMSE: 985.455322, rot_MAE: 855.962585, trans_MSE: 4.384242, trans_RMSE: 2.093858, trans_MAE: 1.358758
B--------->A
EPOCH:: 87, Loss: 14.117306, MSE: 1318894.643445, RMSE: 1148.431384, MAE: 587.204934, rot_MSE: 971091.062500, rot_RMSE: 985.439514, rot_MAE: 855.943970, trans_MSE: 4.423914, trans_RMSE: 2.103310, trans_MAE: 1.417489
==TEST==
A--------->B
EPOCH:: 87, Loss: 293.475775, Cycle Loss: 31.951283, MSE: 1273708.813920, RMSE: 1128.587087, MAE: 562.829684, rot_MSE: 964300.312500, rot_RMSE: 981.987915, rot_MAE: 849.687012, trans_MSE: 246.125854, trans_RMSE: 15.688398, trans_MAE: 6.258720
B--------->A
EPOCH:: 87, Loss: 293.475775, MSE: 1273603.116090, RMSE: 1128.540259, MAE: 558.356891, rot_MSE: 963231.375000, rot_RMSE: 981.443542, rot_MAE: 848.819275, trans_MSE: 61.115494, trans_RMSE: 7.817640, trans_MAE: 4.310592
==BEST TEST==
A--------->B
EPOCH:: 87, Loss: 102.230441, Cycle Loss: 10.382151, MSE: 1273340.370480, RMSE: 1128.423843, MAE: 562.610668, rot_MSE: 963777.062500, rot_RMSE: 981.721497, rot_MAE: 849.365723, trans_MSE: 76.243965, trans_RMSE: 8.731779, trans_MAE: 4.105478
B--------->A
EPOCH:: 87, Loss: 102.230441, MSE: 1273317.379907, RMSE: 1128.413656, MAE: 558.387485, rot_MSE: 964325.375000, rot_RMSE: 982.000671, rot_MAE: 849.274902, trans_MSE: 28.285053, trans_RMSE: 5.318369, trans_MAE: 3.187767
==TRAIN==
A--------->B
EPOCH:: 88, Loss: 13.629163, Cycle Loss:, 0.837449, MSE: 1307824.458798, RMSE: 1143.601530, MAE: 585.632022, rot_MSE: 971544.312500, rot_RMSE: 985.669495, rot_MAE: 856.265991, trans_MSE: 4.125425, trans_RMSE: 2.031114, trans_MAE: 1.327817
B--------->A
EPOCH:: 88, Loss: 13.629163, MSE: 1307823.388777, RMSE: 1143.601062, MAE: 585.112163, rot_MSE: 971470.000000, rot_RMSE: 985.631775, rot_MAE: 856.235657, trans_MSE: 4.229455, trans_RMSE: 2.056564, trans_MAE: 1.364370
==TEST==
A--------->B
EPOCH:: 88, Loss: 230.344818, Cycle Loss: 24.151846, MSE: 1273265.360925, RMSE: 1128.390607, MAE: 562.814926, rot_MSE: 963933.000000, rot_RMSE: 981.800903, rot_MAE: 849.726074, trans_MSE: 189.099396, trans_RMSE: 13.751342, trans_MAE: 6.242897
B--------->A
EPOCH:: 88, Loss: 230.344818, MSE: 1273219.080062, RMSE: 1128.370099, MAE: 558.039438, rot_MSE: 963685.937500, rot_RMSE: 981.675049, rot_MAE: 849.399719, trans_MSE: 51.477123, trans_RMSE: 7.174756, trans_MAE: 4.496812
==BEST TEST==
A--------->B
EPOCH:: 88, Loss: 102.230441, Cycle Loss: 10.382151, MSE: 1273340.370480, RMSE: 1128.423843, MAE: 562.610668, rot_MSE: 963777.062500, rot_RMSE: 981.721497, rot_MAE: 849.365723, trans_MSE: 76.243965, trans_RMSE: 8.731779, trans_MAE: 4.105478
B--------->A
EPOCH:: 88, Loss: 102.230441, MSE: 1273317.379907, RMSE: 1128.413656, MAE: 558.387485, rot_MSE: 964325.375000, rot_RMSE: 982.000671, rot_MAE: 849.274902, trans_MSE: 28.285053, trans_RMSE: 5.318369, trans_MAE: 3.187767
==TRAIN==
A--------->B
EPOCH:: 89, Loss: 15.320980, Cycle Loss:, 1.003785, MSE: 1319140.668309, RMSE: 1148.538492, MAE: 587.549987, rot_MSE: 972203.312500, rot_RMSE: 986.003723, rot_MAE: 856.918579, trans_MSE: 5.871321, trans_RMSE: 2.423081, trans_MAE: 1.423280
B--------->A
EPOCH:: 89, Loss: 15.320980, MSE: 1319139.506224, RMSE: 1148.537986, MAE: 586.625229, rot_MSE: 972187.875000, rot_RMSE: 985.995850, rot_MAE: 856.902161, trans_MSE: 4.422218, trans_RMSE: 2.102907, trans_MAE: 1.381941
==TEST==
A--------->B
EPOCH:: 89, Loss: 157.212263, Cycle Loss: 16.906011, MSE: 1273232.714230, RMSE: 1128.376140, MAE: 562.383359, rot_MSE: 963016.437500, rot_RMSE: 981.333984, rot_MAE: 849.504395, trans_MSE: 125.593040, trans_RMSE: 11.206830, trans_MAE: 5.670777
B--------->A
EPOCH:: 89, Loss: 157.212263, MSE: 1273168.180785, RMSE: 1128.347544, MAE: 557.884298, rot_MSE: 965372.187500, rot_RMSE: 982.533569, rot_MAE: 849.814148, trans_MSE: 40.210056, trans_RMSE: 6.341140, trans_MAE: 4.127838
==BEST TEST==
A--------->B
EPOCH:: 89, Loss: 102.230441, Cycle Loss: 10.382151, MSE: 1273340.370480, RMSE: 1128.423843, MAE: 562.610668, rot_MSE: 963777.062500, rot_RMSE: 981.721497, rot_MAE: 849.365723, trans_MSE: 76.243965, trans_RMSE: 8.731779, trans_MAE: 4.105478
B--------->A
EPOCH:: 89, Loss: 102.230441, MSE: 1273317.379907, RMSE: 1128.413656, MAE: 558.387485, rot_MSE: 964325.375000, rot_RMSE: 982.000671, rot_MAE: 849.274902, trans_MSE: 28.285053, trans_RMSE: 5.318369, trans_MAE: 3.187767
==TRAIN==
A--------->B
EPOCH:: 90, Loss: 13.848620, Cycle Loss:, 0.866653, MSE: 1318896.361774, RMSE: 1148.432132, MAE: 587.372311, rot_MSE: 970768.750000, rot_RMSE: 985.276001, rot_MAE: 855.652161, trans_MSE: 4.823891, trans_RMSE: 2.196336, trans_MAE: 1.367228
B--------->A
EPOCH:: 90, Loss: 13.848620, MSE: 1318899.653786, RMSE: 1148.433565, MAE: 586.642938, rot_MSE: 970938.062500, rot_RMSE: 985.361877, rot_MAE: 855.719421, trans_MSE: 4.058230, trans_RMSE: 2.014505, trans_MAE: 1.355811
==TEST==
A--------->B
EPOCH:: 90, Loss: 282.786677, Cycle Loss: 30.163074, MSE: 1273294.281315, RMSE: 1128.403421, MAE: 562.673892, rot_MSE: 963207.125000, rot_RMSE: 981.431152, rot_MAE: 849.642029, trans_MSE: 235.827698, trans_RMSE: 15.356683, trans_MAE: 6.795982
B--------->A
EPOCH:: 90, Loss: 282.786677, MSE: 1273188.868156, RMSE: 1128.356711, MAE: 558.956894, rot_MSE: 964169.000000, rot_RMSE: 981.921082, rot_MAE: 849.948669, trans_MSE: 55.263397, trans_RMSE: 7.433936, trans_MAE: 4.741909
==BEST TEST==
A--------->B
EPOCH:: 90, Loss: 102.230441, Cycle Loss: 10.382151, MSE: 1273340.370480, RMSE: 1128.423843, MAE: 562.610668, rot_MSE: 963777.062500, rot_RMSE: 981.721497, rot_MAE: 849.365723, trans_MSE: 76.243965, trans_RMSE: 8.731779, trans_MAE: 4.105478
B--------->A
EPOCH:: 90, Loss: 102.230441, MSE: 1273317.379907, RMSE: 1128.413656, MAE: 558.387485, rot_MSE: 964325.375000, rot_RMSE: 982.000671, rot_MAE: 849.274902, trans_MSE: 28.285053, trans_RMSE: 5.318369, trans_MAE: 3.187767
==TRAIN==
A--------->B
EPOCH:: 91, Loss: 17.193173, Cycle Loss:, 1.156980, MSE: 1318965.030764, RMSE: 1148.462028, MAE: 587.571863, rot_MSE: 970292.937500, rot_RMSE: 985.034485, rot_MAE: 855.616211, trans_MSE: 7.859464, trans_RMSE: 2.803473, trans_MAE: 1.485006
B--------->A
EPOCH:: 91, Loss: 17.193173, MSE: 1318977.072452, RMSE: 1148.467271, MAE: 587.047202, rot_MSE: 970154.812500, rot_RMSE: 984.964355, rot_MAE: 855.554138, trans_MSE: 4.366355, trans_RMSE: 2.089582, trans_MAE: 1.380175
==TEST==
A--------->B
EPOCH:: 91, Loss: 92.894430, Cycle Loss: 9.623269, MSE: 1273140.586777, RMSE: 1128.335317, MAE: 562.612852, rot_MSE: 964925.375000, rot_RMSE: 982.306152, rot_MAE: 850.102295, trans_MSE: 67.610870, trans_RMSE: 8.222583, trans_MAE: 4.595326
B--------->A
EPOCH:: 91, Loss: 92.894430, MSE: 1273098.540612, RMSE: 1128.316685, MAE: 558.684499, rot_MSE: 965853.062500, rot_RMSE: 982.778259, rot_MAE: 849.852295, trans_MSE: 26.479393, trans_RMSE: 5.145813, trans_MAE: 3.389940
==BEST TEST==
A--------->B
EPOCH:: 91, Loss: 92.894430, Cycle Loss: 9.623269, MSE: 1273140.586777, RMSE: 1128.335317, MAE: 562.612852, rot_MSE: 964925.375000, rot_RMSE: 982.306152, rot_MAE: 850.102295, trans_MSE: 67.610870, trans_RMSE: 8.222583, trans_MAE: 4.595326
B--------->A
EPOCH:: 91, Loss: 92.894430, MSE: 1273098.540612, RMSE: 1128.316685, MAE: 558.684499, rot_MSE: 965853.062500, rot_RMSE: 982.778259, rot_MAE: 849.852295, trans_MSE: 26.479393, trans_RMSE: 5.145813, trans_MAE: 3.389940
==TRAIN==
A--------->B
EPOCH:: 92, Loss: 22.265325, Cycle Loss:, 1.658926, MSE: 1318558.917207, RMSE: 1148.285207, MAE: 587.388503, rot_MSE: 971877.437500, rot_RMSE: 985.838440, rot_MAE: 856.416565, trans_MSE: 12.443950, trans_RMSE: 3.527598, trans_MAE: 1.699126
B--------->A
EPOCH:: 92, Loss: 22.265325, MSE: 1318551.446253, RMSE: 1148.281954, MAE: 587.153153, rot_MSE: 971827.687500, rot_RMSE: 985.813232, rot_MAE: 856.383911, trans_MSE: 5.299906, trans_RMSE: 2.302152, trans_MAE: 1.475428
==TEST==
A--------->B
EPOCH:: 92, Loss: 346.473739, Cycle Loss: 40.588398, MSE: 1273858.070054, RMSE: 1128.653211, MAE: 562.896165, rot_MSE: 962654.750000, rot_RMSE: 981.149719, rot_MAE: 849.182007, trans_MSE: 293.004639, trans_RMSE: 17.117378, trans_MAE: 6.896646
B--------->A
EPOCH:: 92, Loss: 346.473739, MSE: 1273693.213326, RMSE: 1128.580176, MAE: 560.911984, rot_MSE: 962844.562500, rot_RMSE: 981.246460, rot_MAE: 848.882996, trans_MSE: 79.616577, trans_RMSE: 8.922812, trans_MAE: 4.850696
==BEST TEST==
A--------->B
EPOCH:: 92, Loss: 92.894430, Cycle Loss: 9.623269, MSE: 1273140.586777, RMSE: 1128.335317, MAE: 562.612852, rot_MSE: 964925.375000, rot_RMSE: 982.306152, rot_MAE: 850.102295, trans_MSE: 67.610870, trans_RMSE: 8.222583, trans_MAE: 4.595326
B--------->A
EPOCH:: 92, Loss: 92.894430, MSE: 1273098.540612, RMSE: 1128.316685, MAE: 558.684499, rot_MSE: 965853.062500, rot_RMSE: 982.778259, rot_MAE: 849.852295, trans_MSE: 26.479393, trans_RMSE: 5.145813, trans_MAE: 3.389940
==TRAIN==
A--------->B
EPOCH:: 93, Loss: 17.369159, Cycle Loss:, 1.333273, MSE: 1318902.733078, RMSE: 1148.434906, MAE: 587.404076, rot_MSE: 969767.562500, rot_RMSE: 984.767761, rot_MAE: 855.473572, trans_MSE: 8.446991, trans_RMSE: 2.906371, trans_MAE: 1.578098
B--------->A
EPOCH:: 93, Loss: 17.369159, MSE: 1318899.850493, RMSE: 1148.433651, MAE: 586.679684, rot_MSE: 969821.750000, rot_RMSE: 984.795288, rot_MAE: 855.492371, trans_MSE: 4.318581, trans_RMSE: 2.078120, trans_MAE: 1.415589
==TEST==
A--------->B
EPOCH:: 93, Loss: 104.294565, Cycle Loss: 10.702809, MSE: 1272752.857890, RMSE: 1128.163489, MAE: 562.626898, rot_MSE: 963735.437500, rot_RMSE: 981.700256, rot_MAE: 849.743774, trans_MSE: 78.871986, trans_RMSE: 8.880990, trans_MAE: 4.554118
B--------->A
EPOCH:: 93, Loss: 104.294565, MSE: 1272716.659737, RMSE: 1128.147446, MAE: 557.166708, rot_MSE: 964536.437500, rot_RMSE: 982.108154, rot_MAE: 850.015137, trans_MSE: 25.448675, trans_RMSE: 5.044668, trans_MAE: 3.402477
==BEST TEST==
A--------->B
EPOCH:: 93, Loss: 92.894430, Cycle Loss: 9.623269, MSE: 1273140.586777, RMSE: 1128.335317, MAE: 562.612852, rot_MSE: 964925.375000, rot_RMSE: 982.306152, rot_MAE: 850.102295, trans_MSE: 67.610870, trans_RMSE: 8.222583, trans_MAE: 4.595326
B--------->A
EPOCH:: 93, Loss: 92.894430, MSE: 1273098.540612, RMSE: 1128.316685, MAE: 558.684499, rot_MSE: 965853.062500, rot_RMSE: 982.778259, rot_MAE: 849.852295, trans_MSE: 26.479393, trans_RMSE: 5.145813, trans_MAE: 3.389940
==TRAIN==
A--------->B
EPOCH:: 94, Loss: 11.466562, Cycle Loss:, 0.599097, MSE: 1319215.250292, RMSE: 1148.570960, MAE: 587.815826, rot_MSE: 971122.875000, rot_RMSE: 985.455688, rot_MAE: 856.112793, trans_MSE: 2.966157, trans_RMSE: 1.722254, trans_MAE: 1.135144
B--------->A
EPOCH:: 94, Loss: 11.466562, MSE: 1319222.302353, RMSE: 1148.574030, MAE: 587.812710, rot_MSE: 970986.375000, rot_RMSE: 985.386414, rot_MAE: 855.989197, trans_MSE: 2.927282, trans_RMSE: 1.710930, trans_MAE: 1.170262
==TEST==
A--------->B
EPOCH:: 94, Loss: 166.068719, Cycle Loss: 17.559863, MSE: 1273160.152699, RMSE: 1128.343987, MAE: 562.764968, rot_MSE: 964265.062500, rot_RMSE: 981.969971, rot_MAE: 849.866150, trans_MSE: 135.181885, trans_RMSE: 11.626775, trans_MAE: 4.624420
B--------->A
EPOCH:: 94, Loss: 166.068719, MSE: 1273113.565147, RMSE: 1128.323342, MAE: 557.550379, rot_MSE: 964871.250000, rot_RMSE: 982.278625, rot_MAE: 850.028992, trans_MSE: 32.991261, trans_RMSE: 5.743802, trans_MAE: 3.321000
==BEST TEST==
A--------->B
EPOCH:: 94, Loss: 92.894430, Cycle Loss: 9.623269, MSE: 1273140.586777, RMSE: 1128.335317, MAE: 562.612852, rot_MSE: 964925.375000, rot_RMSE: 982.306152, rot_MAE: 850.102295, trans_MSE: 67.610870, trans_RMSE: 8.222583, trans_MAE: 4.595326
B--------->A
EPOCH:: 94, Loss: 92.894430, MSE: 1273098.540612, RMSE: 1128.316685, MAE: 558.684499, rot_MSE: 965853.062500, rot_RMSE: 982.778259, rot_MAE: 849.852295, trans_MSE: 26.479393, trans_RMSE: 5.145813, trans_MAE: 3.389940
==TRAIN==
A--------->B
EPOCH:: 95, Loss: 11.034669, Cycle Loss:, 0.527419, MSE: 1319040.033130, RMSE: 1148.494681, MAE: 587.441922, rot_MSE: 971580.375000, rot_RMSE: 985.687744, rot_MAE: 856.416992, trans_MSE: 2.606309, trans_RMSE: 1.614407, trans_MAE: 1.043511
B--------->A
EPOCH:: 95, Loss: 11.034669, MSE: 1319041.420838, RMSE: 1148.495286, MAE: 587.103779, rot_MSE: 971153.000000, rot_RMSE: 985.470947, rot_MAE: 856.253296, trans_MSE: 2.635802, trans_RMSE: 1.623515, trans_MAE: 1.112736
==TEST==
A--------->B
EPOCH:: 95, Loss: 107.488922, Cycle Loss: 10.702671, MSE: 1273485.282154, RMSE: 1128.488051, MAE: 562.574671, rot_MSE: 965250.312500, rot_RMSE: 982.471558, rot_MAE: 850.262573, trans_MSE: 84.321625, trans_RMSE: 9.182681, trans_MAE: 4.100370
B--------->A
EPOCH:: 95, Loss: 107.488922, MSE: 1273452.195764, RMSE: 1128.473392, MAE: 558.921563, rot_MSE: 965461.500000, rot_RMSE: 982.578979, rot_MAE: 850.216919, trans_MSE: 20.229763, trans_RMSE: 4.497751, trans_MAE: 2.888535
==BEST TEST==
A--------->B
EPOCH:: 95, Loss: 92.894430, Cycle Loss: 9.623269, MSE: 1273140.586777, RMSE: 1128.335317, MAE: 562.612852, rot_MSE: 964925.375000, rot_RMSE: 982.306152, rot_MAE: 850.102295, trans_MSE: 67.610870, trans_RMSE: 8.222583, trans_MAE: 4.595326
B--------->A
EPOCH:: 95, Loss: 92.894430, MSE: 1273098.540612, RMSE: 1128.316685, MAE: 558.684499, rot_MSE: 965853.062500, rot_RMSE: 982.778259, rot_MAE: 849.852295, trans_MSE: 26.479393, trans_RMSE: 5.145813, trans_MAE: 3.389940
==TRAIN==
A--------->B
EPOCH:: 96, Loss: 10.329286, Cycle Loss:, 0.491718, MSE: 1319211.767278, RMSE: 1148.569444, MAE: 587.821473, rot_MSE: 971407.562500, rot_RMSE: 985.600098, rot_MAE: 856.260437, trans_MSE: 2.377033, trans_RMSE: 1.541763, trans_MAE: 1.018334
B--------->A
EPOCH:: 96, Loss: 10.329286, MSE: 1319213.519612, RMSE: 1148.570207, MAE: 587.411008, rot_MSE: 971386.062500, rot_RMSE: 985.589172, rot_MAE: 856.254150, trans_MSE: 2.501855, trans_RMSE: 1.581725, trans_MAE: 1.097052
==TEST==
A--------->B
EPOCH:: 96, Loss: 91.142713, Cycle Loss: 9.266574, MSE: 1273380.800749, RMSE: 1128.441758, MAE: 562.520496, rot_MSE: 964881.437500, rot_RMSE: 982.283813, rot_MAE: 850.003723, trans_MSE: 69.451904, trans_RMSE: 8.333781, trans_MAE: 3.588548
B--------->A
EPOCH:: 96, Loss: 91.142713, MSE: 1273359.820248, RMSE: 1128.432462, MAE: 557.860115, rot_MSE: 965145.937500, rot_RMSE: 982.418396, rot_MAE: 850.023132, trans_MSE: 18.615141, trans_RMSE: 4.314527, trans_MAE: 2.608013
==BEST TEST==
A--------->B
EPOCH:: 96, Loss: 91.142713, Cycle Loss: 9.266574, MSE: 1273380.800749, RMSE: 1128.441758, MAE: 562.520496, rot_MSE: 964881.437500, rot_RMSE: 982.283813, rot_MAE: 850.003723, trans_MSE: 69.451904, trans_RMSE: 8.333781, trans_MAE: 3.588548
B--------->A
EPOCH:: 96, Loss: 91.142713, MSE: 1273359.820248, RMSE: 1128.432462, MAE: 557.860115, rot_MSE: 965145.937500, rot_RMSE: 982.418396, rot_MAE: 850.023132, trans_MSE: 18.615141, trans_RMSE: 4.314527, trans_MAE: 2.608013
==TRAIN==
A--------->B
EPOCH:: 97, Loss: 10.562613, Cycle Loss:, 0.476977, MSE: 1313103.924112, RMSE: 1145.907468, MAE: 586.166732, rot_MSE: 971231.875000, rot_RMSE: 985.510986, rot_MAE: 856.212830, trans_MSE: 2.528487, trans_RMSE: 1.590122, trans_MAE: 1.012000
B--------->A
EPOCH:: 97, Loss: 10.562613, MSE: 1313101.584252, RMSE: 1145.906447, MAE: 585.333740, rot_MSE: 971272.937500, rot_RMSE: 985.531799, rot_MAE: 856.220154, trans_MSE: 2.339040, trans_RMSE: 1.529392, trans_MAE: 1.033155
==TEST==
A--------->B
EPOCH:: 97, Loss: 391.852453, Cycle Loss: 55.442547, MSE: 1273840.757102, RMSE: 1128.645541, MAE: 562.837498, rot_MSE: 963218.250000, rot_RMSE: 981.436829, rot_MAE: 849.224792, trans_MSE: 326.715302, trans_RMSE: 18.075268, trans_MAE: 5.032036
B--------->A
EPOCH:: 97, Loss: 391.852453, MSE: 1273719.268918, RMSE: 1128.591719, MAE: 561.206344, rot_MSE: 962014.937500, rot_RMSE: 980.823608, rot_MAE: 848.768005, trans_MSE: 135.151413, trans_RMSE: 11.625464, trans_MAE: 3.325649
==BEST TEST==
A--------->B
EPOCH:: 97, Loss: 91.142713, Cycle Loss: 9.266574, MSE: 1273380.800749, RMSE: 1128.441758, MAE: 562.520496, rot_MSE: 964881.437500, rot_RMSE: 982.283813, rot_MAE: 850.003723, trans_MSE: 69.451904, trans_RMSE: 8.333781, trans_MAE: 3.588548
B--------->A
EPOCH:: 97, Loss: 91.142713, MSE: 1273359.820248, RMSE: 1128.432462, MAE: 557.860115, rot_MSE: 965145.937500, rot_RMSE: 982.418396, rot_MAE: 850.023132, trans_MSE: 18.615141, trans_RMSE: 4.314527, trans_MAE: 2.608013
==TRAIN==
A--------->B
EPOCH:: 98, Loss: 10.261184, Cycle Loss:, 0.512497, MSE: 1318919.127237, RMSE: 1148.442043, MAE: 587.513777, rot_MSE: 969858.062500, rot_RMSE: 984.813721, rot_MAE: 855.535095, trans_MSE: 2.618172, trans_RMSE: 1.618077, trans_MAE: 1.000538
B--------->A
EPOCH:: 98, Loss: 10.261184, MSE: 1318923.063991, RMSE: 1148.443757, MAE: 587.164318, rot_MSE: 970039.937500, rot_RMSE: 984.906067, rot_MAE: 855.655884, trans_MSE: 2.343160, trans_RMSE: 1.530738, trans_MAE: 1.026678
==TEST==
A--------->B
EPOCH:: 98, Loss: 77.986945, Cycle Loss: 7.215326, MSE: 1273262.517368, RMSE: 1128.389347, MAE: 562.653694, rot_MSE: 964713.812500, rot_RMSE: 982.198486, rot_MAE: 849.575684, trans_MSE: 58.141003, trans_RMSE: 7.625025, trans_MAE: 3.004437
B--------->A
EPOCH:: 98, Loss: 77.986945, MSE: 1273250.556108, RMSE: 1128.384046, MAE: 558.955089, rot_MSE: 965171.812500, rot_RMSE: 982.431580, rot_MAE: 849.765137, trans_MSE: 12.468501, trans_RMSE: 3.531076, trans_MAE: 2.116731
==BEST TEST==
A--------->B
EPOCH:: 98, Loss: 77.986945, Cycle Loss: 7.215326, MSE: 1273262.517368, RMSE: 1128.389347, MAE: 562.653694, rot_MSE: 964713.812500, rot_RMSE: 982.198486, rot_MAE: 849.575684, trans_MSE: 58.141003, trans_RMSE: 7.625025, trans_MAE: 3.004437
B--------->A
EPOCH:: 98, Loss: 77.986945, MSE: 1273250.556108, RMSE: 1128.384046, MAE: 558.955089, rot_MSE: 965171.812500, rot_RMSE: 982.431580, rot_MAE: 849.765137, trans_MSE: 12.468501, trans_RMSE: 3.531076, trans_MAE: 2.116731
==TRAIN==
A--------->B
EPOCH:: 99, Loss: 9.894201, Cycle Loss:, 0.398341, MSE: 1318173.755932, RMSE: 1148.117484, MAE: 587.169417, rot_MSE: 970133.062500, rot_RMSE: 984.953308, rot_MAE: 855.466614, trans_MSE: 2.066950, trans_RMSE: 1.437689, trans_MAE: 0.955107
B--------->A
EPOCH:: 99, Loss: 9.894201, MSE: 1318175.624481, RMSE: 1148.118297, MAE: 586.259529, rot_MSE: 970126.437500, rot_RMSE: 984.949951, rot_MAE: 855.456238, trans_MSE: 1.985950, trans_RMSE: 1.409237, trans_MAE: 0.993142
==TEST==
A--------->B
EPOCH:: 99, Loss: 169.279565, Cycle Loss: 23.266281, MSE: 1273586.555204, RMSE: 1128.532922, MAE: 562.818993, rot_MSE: 962399.375000, rot_RMSE: 981.019531, rot_MAE: 848.679138, trans_MSE: 137.399841, trans_RMSE: 11.721767, trans_MAE: 3.574683
B--------->A
EPOCH:: 99, Loss: 169.279565, MSE: 1273533.751033, RMSE: 1128.509526, MAE: 559.572202, rot_MSE: 962348.812500, rot_RMSE: 980.993774, rot_MAE: 848.706177, trans_MSE: 58.797939, trans_RMSE: 7.667982, trans_MAE: 2.394299
==BEST TEST==
A--------->B
EPOCH:: 99, Loss: 77.986945, Cycle Loss: 7.215326, MSE: 1273262.517368, RMSE: 1128.389347, MAE: 562.653694, rot_MSE: 964713.812500, rot_RMSE: 982.198486, rot_MAE: 849.575684, trans_MSE: 58.141003, trans_RMSE: 7.625025, trans_MAE: 3.004437
B--------->A
EPOCH:: 99, Loss: 77.986945, MSE: 1273250.556108, RMSE: 1128.384046, MAE: 558.955089, rot_MSE: 965171.812500, rot_RMSE: 982.431580, rot_MAE: 849.765137, trans_MSE: 12.468501, trans_RMSE: 3.531076, trans_MAE: 2.116731
==TRAIN==
A--------->B
EPOCH:: 100, Loss: 9.664220, Cycle Loss:, 0.363359, MSE: 1313511.891598, RMSE: 1146.085464, MAE: 586.111857, rot_MSE: 971654.000000, rot_RMSE: 985.725098, rot_MAE: 856.301025, trans_MSE: 2.206069, trans_RMSE: 1.485284, trans_MAE: 0.918907
B--------->A
EPOCH:: 100, Loss: 9.664220, MSE: 1313515.939575, RMSE: 1146.087230, MAE: 585.491007, rot_MSE: 971688.750000, rot_RMSE: 985.742737, rot_MAE: 856.315552, trans_MSE: 1.512209, trans_RMSE: 1.229719, trans_MAE: 0.876501
==TEST==
A--------->B
EPOCH:: 100, Loss: 69.517062, Cycle Loss: 6.545486, MSE: 1273118.094977, RMSE: 1128.325350, MAE: 562.351955, rot_MSE: 964244.125000, rot_RMSE: 981.959351, rot_MAE: 849.803040, trans_MSE: 50.794178, trans_RMSE: 7.127004, trans_MAE: 3.214330
B--------->A
EPOCH:: 100, Loss: 69.517062, MSE: 1273092.220235, RMSE: 1128.313884, MAE: 559.655118, rot_MSE: 964182.750000, rot_RMSE: 981.928101, rot_MAE: 849.493103, trans_MSE: 13.210704, trans_RMSE: 3.634653, trans_MAE: 2.311385
==BEST TEST==
A--------->B
EPOCH:: 100, Loss: 69.517062, Cycle Loss: 6.545486, MSE: 1273118.094977, RMSE: 1128.325350, MAE: 562.351955, rot_MSE: 964244.125000, rot_RMSE: 981.959351, rot_MAE: 849.803040, trans_MSE: 50.794178, trans_RMSE: 7.127004, trans_MAE: 3.214330
B--------->A
EPOCH:: 100, Loss: 69.517062, MSE: 1273092.220235, RMSE: 1128.313884, MAE: 559.655118, rot_MSE: 964182.750000, rot_RMSE: 981.928101, rot_MAE: 849.493103, trans_MSE: 13.210704, trans_RMSE: 3.634653, trans_MAE: 2.311385
==TRAIN==
A--------->B
EPOCH:: 101, Loss: 8.993017, Cycle Loss:, 0.340465, MSE: 1313061.522789, RMSE: 1145.888966, MAE: 585.992082, rot_MSE: 970631.625000, rot_RMSE: 985.206360, rot_MAE: 855.861328, trans_MSE: 1.738457, trans_RMSE: 1.318506, trans_MAE: 0.848445
B--------->A
EPOCH:: 101, Loss: 8.993017, MSE: 1313065.876394, RMSE: 1145.890866, MAE: 585.862650, rot_MSE: 970641.687500, rot_RMSE: 985.211487, rot_MAE: 855.856323, trans_MSE: 1.705485, trans_RMSE: 1.305942, trans_MAE: 0.886138
==TEST==
A--------->B
EPOCH:: 101, Loss: 75.804964, Cycle Loss: 7.307394, MSE: 1273417.053461, RMSE: 1128.457821, MAE: 562.790300, rot_MSE: 964680.312500, rot_RMSE: 982.181396, rot_MAE: 850.006958, trans_MSE: 57.089058, trans_RMSE: 7.555730, trans_MAE: 3.414325
B--------->A
EPOCH:: 101, Loss: 75.804964, MSE: 1273384.658316, RMSE: 1128.443467, MAE: 559.501559, rot_MSE: 964971.562500, rot_RMSE: 982.329651, rot_MAE: 849.799072, trans_MSE: 14.830931, trans_RMSE: 3.851095, trans_MAE: 2.340309
==BEST TEST==
A--------->B
EPOCH:: 101, Loss: 69.517062, Cycle Loss: 6.545486, MSE: 1273118.094977, RMSE: 1128.325350, MAE: 562.351955, rot_MSE: 964244.125000, rot_RMSE: 981.959351, rot_MAE: 849.803040, trans_MSE: 50.794178, trans_RMSE: 7.127004, trans_MAE: 3.214330
B--------->A
EPOCH:: 101, Loss: 69.517062, MSE: 1273092.220235, RMSE: 1128.313884, MAE: 559.655118, rot_MSE: 964182.750000, rot_RMSE: 981.928101, rot_MAE: 849.493103, trans_MSE: 13.210704, trans_RMSE: 3.634653, trans_MAE: 2.311385
==TRAIN==
A--------->B
EPOCH:: 102, Loss: 9.053820, Cycle Loss:, 0.324734, MSE: 1318584.862293, RMSE: 1148.296505, MAE: 587.372729, rot_MSE: 970336.312500, rot_RMSE: 985.056519, rot_MAE: 855.756409, trans_MSE: 1.702660, trans_RMSE: 1.304860, trans_MAE: 0.844514
B--------->A
EPOCH:: 102, Loss: 9.053820, MSE: 1318584.251945, RMSE: 1148.296239, MAE: 586.921727, rot_MSE: 970249.812500, rot_RMSE: 985.012573, rot_MAE: 855.706421, trans_MSE: 1.671742, trans_RMSE: 1.292959, trans_MAE: 0.880948
==TEST==
A--------->B
EPOCH:: 102, Loss: 54.501182, Cycle Loss: 4.924292, MSE: 1273257.466426, RMSE: 1128.387108, MAE: 562.746428, rot_MSE: 964818.312500, rot_RMSE: 982.251648, rot_MAE: 850.106995, trans_MSE: 38.023174, trans_RMSE: 6.166294, trans_MAE: 2.966576
B--------->A
EPOCH:: 102, Loss: 54.501182, MSE: 1273242.508458, RMSE: 1128.380480, MAE: 559.048906, rot_MSE: 964600.750000, rot_RMSE: 982.140930, rot_MAE: 849.706543, trans_MSE: 10.477298, trans_RMSE: 3.236866, trans_MAE: 2.096028
==BEST TEST==
A--------->B
EPOCH:: 102, Loss: 54.501182, Cycle Loss: 4.924292, MSE: 1273257.466426, RMSE: 1128.387108, MAE: 562.746428, rot_MSE: 964818.312500, rot_RMSE: 982.251648, rot_MAE: 850.106995, trans_MSE: 38.023174, trans_RMSE: 6.166294, trans_MAE: 2.966576
B--------->A
EPOCH:: 102, Loss: 54.501182, MSE: 1273242.508458, RMSE: 1128.380480, MAE: 559.048906, rot_MSE: 964600.750000, rot_RMSE: 982.140930, rot_MAE: 849.706543, trans_MSE: 10.477298, trans_RMSE: 3.236866, trans_MAE: 2.096028
==TRAIN==
A--------->B
EPOCH:: 103, Loss: 8.968757, Cycle Loss:, 0.299530, MSE: 1312374.945864, RMSE: 1145.589344, MAE: 585.970400, rot_MSE: 972206.937500, rot_RMSE: 986.005554, rot_MAE: 856.553162, trans_MSE: 1.605747, trans_RMSE: 1.267181, trans_MAE: 0.817114
B--------->A
EPOCH:: 103, Loss: 8.968757, MSE: 1312371.038284, RMSE: 1145.587639, MAE: 585.713218, rot_MSE: 972194.000000, rot_RMSE: 985.998962, rot_MAE: 856.540649, trans_MSE: 1.394626, trans_RMSE: 1.180943, trans_MAE: 0.809594
==TEST==
A--------->B
EPOCH:: 103, Loss: 65.240522, Cycle Loss: 6.245786, MSE: 1273066.380746, RMSE: 1128.302433, MAE: 562.818588, rot_MSE: 964846.625000, rot_RMSE: 982.266052, rot_MAE: 850.228455, trans_MSE: 48.273685, trans_RMSE: 6.947927, trans_MAE: 2.901852
B--------->A
EPOCH:: 103, Loss: 65.240522, MSE: 1273046.182206, RMSE: 1128.293482, MAE: 559.752573, rot_MSE: 964369.437500, rot_RMSE: 982.023132, rot_MAE: 849.772095, trans_MSE: 11.725941, trans_RMSE: 3.424316, trans_MAE: 2.012300
==BEST TEST==
A--------->B
EPOCH:: 103, Loss: 54.501182, Cycle Loss: 4.924292, MSE: 1273257.466426, RMSE: 1128.387108, MAE: 562.746428, rot_MSE: 964818.312500, rot_RMSE: 982.251648, rot_MAE: 850.106995, trans_MSE: 38.023174, trans_RMSE: 6.166294, trans_MAE: 2.966576
B--------->A
EPOCH:: 103, Loss: 54.501182, MSE: 1273242.508458, RMSE: 1128.380480, MAE: 559.048906, rot_MSE: 964600.750000, rot_RMSE: 982.140930, rot_MAE: 849.706543, trans_MSE: 10.477298, trans_RMSE: 3.236866, trans_MAE: 2.096028
==TRAIN==
A--------->B
EPOCH:: 104, Loss: 8.413137, Cycle Loss:, 0.280458, MSE: 1318642.863038, RMSE: 1148.321759, MAE: 587.352801, rot_MSE: 970171.500000, rot_RMSE: 984.972839, rot_MAE: 855.401550, trans_MSE: 1.360650, trans_RMSE: 1.166469, trans_MAE: 0.771113
B--------->A
EPOCH:: 104, Loss: 8.413137, MSE: 1318639.860607, RMSE: 1148.320452, MAE: 587.737615, rot_MSE: 970162.812500, rot_RMSE: 984.968445, rot_MAE: 855.398865, trans_MSE: 1.293785, trans_RMSE: 1.137447, trans_MAE: 0.790734
==TEST==
A--------->B
EPOCH:: 104, Loss: 35.012370, Cycle Loss: 3.377838, MSE: 1272867.123838, RMSE: 1128.214130, MAE: 562.731927, rot_MSE: 964074.125000, rot_RMSE: 981.872742, rot_MAE: 849.782104, trans_MSE: 22.695412, trans_RMSE: 4.763970, trans_MAE: 1.729545
B--------->A
EPOCH:: 104, Loss: 35.012370, MSE: 1272853.536222, RMSE: 1128.208109, MAE: 557.598838, rot_MSE: 963467.437500, rot_RMSE: 981.563782, rot_MAE: 849.297180, trans_MSE: 7.808150, trans_RMSE: 2.794307, trans_MAE: 1.234032
==BEST TEST==
A--------->B
EPOCH:: 104, Loss: 35.012370, Cycle Loss: 3.377838, MSE: 1272867.123838, RMSE: 1128.214130, MAE: 562.731927, rot_MSE: 964074.125000, rot_RMSE: 981.872742, rot_MAE: 849.782104, trans_MSE: 22.695412, trans_RMSE: 4.763970, trans_MAE: 1.729545
B--------->A
EPOCH:: 104, Loss: 35.012370, MSE: 1272853.536222, RMSE: 1128.208109, MAE: 557.598838, rot_MSE: 963467.437500, rot_RMSE: 981.563782, rot_MAE: 849.297180, trans_MSE: 7.808150, trans_RMSE: 2.794307, trans_MAE: 1.234032
==TRAIN==
A--------->B
EPOCH:: 105, Loss: 8.508964, Cycle Loss:, 0.275603, MSE: 1318916.629798, RMSE: 1148.440956, MAE: 587.589531, rot_MSE: 969921.000000, rot_RMSE: 984.845703, rot_MAE: 855.491333, trans_MSE: 1.433855, trans_RMSE: 1.197437, trans_MAE: 0.759306
B--------->A
EPOCH:: 105, Loss: 8.508964, MSE: 1318915.772497, RMSE: 1148.440583, MAE: 588.564246, rot_MSE: 969924.187500, rot_RMSE: 984.847290, rot_MAE: 855.489441, trans_MSE: 1.266261, trans_RMSE: 1.125282, trans_MAE: 0.773080
==TEST==
A--------->B
EPOCH:: 105, Loss: 524.697685, Cycle Loss: 93.559464, MSE: 1273519.704997, RMSE: 1128.503303, MAE: 562.580764, rot_MSE: 962315.625000, rot_RMSE: 980.976868, rot_MAE: 848.524963, trans_MSE: 422.986145, trans_RMSE: 20.566628, trans_MAE: 5.251525
B--------->A
EPOCH:: 105, Loss: 524.697685, MSE: 1273476.387913, RMSE: 1128.484111, MAE: 560.280411, rot_MSE: 963413.250000, rot_RMSE: 981.536194, rot_MAE: 849.111084, trans_MSE: 275.973511, trans_RMSE: 16.612450, trans_MAE: 3.328804
==BEST TEST==
A--------->B
EPOCH:: 105, Loss: 35.012370, Cycle Loss: 3.377838, MSE: 1272867.123838, RMSE: 1128.214130, MAE: 562.731927, rot_MSE: 964074.125000, rot_RMSE: 981.872742, rot_MAE: 849.782104, trans_MSE: 22.695412, trans_RMSE: 4.763970, trans_MAE: 1.729545
B--------->A
EPOCH:: 105, Loss: 35.012370, MSE: 1272853.536222, RMSE: 1128.208109, MAE: 557.598838, rot_MSE: 963467.437500, rot_RMSE: 981.563782, rot_MAE: 849.297180, trans_MSE: 7.808150, trans_RMSE: 2.794307, trans_MAE: 1.234032
==TRAIN==
A--------->B
EPOCH:: 106, Loss: 8.620934, Cycle Loss:, 0.310731, MSE: 1319179.005316, RMSE: 1148.555182, MAE: 587.767413, rot_MSE: 971308.437500, rot_RMSE: 985.549805, rot_MAE: 856.192932, trans_MSE: 1.699931, trans_RMSE: 1.303814, trans_MAE: 0.812048
B--------->A
EPOCH:: 106, Loss: 8.620934, MSE: 1319181.050797, RMSE: 1148.556072, MAE: 588.322174, rot_MSE: 971312.000000, rot_RMSE: 985.551636, rot_MAE: 856.194336, trans_MSE: 1.188510, trans_RMSE: 1.090188, trans_MAE: 0.752723
==TEST==
A--------->B
EPOCH:: 106, Loss: 128.907323, Cycle Loss: 14.660246, MSE: 1273399.880294, RMSE: 1128.450212, MAE: 562.655201, rot_MSE: 963211.312500, rot_RMSE: 981.433289, rot_MAE: 849.410828, trans_MSE: 104.351013, trans_RMSE: 10.215235, trans_MAE: 3.149113
B--------->A
EPOCH:: 106, Loss: 128.907323, MSE: 1273358.918001, RMSE: 1128.432062, MAE: 561.505293, rot_MSE: 963611.437500, rot_RMSE: 981.637146, rot_MAE: 849.428223, trans_MSE: 26.319777, trans_RMSE: 5.130280, trans_MAE: 1.997269
==BEST TEST==
A--------->B
EPOCH:: 106, Loss: 35.012370, Cycle Loss: 3.377838, MSE: 1272867.123838, RMSE: 1128.214130, MAE: 562.731927, rot_MSE: 964074.125000, rot_RMSE: 981.872742, rot_MAE: 849.782104, trans_MSE: 22.695412, trans_RMSE: 4.763970, trans_MAE: 1.729545
B--------->A
EPOCH:: 106, Loss: 35.012370, MSE: 1272853.536222, RMSE: 1128.208109, MAE: 557.598838, rot_MSE: 963467.437500, rot_RMSE: 981.563782, rot_MAE: 849.297180, trans_MSE: 7.808150, trans_RMSE: 2.794307, trans_MAE: 1.234032
==TRAIN==
A--------->B
EPOCH:: 107, Loss: 8.304054, Cycle Loss:, 0.252086, MSE: 1318388.067427, RMSE: 1148.210811, MAE: 587.216853, rot_MSE: 971779.187500, rot_RMSE: 985.788635, rot_MAE: 856.296997, trans_MSE: 1.318326, trans_RMSE: 1.148184, trans_MAE: 0.737932
B--------->A
EPOCH:: 107, Loss: 8.304054, MSE: 1318388.035853, RMSE: 1148.210798, MAE: 587.736611, rot_MSE: 971742.250000, rot_RMSE: 985.769897, rot_MAE: 856.284912, trans_MSE: 1.069003, trans_RMSE: 1.033926, trans_MAE: 0.718303
==TEST==
A--------->B
EPOCH:: 107, Loss: 107.581086, Cycle Loss: 10.659993, MSE: 1273456.433561, RMSE: 1128.475269, MAE: 562.729198, rot_MSE: 964521.687500, rot_RMSE: 982.100647, rot_MAE: 850.070007, trans_MSE: 86.903160, trans_RMSE: 9.322186, trans_MAE: 3.580429
B--------->A
EPOCH:: 107, Loss: 107.581086, MSE: 1273419.115767, RMSE: 1128.458735, MAE: 560.652026, rot_MSE: 964045.125000, rot_RMSE: 981.857971, rot_MAE: 849.603333, trans_MSE: 15.972544, trans_RMSE: 3.996567, trans_MAE: 2.317091
==BEST TEST==
A--------->B
EPOCH:: 107, Loss: 35.012370, Cycle Loss: 3.377838, MSE: 1272867.123838, RMSE: 1128.214130, MAE: 562.731927, rot_MSE: 964074.125000, rot_RMSE: 981.872742, rot_MAE: 849.782104, trans_MSE: 22.695412, trans_RMSE: 4.763970, trans_MAE: 1.729545
B--------->A
EPOCH:: 107, Loss: 35.012370, MSE: 1272853.536222, RMSE: 1128.208109, MAE: 557.598838, rot_MSE: 963467.437500, rot_RMSE: 981.563782, rot_MAE: 849.297180, trans_MSE: 7.808150, trans_RMSE: 2.794307, trans_MAE: 1.234032
==TRAIN==
A--------->B
EPOCH:: 108, Loss: 7.888942, Cycle Loss:, 0.215951, MSE: 1318742.931406, RMSE: 1148.365330, MAE: 587.309659, rot_MSE: 971330.125000, rot_RMSE: 985.560791, rot_MAE: 856.308777, trans_MSE: 1.070371, trans_RMSE: 1.034587, trans_MAE: 0.680593
B--------->A
EPOCH:: 108, Loss: 7.888942, MSE: 1318746.829422, RMSE: 1148.367027, MAE: 587.804490, rot_MSE: 971330.062500, rot_RMSE: 985.560791, rot_MAE: 856.304626, trans_MSE: 1.053576, trans_RMSE: 1.026438, trans_MAE: 0.716520
==TEST==
A--------->B
EPOCH:: 108, Loss: 134.631212, Cycle Loss: 17.984955, MSE: 1273339.027247, RMSE: 1128.423248, MAE: 562.800193, rot_MSE: 963286.062500, rot_RMSE: 981.471375, rot_MAE: 849.408386, trans_MSE: 107.815247, trans_RMSE: 10.383412, trans_MAE: 3.282717
B--------->A
EPOCH:: 108, Loss: 134.631212, MSE: 1273307.780927, RMSE: 1128.409403, MAE: 561.135102, rot_MSE: 963699.125000, rot_RMSE: 981.681763, rot_MAE: 849.437866, trans_MSE: 45.207840, trans_RMSE: 6.723678, trans_MAE: 2.190346
==BEST TEST==
A--------->B
EPOCH:: 108, Loss: 35.012370, Cycle Loss: 3.377838, MSE: 1272867.123838, RMSE: 1128.214130, MAE: 562.731927, rot_MSE: 964074.125000, rot_RMSE: 981.872742, rot_MAE: 849.782104, trans_MSE: 22.695412, trans_RMSE: 4.763970, trans_MAE: 1.729545
B--------->A
EPOCH:: 108, Loss: 35.012370, MSE: 1272853.536222, RMSE: 1128.208109, MAE: 557.598838, rot_MSE: 963467.437500, rot_RMSE: 981.563782, rot_MAE: 849.297180, trans_MSE: 7.808150, trans_RMSE: 2.794307, trans_MAE: 1.234032
==TRAIN==
A--------->B
EPOCH:: 109, Loss: 8.293489, Cycle Loss:, 0.308570, MSE: 1318895.796356, RMSE: 1148.431886, MAE: 587.611997, rot_MSE: 971765.437500, rot_RMSE: 985.781616, rot_MAE: 856.415833, trans_MSE: 1.548310, trans_RMSE: 1.244311, trans_MAE: 0.741965
B--------->A
EPOCH:: 109, Loss: 8.293489, MSE: 1318897.929039, RMSE: 1148.432814, MAE: 588.317584, rot_MSE: 971773.500000, rot_RMSE: 985.785706, rot_MAE: 856.414795, trans_MSE: 1.162315, trans_RMSE: 1.078107, trans_MAE: 0.733830
==TEST==
A--------->B
EPOCH:: 109, Loss: 234.463547, Cycle Loss: 35.749887, MSE: 1273154.675039, RMSE: 1128.341560, MAE: 562.502514, rot_MSE: 963891.062500, rot_RMSE: 981.779541, rot_MAE: 849.676025, trans_MSE: 190.222885, trans_RMSE: 13.792131, trans_MAE: 3.862958
B--------->A
EPOCH:: 109, Loss: 234.463547, MSE: 1273112.703964, RMSE: 1128.322961, MAE: 559.981342, rot_MSE: 964380.937500, rot_RMSE: 982.028992, rot_MAE: 849.744568, trans_MSE: 98.049294, trans_RMSE: 9.901984, trans_MAE: 2.536765
==BEST TEST==
A--------->B
EPOCH:: 109, Loss: 35.012370, Cycle Loss: 3.377838, MSE: 1272867.123838, RMSE: 1128.214130, MAE: 562.731927, rot_MSE: 964074.125000, rot_RMSE: 981.872742, rot_MAE: 849.782104, trans_MSE: 22.695412, trans_RMSE: 4.763970, trans_MAE: 1.729545
B--------->A
EPOCH:: 109, Loss: 35.012370, MSE: 1272853.536222, RMSE: 1128.208109, MAE: 557.598838, rot_MSE: 963467.437500, rot_RMSE: 981.563782, rot_MAE: 849.297180, trans_MSE: 7.808150, trans_RMSE: 2.794307, trans_MAE: 1.234032
==TRAIN==
A--------->B
EPOCH:: 110, Loss: 8.121589, Cycle Loss:, 0.264499, MSE: 1319374.727470, RMSE: 1148.640382, MAE: 587.913909, rot_MSE: 968955.062500, rot_RMSE: 984.355164, rot_MAE: 854.897278, trans_MSE: 1.485419, trans_RMSE: 1.218778, trans_MAE: 0.697344
B--------->A
EPOCH:: 110, Loss: 8.121589, MSE: 1319376.164160, RMSE: 1148.641008, MAE: 587.702014, rot_MSE: 968951.687500, rot_RMSE: 984.353455, rot_MAE: 854.896790, trans_MSE: 1.074062, trans_RMSE: 1.036370, trans_MAE: 0.713945
==TEST==
A--------->B
EPOCH:: 110, Loss: 45.209544, Cycle Loss: 4.200564, MSE: 1273435.082580, RMSE: 1128.465809, MAE: 562.858488, rot_MSE: 964142.562500, rot_RMSE: 981.907593, rot_MAE: 849.569702, trans_MSE: 31.769485, trans_RMSE: 5.636443, trans_MAE: 2.143828
B--------->A
EPOCH:: 110, Loss: 45.209544, MSE: 1273421.875065, RMSE: 1128.459957, MAE: 559.302090, rot_MSE: 964196.125000, rot_RMSE: 981.934875, rot_MAE: 849.591797, trans_MSE: 7.745319, trans_RMSE: 2.783041, trans_MAE: 1.451513
==BEST TEST==
A--------->B
EPOCH:: 110, Loss: 35.012370, Cycle Loss: 3.377838, MSE: 1272867.123838, RMSE: 1128.214130, MAE: 562.731927, rot_MSE: 964074.125000, rot_RMSE: 981.872742, rot_MAE: 849.782104, trans_MSE: 22.695412, trans_RMSE: 4.763970, trans_MAE: 1.729545
B--------->A
EPOCH:: 110, Loss: 35.012370, MSE: 1272853.536222, RMSE: 1128.208109, MAE: 557.598838, rot_MSE: 963467.437500, rot_RMSE: 981.563782, rot_MAE: 849.297180, trans_MSE: 7.808150, trans_RMSE: 2.794307, trans_MAE: 1.234032
==TRAIN==
A--------->B
EPOCH:: 111, Loss: 7.391217, Cycle Loss:, 0.178012, MSE: 1311040.762578, RMSE: 1145.006883, MAE: 586.206058, rot_MSE: 971002.000000, rot_RMSE: 985.394348, rot_MAE: 855.868164, trans_MSE: 0.917136, trans_RMSE: 0.957672, trans_MAE: 0.625731
B--------->A
EPOCH:: 111, Loss: 7.391217, MSE: 1311040.787798, RMSE: 1145.006894, MAE: 586.886896, rot_MSE: 970997.375000, rot_RMSE: 985.391968, rot_MAE: 855.859253, trans_MSE: 0.855397, trans_RMSE: 0.924877, trans_MAE: 0.648837
==TEST==
A--------->B
EPOCH:: 111, Loss: 24.715511, Cycle Loss: 1.860305, MSE: 1273138.601627, RMSE: 1128.334437, MAE: 562.836692, rot_MSE: 964088.437500, rot_RMSE: 981.880066, rot_MAE: 849.674500, trans_MSE: 14.168695, trans_RMSE: 3.764133, trans_MAE: 1.587308
B--------->A
EPOCH:: 111, Loss: 24.715511, MSE: 1273130.976433, RMSE: 1128.331058, MAE: 558.591566, rot_MSE: 963468.187500, rot_RMSE: 981.564148, rot_MAE: 849.187866, trans_MSE: 3.574951, trans_RMSE: 1.890754, trans_MAE: 1.133789
==BEST TEST==
A--------->B
EPOCH:: 111, Loss: 24.715511, Cycle Loss: 1.860305, MSE: 1273138.601627, RMSE: 1128.334437, MAE: 562.836692, rot_MSE: 964088.437500, rot_RMSE: 981.880066, rot_MAE: 849.674500, trans_MSE: 14.168695, trans_RMSE: 3.764133, trans_MAE: 1.587308
B--------->A
EPOCH:: 111, Loss: 24.715511, MSE: 1273130.976433, RMSE: 1128.331058, MAE: 558.591566, rot_MSE: 963468.187500, rot_RMSE: 981.564148, rot_MAE: 849.187866, trans_MSE: 3.574951, trans_RMSE: 1.890754, trans_MAE: 1.133789
==TRAIN==
A--------->B
EPOCH:: 112, Loss: 7.286440, Cycle Loss:, 0.168827, MSE: 1318745.088790, RMSE: 1148.366269, MAE: 587.441936, rot_MSE: 971534.312500, rot_RMSE: 985.664429, rot_MAE: 856.394714, trans_MSE: 0.860686, trans_RMSE: 0.927731, trans_MAE: 0.600363
B--------->A
EPOCH:: 112, Loss: 7.286440, MSE: 1318746.438213, RMSE: 1148.366857, MAE: 586.537472, rot_MSE: 971550.250000, rot_RMSE: 985.672485, rot_MAE: 856.398682, trans_MSE: 0.757548, trans_RMSE: 0.870372, trans_MAE: 0.613018
==TEST==
A--------->B
EPOCH:: 112, Loss: 21.261349, Cycle Loss: 1.432361, MSE: 1273487.167614, RMSE: 1128.488887, MAE: 562.896788, rot_MSE: 964629.187500, rot_RMSE: 982.155396, rot_MAE: 849.847351, trans_MSE: 11.241637, trans_RMSE: 3.352855, trans_MAE: 1.403633
B--------->A
EPOCH:: 112, Loss: 21.261349, MSE: 1273482.120868, RMSE: 1128.486651, MAE: 558.699061, rot_MSE: 963987.375000, rot_RMSE: 981.828613, rot_MAE: 849.355530, trans_MSE: 2.541452, trans_RMSE: 1.594193, trans_MAE: 1.000776
==BEST TEST==
A--------->B
EPOCH:: 112, Loss: 21.261349, Cycle Loss: 1.432361, MSE: 1273487.167614, RMSE: 1128.488887, MAE: 562.896788, rot_MSE: 964629.187500, rot_RMSE: 982.155396, rot_MAE: 849.847351, trans_MSE: 11.241637, trans_RMSE: 3.352855, trans_MAE: 1.403633
B--------->A
EPOCH:: 112, Loss: 21.261349, MSE: 1273482.120868, RMSE: 1128.486651, MAE: 558.699061, rot_MSE: 963987.375000, rot_RMSE: 981.828613, rot_MAE: 849.355530, trans_MSE: 2.541452, trans_RMSE: 1.594193, trans_MAE: 1.000776
==TRAIN==
A--------->B
EPOCH:: 113, Loss: 7.158944, Cycle Loss:, 0.150312, MSE: 1312828.415619, RMSE: 1145.787247, MAE: 586.170099, rot_MSE: 969938.000000, rot_RMSE: 984.854309, rot_MAE: 855.455200, trans_MSE: 0.782482, trans_RMSE: 0.884580, trans_MAE: 0.559113
B--------->A
EPOCH:: 113, Loss: 7.158944, MSE: 1312828.642991, RMSE: 1145.787346, MAE: 586.035111, rot_MSE: 969945.750000, rot_RMSE: 984.858215, rot_MAE: 855.458069, trans_MSE: 0.669707, trans_RMSE: 0.818356, trans_MAE: 0.581534
==TEST==
A--------->B
EPOCH:: 113, Loss: 87.021931, Cycle Loss: 11.032858, MSE: 1273345.756909, RMSE: 1128.426230, MAE: 562.716590, rot_MSE: 964589.375000, rot_RMSE: 982.135132, rot_MAE: 849.885071, trans_MSE: 68.113022, trans_RMSE: 8.253061, trans_MAE: 2.597189
B--------->A
EPOCH:: 113, Loss: 87.021931, MSE: 1273324.879842, RMSE: 1128.416980, MAE: 559.705719, rot_MSE: 964558.125000, rot_RMSE: 982.119202, rot_MAE: 849.896240, trans_MSE: 27.713636, trans_RMSE: 5.264374, trans_MAE: 1.770469
==BEST TEST==
A--------->B
EPOCH:: 113, Loss: 21.261349, Cycle Loss: 1.432361, MSE: 1273487.167614, RMSE: 1128.488887, MAE: 562.896788, rot_MSE: 964629.187500, rot_RMSE: 982.155396, rot_MAE: 849.847351, trans_MSE: 11.241637, trans_RMSE: 3.352855, trans_MAE: 1.403633
B--------->A
EPOCH:: 113, Loss: 21.261349, MSE: 1273482.120868, RMSE: 1128.486651, MAE: 558.699061, rot_MSE: 963987.375000, rot_RMSE: 981.828613, rot_MAE: 849.355530, trans_MSE: 2.541452, trans_RMSE: 1.594193, trans_MAE: 1.000776
==TRAIN==
A--------->B
EPOCH:: 114, Loss: 7.314881, Cycle Loss:, 0.185994, MSE: 1319183.018413, RMSE: 1148.556929, MAE: 587.677820, rot_MSE: 970741.000000, rot_RMSE: 985.261902, rot_MAE: 856.107910, trans_MSE: 0.829840, trans_RMSE: 0.910956, trans_MAE: 0.572812
B--------->A
EPOCH:: 114, Loss: 7.314881, MSE: 1319182.191649, RMSE: 1148.556569, MAE: 586.810183, rot_MSE: 970738.125000, rot_RMSE: 985.260437, rot_MAE: 856.102539, trans_MSE: 0.815745, trans_RMSE: 0.903186, trans_MAE: 0.612261
==TEST==
A--------->B
EPOCH:: 114, Loss: 27.314471, Cycle Loss: 2.117994, MSE: 1273255.201188, RMSE: 1128.386105, MAE: 562.932711, rot_MSE: 964263.937500, rot_RMSE: 981.969421, rot_MAE: 849.737061, trans_MSE: 16.615210, trans_RMSE: 4.076176, trans_MAE: 1.695938
B--------->A
EPOCH:: 114, Loss: 27.314471, MSE: 1273248.088520, RMSE: 1128.382953, MAE: 557.661805, rot_MSE: 964591.937500, rot_RMSE: 982.136414, rot_MAE: 849.755859, trans_MSE: 4.147792, trans_RMSE: 2.036613, trans_MAE: 1.171023
==BEST TEST==
A--------->B
EPOCH:: 114, Loss: 21.261349, Cycle Loss: 1.432361, MSE: 1273487.167614, RMSE: 1128.488887, MAE: 562.896788, rot_MSE: 964629.187500, rot_RMSE: 982.155396, rot_MAE: 849.847351, trans_MSE: 11.241637, trans_RMSE: 3.352855, trans_MAE: 1.403633
B--------->A
EPOCH:: 114, Loss: 21.261349, MSE: 1273482.120868, RMSE: 1128.486651, MAE: 558.699061, rot_MSE: 963987.375000, rot_RMSE: 981.828613, rot_MAE: 849.355530, trans_MSE: 2.541452, trans_RMSE: 1.594193, trans_MAE: 1.000776
==TRAIN==
A--------->B
EPOCH:: 115, Loss: 6.935826, Cycle Loss:, 0.140569, MSE: 1313294.634660, RMSE: 1145.990678, MAE: 586.203481, rot_MSE: 970081.187500, rot_RMSE: 984.927002, rot_MAE: 855.421692, trans_MSE: 0.721424, trans_RMSE: 0.849367, trans_MAE: 0.540426
B--------->A
EPOCH:: 115, Loss: 6.935826, MSE: 1313293.857981, RMSE: 1145.990339, MAE: 586.273328, rot_MSE: 970079.187500, rot_RMSE: 984.925964, rot_MAE: 855.418762, trans_MSE: 0.645259, trans_RMSE: 0.803280, trans_MAE: 0.574077
==TEST==
A--------->B
EPOCH:: 115, Loss: 20.066002, Cycle Loss: 1.267778, MSE: 1273239.750323, RMSE: 1128.379258, MAE: 562.794210, rot_MSE: 964274.937500, rot_RMSE: 981.975037, rot_MAE: 849.615540, trans_MSE: 10.469963, trans_RMSE: 3.235732, trans_MAE: 1.208806
B--------->A
EPOCH:: 115, Loss: 20.066002, MSE: 1273233.644241, RMSE: 1128.376553, MAE: 558.529640, rot_MSE: 963624.125000, rot_RMSE: 981.643555, rot_MAE: 849.118286, trans_MSE: 1.786864, trans_RMSE: 1.336736, trans_MAE: 0.842648
==BEST TEST==
A--------->B
EPOCH:: 115, Loss: 20.066002, Cycle Loss: 1.267778, MSE: 1273239.750323, RMSE: 1128.379258, MAE: 562.794210, rot_MSE: 964274.937500, rot_RMSE: 981.975037, rot_MAE: 849.615540, trans_MSE: 10.469963, trans_RMSE: 3.235732, trans_MAE: 1.208806
B--------->A
EPOCH:: 115, Loss: 20.066002, MSE: 1273233.644241, RMSE: 1128.376553, MAE: 558.529640, rot_MSE: 963624.125000, rot_RMSE: 981.643555, rot_MAE: 849.118286, trans_MSE: 1.786864, trans_RMSE: 1.336736, trans_MAE: 0.842648
==TRAIN==
A--------->B
EPOCH:: 116, Loss: 7.005677, Cycle Loss:, 0.123140, MSE: 1314360.609699, RMSE: 1146.455673, MAE: 586.663420, rot_MSE: 972507.000000, rot_RMSE: 986.157715, rot_MAE: 856.549377, trans_MSE: 0.627909, trans_RMSE: 0.792407, trans_MAE: 0.516171
B--------->A
EPOCH:: 116, Loss: 7.005677, MSE: 1314360.354772, RMSE: 1146.455562, MAE: 586.418952, rot_MSE: 972503.125000, rot_RMSE: 986.155701, rot_MAE: 856.543152, trans_MSE: 0.541639, trans_RMSE: 0.735961, trans_MAE: 0.535577
==TEST==
A--------->B
EPOCH:: 116, Loss: 44.411384, Cycle Loss: 4.804811, MSE: 1272985.550426, RMSE: 1128.266613, MAE: 562.909640, rot_MSE: 963116.875000, rot_RMSE: 981.385193, rot_MAE: 849.268188, trans_MSE: 31.983204, trans_RMSE: 5.655369, trans_MAE: 1.653587
B--------->A
EPOCH:: 116, Loss: 44.411384, MSE: 1272971.786544, RMSE: 1128.260514, MAE: 558.721437, rot_MSE: 962451.187500, rot_RMSE: 981.045959, rot_MAE: 848.765320, trans_MSE: 10.503683, trans_RMSE: 3.240939, trans_MAE: 1.119890
==BEST TEST==
A--------->B
EPOCH:: 116, Loss: 20.066002, Cycle Loss: 1.267778, MSE: 1273239.750323, RMSE: 1128.379258, MAE: 562.794210, rot_MSE: 964274.937500, rot_RMSE: 981.975037, rot_MAE: 849.615540, trans_MSE: 10.469963, trans_RMSE: 3.235732, trans_MAE: 1.208806
B--------->A
EPOCH:: 116, Loss: 20.066002, MSE: 1273233.644241, RMSE: 1128.376553, MAE: 558.529640, rot_MSE: 963624.125000, rot_RMSE: 981.643555, rot_MAE: 849.118286, trans_MSE: 1.786864, trans_RMSE: 1.336736, trans_MAE: 0.842648
==TRAIN==
A--------->B
EPOCH:: 117, Loss: 6.640554, Cycle Loss:, 0.106618, MSE: 1318360.497990, RMSE: 1148.198806, MAE: 587.479159, rot_MSE: 971321.250000, rot_RMSE: 985.556335, rot_MAE: 856.201416, trans_MSE: 0.498626, trans_RMSE: 0.706135, trans_MAE: 0.472704
B--------->A
EPOCH:: 117, Loss: 6.640554, MSE: 1318360.975687, RMSE: 1148.199014, MAE: 586.948589, rot_MSE: 971321.125000, rot_RMSE: 985.556274, rot_MAE: 856.200806, trans_MSE: 0.545761, trans_RMSE: 0.738756, trans_MAE: 0.529174
==TEST==
A--------->B
EPOCH:: 117, Loss: 112.458745, Cycle Loss: 16.442199, MSE: 1272887.898115, RMSE: 1128.223337, MAE: 562.624897, rot_MSE: 963309.500000, rot_RMSE: 981.483337, rot_MAE: 849.461975, trans_MSE: 88.506706, trans_RMSE: 9.407801, trans_MAE: 2.686447
B--------->A
EPOCH:: 117, Loss: 112.458745, MSE: 1272870.481211, RMSE: 1128.215618, MAE: 559.265527, rot_MSE: 962648.687500, rot_RMSE: 981.146606, rot_MAE: 848.970825, trans_MSE: 44.697578, trans_RMSE: 6.685625, trans_MAE: 1.775399
==BEST TEST==
A--------->B
EPOCH:: 117, Loss: 20.066002, Cycle Loss: 1.267778, MSE: 1273239.750323, RMSE: 1128.379258, MAE: 562.794210, rot_MSE: 964274.937500, rot_RMSE: 981.975037, rot_MAE: 849.615540, trans_MSE: 10.469963, trans_RMSE: 3.235732, trans_MAE: 1.208806
B--------->A
EPOCH:: 117, Loss: 20.066002, MSE: 1273233.644241, RMSE: 1128.376553, MAE: 558.529640, rot_MSE: 963624.125000, rot_RMSE: 981.643555, rot_MAE: 849.118286, trans_MSE: 1.786864, trans_RMSE: 1.336736, trans_MAE: 0.842648
==TRAIN==
A--------->B
EPOCH:: 118, Loss: 6.691758, Cycle Loss:, 0.129627, MSE: 1318980.994359, RMSE: 1148.468978, MAE: 587.719389, rot_MSE: 970161.187500, rot_RMSE: 984.967590, rot_MAE: 855.522583, trans_MSE: 0.706199, trans_RMSE: 0.840357, trans_MAE: 0.502749
B--------->A
EPOCH:: 118, Loss: 6.691758, MSE: 1318980.648956, RMSE: 1148.468828, MAE: 587.745783, rot_MSE: 970156.062500, rot_RMSE: 984.965027, rot_MAE: 855.517883, trans_MSE: 0.556854, trans_RMSE: 0.746227, trans_MAE: 0.528543
==TEST==
A--------->B
EPOCH:: 118, Loss: 66.281305, Cycle Loss: 8.605182, MSE: 1273229.847107, RMSE: 1128.374870, MAE: 562.866209, rot_MSE: 964070.000000, rot_RMSE: 981.870667, rot_MAE: 849.476257, trans_MSE: 50.456432, trans_RMSE: 7.103269, trans_MAE: 2.085737
B--------->A
EPOCH:: 118, Loss: 66.281305, MSE: 1273213.049135, RMSE: 1128.367426, MAE: 559.225709, rot_MSE: 964043.750000, rot_RMSE: 981.857300, rot_MAE: 849.474854, trans_MSE: 21.233044, trans_RMSE: 4.607933, trans_MAE: 1.426046
==BEST TEST==
A--------->B
EPOCH:: 118, Loss: 20.066002, Cycle Loss: 1.267778, MSE: 1273239.750323, RMSE: 1128.379258, MAE: 562.794210, rot_MSE: 964274.937500, rot_RMSE: 981.975037, rot_MAE: 849.615540, trans_MSE: 10.469963, trans_RMSE: 3.235732, trans_MAE: 1.208806
B--------->A
EPOCH:: 118, Loss: 20.066002, MSE: 1273233.644241, RMSE: 1128.376553, MAE: 558.529640, rot_MSE: 963624.125000, rot_RMSE: 981.643555, rot_MAE: 849.118286, trans_MSE: 1.786864, trans_RMSE: 1.336736, trans_MAE: 0.842648
==TRAIN==
A--------->B
EPOCH:: 119, Loss: 6.470681, Cycle Loss:, 0.098537, MSE: 1318967.557184, RMSE: 1148.463128, MAE: 587.892462, rot_MSE: 969708.687500, rot_RMSE: 984.737854, rot_MAE: 855.265015, trans_MSE: 0.514176, trans_RMSE: 0.717061, trans_MAE: 0.473707
B--------->A
EPOCH:: 119, Loss: 6.470681, MSE: 1318967.870591, RMSE: 1148.463265, MAE: 586.793519, rot_MSE: 969705.875000, rot_RMSE: 984.736450, rot_MAE: 855.263428, trans_MSE: 0.465842, trans_RMSE: 0.682526, trans_MAE: 0.504990
==TEST==
A--------->B
EPOCH:: 119, Loss: 63.236117, Cycle Loss: 6.367205, MSE: 1272903.532154, RMSE: 1128.230266, MAE: 562.669040, rot_MSE: 964573.250000, rot_RMSE: 982.126892, rot_MAE: 849.987244, trans_MSE: 48.748951, trans_RMSE: 6.982045, trans_MAE: 2.358379
B--------->A
EPOCH:: 119, Loss: 63.236117, MSE: 1272880.788675, RMSE: 1128.220186, MAE: 559.555092, rot_MSE: 964596.875000, rot_RMSE: 982.138916, rot_MAE: 849.994995, trans_MSE: 10.443260, trans_RMSE: 3.231603, trans_MAE: 1.520608
==BEST TEST==
A--------->B
EPOCH:: 119, Loss: 20.066002, Cycle Loss: 1.267778, MSE: 1273239.750323, RMSE: 1128.379258, MAE: 562.794210, rot_MSE: 964274.937500, rot_RMSE: 981.975037, rot_MAE: 849.615540, trans_MSE: 10.469963, trans_RMSE: 3.235732, trans_MAE: 1.208806
B--------->A
EPOCH:: 119, Loss: 20.066002, MSE: 1273233.644241, RMSE: 1128.376553, MAE: 558.529640, rot_MSE: 963624.125000, rot_RMSE: 981.643555, rot_MAE: 849.118286, trans_MSE: 1.786864, trans_RMSE: 1.336736, trans_MAE: 0.842648
==TRAIN==
A--------->B
EPOCH:: 120, Loss: 6.800198, Cycle Loss:, 0.142067, MSE: 1318531.776063, RMSE: 1148.273389, MAE: 587.490615, rot_MSE: 969537.000000, rot_RMSE: 984.650696, rot_MAE: 855.178406, trans_MSE: 0.720454, trans_RMSE: 0.848796, trans_MAE: 0.517707
B--------->A
EPOCH:: 120, Loss: 6.800198, MSE: 1318531.428099, RMSE: 1148.273238, MAE: 587.559306, rot_MSE: 969530.937500, rot_RMSE: 984.647644, rot_MAE: 855.174072, trans_MSE: 0.592306, trans_RMSE: 0.769614, trans_MAE: 0.541132
==TEST==
A--------->B
EPOCH:: 120, Loss: 67.030796, Cycle Loss: 8.199272, MSE: 1273092.675943, RMSE: 1128.314086, MAE: 562.741412, rot_MSE: 964711.062500, rot_RMSE: 982.197083, rot_MAE: 849.918579, trans_MSE: 51.410511, trans_RMSE: 7.170112, trans_MAE: 2.384894
B--------->A
EPOCH:: 120, Loss: 67.030796, MSE: 1273079.141271, RMSE: 1128.308088, MAE: 558.441062, rot_MSE: 964682.937500, rot_RMSE: 982.182739, rot_MAE: 849.906067, trans_MSE: 18.260939, trans_RMSE: 4.273282, trans_MAE: 1.625207
==BEST TEST==
A--------->B
EPOCH:: 120, Loss: 20.066002, Cycle Loss: 1.267778, MSE: 1273239.750323, RMSE: 1128.379258, MAE: 562.794210, rot_MSE: 964274.937500, rot_RMSE: 981.975037, rot_MAE: 849.615540, trans_MSE: 10.469963, trans_RMSE: 3.235732, trans_MAE: 1.208806
B--------->A
EPOCH:: 120, Loss: 20.066002, MSE: 1273233.644241, RMSE: 1128.376553, MAE: 558.529640, rot_MSE: 963624.125000, rot_RMSE: 981.643555, rot_MAE: 849.118286, trans_MSE: 1.786864, trans_RMSE: 1.336736, trans_MAE: 0.842648
==TRAIN==
A--------->B
EPOCH:: 121, Loss: 6.798386, Cycle Loss:, 0.129421, MSE: 1312037.303423, RMSE: 1145.441969, MAE: 586.108508, rot_MSE: 972113.437500, rot_RMSE: 985.958130, rot_MAE: 856.612061, trans_MSE: 0.688183, trans_RMSE: 0.829568, trans_MAE: 0.496693
B--------->A
EPOCH:: 121, Loss: 6.798386, MSE: 1312038.084868, RMSE: 1145.442310, MAE: 585.824798, rot_MSE: 972112.562500, rot_RMSE: 985.957703, rot_MAE: 856.609802, trans_MSE: 0.537051, trans_RMSE: 0.732838, trans_MAE: 0.517787
==TEST==
A--------->B
EPOCH:: 121, Loss: 27.774653, Cycle Loss: 2.394127, MSE: 1273090.693957, RMSE: 1128.313207, MAE: 562.900439, rot_MSE: 964946.687500, rot_RMSE: 982.317017, rot_MAE: 849.935242, trans_MSE: 17.365013, trans_RMSE: 4.167135, trans_MAE: 1.523781
B--------->A
EPOCH:: 121, Loss: 27.774653, MSE: 1273085.516852, RMSE: 1128.310913, MAE: 557.415010, rot_MSE: 964307.062500, rot_RMSE: 981.991394, rot_MAE: 849.445251, trans_MSE: 4.655509, trans_RMSE: 2.157663, trans_MAE: 1.065369
==BEST TEST==
A--------->B
EPOCH:: 121, Loss: 20.066002, Cycle Loss: 1.267778, MSE: 1273239.750323, RMSE: 1128.379258, MAE: 562.794210, rot_MSE: 964274.937500, rot_RMSE: 981.975037, rot_MAE: 849.615540, trans_MSE: 10.469963, trans_RMSE: 3.235732, trans_MAE: 1.208806
B--------->A
EPOCH:: 121, Loss: 20.066002, MSE: 1273233.644241, RMSE: 1128.376553, MAE: 558.529640, rot_MSE: 963624.125000, rot_RMSE: 981.643555, rot_MAE: 849.118286, trans_MSE: 1.786864, trans_RMSE: 1.336736, trans_MAE: 0.842648
==TRAIN==
A--------->B
EPOCH:: 122, Loss: 6.318556, Cycle Loss:, 0.093660, MSE: 1318640.317557, RMSE: 1148.320651, MAE: 587.477600, rot_MSE: 971025.375000, rot_RMSE: 985.406189, rot_MAE: 855.792847, trans_MSE: 0.428330, trans_RMSE: 0.654469, trans_MAE: 0.424750
B--------->A
EPOCH:: 122, Loss: 6.318556, MSE: 1318642.010049, RMSE: 1148.321388, MAE: 586.645944, rot_MSE: 971029.250000, rot_RMSE: 985.408142, rot_MAE: 855.793640, trans_MSE: 0.454348, trans_RMSE: 0.674053, trans_MAE: 0.470362
==TEST==
A--------->B
EPOCH:: 122, Loss: 18.024955, Cycle Loss: 1.207238, MSE: 1273725.153538, RMSE: 1128.594326, MAE: 562.858494, rot_MSE: 965164.437500, rot_RMSE: 982.427856, rot_MAE: 849.940063, trans_MSE: 8.653621, trans_RMSE: 2.941704, trans_MAE: 1.393032
B--------->A
EPOCH:: 122, Loss: 18.024955, MSE: 1273720.320700, RMSE: 1128.592185, MAE: 557.551959, rot_MSE: 965176.312500, rot_RMSE: 982.433899, rot_MAE: 849.940247, trans_MSE: 2.811344, trans_RMSE: 1.676706, trans_MAE: 1.066525
==BEST TEST==
A--------->B
EPOCH:: 122, Loss: 18.024955, Cycle Loss: 1.207238, MSE: 1273725.153538, RMSE: 1128.594326, MAE: 562.858494, rot_MSE: 965164.437500, rot_RMSE: 982.427856, rot_MAE: 849.940063, trans_MSE: 8.653621, trans_RMSE: 2.941704, trans_MAE: 1.393032
B--------->A
EPOCH:: 122, Loss: 18.024955, MSE: 1273720.320700, RMSE: 1128.592185, MAE: 557.551959, rot_MSE: 965176.312500, rot_RMSE: 982.433899, rot_MAE: 849.940247, trans_MSE: 2.811344, trans_RMSE: 1.676706, trans_MAE: 1.066525
==TRAIN==
A--------->B
EPOCH:: 123, Loss: 6.337116, Cycle Loss:, 0.090321, MSE: 1319311.348288, RMSE: 1148.612793, MAE: 587.963291, rot_MSE: 971688.750000, rot_RMSE: 985.742737, rot_MAE: 856.441406, trans_MSE: 0.467976, trans_RMSE: 0.684087, trans_MAE: 0.433785
B--------->A
EPOCH:: 123, Loss: 6.337116, MSE: 1319309.520423, RMSE: 1148.611997, MAE: 588.401740, rot_MSE: 971688.750000, rot_RMSE: 985.742737, rot_MAE: 856.440247, trans_MSE: 0.406699, trans_RMSE: 0.637730, trans_MAE: 0.457024
==TEST==
A--------->B
EPOCH:: 123, Loss: 98.202958, Cycle Loss: 12.484125, MSE: 1273201.506586, RMSE: 1128.362312, MAE: 563.153924, rot_MSE: 964987.250000, rot_RMSE: 982.337646, rot_MAE: 850.013245, trans_MSE: 77.538307, trans_RMSE: 8.805584, trans_MAE: 2.648221
B--------->A
EPOCH:: 123, Loss: 98.202958, MSE: 1273175.163546, RMSE: 1128.350639, MAE: 559.405156, rot_MSE: 964991.625000, rot_RMSE: 982.339844, rot_MAE: 850.021667, trans_MSE: 28.680527, trans_RMSE: 5.355420, trans_MAE: 1.781718
==BEST TEST==
A--------->B
EPOCH:: 123, Loss: 18.024955, Cycle Loss: 1.207238, MSE: 1273725.153538, RMSE: 1128.594326, MAE: 562.858494, rot_MSE: 965164.437500, rot_RMSE: 982.427856, rot_MAE: 849.940063, trans_MSE: 8.653621, trans_RMSE: 2.941704, trans_MAE: 1.393032
B--------->A
EPOCH:: 123, Loss: 18.024955, MSE: 1273720.320700, RMSE: 1128.592185, MAE: 557.551959, rot_MSE: 965176.312500, rot_RMSE: 982.433899, rot_MAE: 849.940247, trans_MSE: 2.811344, trans_RMSE: 1.676706, trans_MAE: 1.066525
==TRAIN==
A--------->B
EPOCH:: 124, Loss: 6.453037, Cycle Loss:, 0.092274, MSE: 1318751.815839, RMSE: 1148.369198, MAE: 587.505329, rot_MSE: 969671.187500, rot_RMSE: 984.718811, rot_MAE: 855.079773, trans_MSE: 0.460497, trans_RMSE: 0.678599, trans_MAE: 0.432594
B--------->A
EPOCH:: 124, Loss: 6.453037, MSE: 1318752.564510, RMSE: 1148.369524, MAE: 588.126371, rot_MSE: 969665.562500, rot_RMSE: 984.716003, rot_MAE: 855.078125, trans_MSE: 0.389264, trans_RMSE: 0.623910, trans_MAE: 0.448440
==TEST==
A--------->B
EPOCH:: 124, Loss: 25.651755, Cycle Loss: 2.417539, MSE: 1272936.052492, RMSE: 1128.244678, MAE: 562.703947, rot_MSE: 964247.250000, rot_RMSE: 981.960938, rot_MAE: 849.714111, trans_MSE: 16.130318, trans_RMSE: 4.016257, trans_MAE: 1.295438
B--------->A
EPOCH:: 124, Loss: 25.651755, MSE: 1272933.992252, RMSE: 1128.243765, MAE: 558.234387, rot_MSE: 964090.062500, rot_RMSE: 981.880859, rot_MAE: 849.696045, trans_MSE: 5.006756, trans_RMSE: 2.237578, trans_MAE: 0.897254
==BEST TEST==
A--------->B
EPOCH:: 124, Loss: 18.024955, Cycle Loss: 1.207238, MSE: 1273725.153538, RMSE: 1128.594326, MAE: 562.858494, rot_MSE: 965164.437500, rot_RMSE: 982.427856, rot_MAE: 849.940063, trans_MSE: 8.653621, trans_RMSE: 2.941704, trans_MAE: 1.393032
B--------->A
EPOCH:: 124, Loss: 18.024955, MSE: 1273720.320700, RMSE: 1128.592185, MAE: 557.551959, rot_MSE: 965176.312500, rot_RMSE: 982.433899, rot_MAE: 849.940247, trans_MSE: 2.811344, trans_RMSE: 1.676706, trans_MAE: 1.066525
==TRAIN==
A--------->B
EPOCH:: 125, Loss: 6.498899, Cycle Loss:, 0.094339, MSE: 1317533.831756, RMSE: 1147.838766, MAE: 586.996965, rot_MSE: 970603.812500, rot_RMSE: 985.192261, rot_MAE: 855.626709, trans_MSE: 0.518474, trans_RMSE: 0.720052, trans_MAE: 0.439447
B--------->A
EPOCH:: 125, Loss: 6.498899, MSE: 1317533.703190, RMSE: 1147.838710, MAE: 587.350678, rot_MSE: 970599.312500, rot_RMSE: 985.190002, rot_MAE: 855.622742, trans_MSE: 0.402154, trans_RMSE: 0.634156, trans_MAE: 0.450353
==TEST==
A--------->B
EPOCH:: 125, Loss: 19.720056, Cycle Loss: 1.919681, MSE: 1272880.655992, RMSE: 1128.220127, MAE: 562.925517, rot_MSE: 965129.687500, rot_RMSE: 982.410156, rot_MAE: 849.862854, trans_MSE: 11.352951, trans_RMSE: 3.369414, trans_MAE: 1.060505
B--------->A
EPOCH:: 125, Loss: 19.720056, MSE: 1272878.183820, RMSE: 1128.219032, MAE: 558.828087, rot_MSE: 965133.687500, rot_RMSE: 982.412170, rot_MAE: 849.862427, trans_MSE: 4.249407, trans_RMSE: 2.061409, trans_MAE: 0.746829
==BEST TEST==
A--------->B
EPOCH:: 125, Loss: 18.024955, Cycle Loss: 1.207238, MSE: 1273725.153538, RMSE: 1128.594326, MAE: 562.858494, rot_MSE: 965164.437500, rot_RMSE: 982.427856, rot_MAE: 849.940063, trans_MSE: 8.653621, trans_RMSE: 2.941704, trans_MAE: 1.393032
B--------->A
EPOCH:: 125, Loss: 18.024955, MSE: 1273720.320700, RMSE: 1128.592185, MAE: 557.551959, rot_MSE: 965176.312500, rot_RMSE: 982.433899, rot_MAE: 849.940247, trans_MSE: 2.811344, trans_RMSE: 1.676706, trans_MAE: 1.066525
==TRAIN==
A--------->B
EPOCH:: 126, Loss: 6.388822, Cycle Loss:, 0.106175, MSE: 1318541.958214, RMSE: 1148.277823, MAE: 587.293483, rot_MSE: 971540.687500, rot_RMSE: 985.667664, rot_MAE: 856.225952, trans_MSE: 0.462147, trans_RMSE: 0.679814, trans_MAE: 0.419530
B--------->A
EPOCH:: 126, Loss: 6.388822, MSE: 1318543.196739, RMSE: 1148.278362, MAE: 586.803350, rot_MSE: 971540.125000, rot_RMSE: 985.667358, rot_MAE: 856.225891, trans_MSE: 0.501427, trans_RMSE: 0.708115, trans_MAE: 0.474757
==TEST==
A--------->B
EPOCH:: 126, Loss: 12.669953, Cycle Loss: 0.699630, MSE: 1274100.179623, RMSE: 1128.760462, MAE: 562.819448, rot_MSE: 965440.187500, rot_RMSE: 982.568176, rot_MAE: 850.048706, trans_MSE: 5.009286, trans_RMSE: 2.238143, trans_MAE: 0.918524
B--------->A
EPOCH:: 126, Loss: 12.669953, MSE: 1274097.945506, RMSE: 1128.759472, MAE: 557.728622, rot_MSE: 965458.312500, rot_RMSE: 982.577393, rot_MAE: 850.055603, trans_MSE: 1.294110, trans_RMSE: 1.137589, trans_MAE: 0.681715
==BEST TEST==
A--------->B
EPOCH:: 126, Loss: 12.669953, Cycle Loss: 0.699630, MSE: 1274100.179623, RMSE: 1128.760462, MAE: 562.819448, rot_MSE: 965440.187500, rot_RMSE: 982.568176, rot_MAE: 850.048706, trans_MSE: 5.009286, trans_RMSE: 2.238143, trans_MAE: 0.918524
B--------->A
EPOCH:: 126, Loss: 12.669953, MSE: 1274097.945506, RMSE: 1128.759472, MAE: 557.728622, rot_MSE: 965458.312500, rot_RMSE: 982.577393, rot_MAE: 850.055603, trans_MSE: 1.294110, trans_RMSE: 1.137589, trans_MAE: 0.681715
==TRAIN==
A--------->B
EPOCH:: 127, Loss: 6.063496, Cycle Loss:, 0.065247, MSE: 1314093.490794, RMSE: 1146.339169, MAE: 586.788308, rot_MSE: 970243.875000, rot_RMSE: 985.009583, rot_MAE: 855.559326, trans_MSE: 0.311203, trans_RMSE: 0.557856, trans_MAE: 0.367631
B--------->A
EPOCH:: 127, Loss: 6.063496, MSE: 1314092.957566, RMSE: 1146.338937, MAE: 586.660978, rot_MSE: 970241.937500, rot_RMSE: 985.008606, rot_MAE: 855.557739, trans_MSE: 0.308903, trans_RMSE: 0.555791, trans_MAE: 0.403151
==TEST==
A--------->B
EPOCH:: 127, Loss: 37.792350, Cycle Loss: 5.350701, MSE: 1272968.582709, RMSE: 1128.259094, MAE: 562.621748, rot_MSE: 964814.250000, rot_RMSE: 982.249573, rot_MAE: 849.815674, trans_MSE: 25.933626, trans_RMSE: 5.092507, trans_MAE: 1.533807
B--------->A
EPOCH:: 127, Loss: 37.792350, MSE: 1272965.353306, RMSE: 1128.257663, MAE: 558.883478, rot_MSE: 964831.312500, rot_RMSE: 982.258301, rot_MAE: 849.818176, trans_MSE: 14.811190, trans_RMSE: 3.848531, trans_MAE: 1.052896
==BEST TEST==
A--------->B
EPOCH:: 127, Loss: 12.669953, Cycle Loss: 0.699630, MSE: 1274100.179623, RMSE: 1128.760462, MAE: 562.819448, rot_MSE: 965440.187500, rot_RMSE: 982.568176, rot_MAE: 850.048706, trans_MSE: 5.009286, trans_RMSE: 2.238143, trans_MAE: 0.918524
B--------->A
EPOCH:: 127, Loss: 12.669953, MSE: 1274097.945506, RMSE: 1128.759472, MAE: 557.728622, rot_MSE: 965458.312500, rot_RMSE: 982.577393, rot_MAE: 850.055603, trans_MSE: 1.294110, trans_RMSE: 1.137589, trans_MAE: 0.681715
==TRAIN==
A--------->B
EPOCH:: 128, Loss: 6.100071, Cycle Loss:, 0.062684, MSE: 1317862.419638, RMSE: 1147.981890, MAE: 587.118183, rot_MSE: 971048.187500, rot_RMSE: 985.417786, rot_MAE: 855.877441, trans_MSE: 0.297643, trans_RMSE: 0.545566, trans_MAE: 0.362622
B--------->A
EPOCH:: 128, Loss: 6.100071, MSE: 1317862.293115, RMSE: 1147.981835, MAE: 586.414152, rot_MSE: 971046.000000, rot_RMSE: 985.416687, rot_MAE: 855.876709, trans_MSE: 0.302699, trans_RMSE: 0.550181, trans_MAE: 0.402029
==TEST==
A--------->B
EPOCH:: 128, Loss: 28.529718, Cycle Loss: 3.440650, MSE: 1272979.211002, RMSE: 1128.263804, MAE: 563.021061, rot_MSE: 964932.125000, rot_RMSE: 982.309570, rot_MAE: 849.815796, trans_MSE: 18.442129, trans_RMSE: 4.294430, trans_MAE: 1.309594
B--------->A
EPOCH:: 128, Loss: 28.529718, MSE: 1272971.980114, RMSE: 1128.260599, MAE: 558.650801, rot_MSE: 964940.687500, rot_RMSE: 982.313965, rot_MAE: 849.816101, trans_MSE: 9.440616, trans_RMSE: 3.072558, trans_MAE: 0.952639
==BEST TEST==
A--------->B
EPOCH:: 128, Loss: 12.669953, Cycle Loss: 0.699630, MSE: 1274100.179623, RMSE: 1128.760462, MAE: 562.819448, rot_MSE: 965440.187500, rot_RMSE: 982.568176, rot_MAE: 850.048706, trans_MSE: 5.009286, trans_RMSE: 2.238143, trans_MAE: 0.918524
B--------->A
EPOCH:: 128, Loss: 12.669953, MSE: 1274097.945506, RMSE: 1128.759472, MAE: 557.728622, rot_MSE: 965458.312500, rot_RMSE: 982.577393, rot_MAE: 850.055603, trans_MSE: 1.294110, trans_RMSE: 1.137589, trans_MAE: 0.681715
==TRAIN==
A--------->B
EPOCH:: 129, Loss: 6.064584, Cycle Loss:, 0.057733, MSE: 1309276.940093, RMSE: 1144.236400, MAE: 585.815379, rot_MSE: 970686.687500, rot_RMSE: 985.234314, rot_MAE: 855.688782, trans_MSE: 0.284426, trans_RMSE: 0.533316, trans_MAE: 0.345203
B--------->A
EPOCH:: 129, Loss: 6.064584, MSE: 1309277.523600, RMSE: 1144.236655, MAE: 585.715247, rot_MSE: 970683.687500, rot_RMSE: 985.232788, rot_MAE: 855.687317, trans_MSE: 0.278553, trans_RMSE: 0.527781, trans_MAE: 0.386550
==TEST==
A--------->B
EPOCH:: 129, Loss: 35.436731, Cycle Loss: 4.053264, MSE: 1273353.372159, RMSE: 1128.429604, MAE: 562.732958, rot_MSE: 964915.750000, rot_RMSE: 982.301270, rot_MAE: 849.891724, trans_MSE: 24.873068, trans_RMSE: 4.987291, trans_MAE: 1.637309
B--------->A
EPOCH:: 129, Loss: 35.436731, MSE: 1273348.287513, RMSE: 1128.427351, MAE: 558.694709, rot_MSE: 964940.875000, rot_RMSE: 982.314026, rot_MAE: 849.890503, trans_MSE: 8.290793, trans_RMSE: 2.879374, trans_MAE: 1.050985
==BEST TEST==
A--------->B
EPOCH:: 129, Loss: 12.669953, Cycle Loss: 0.699630, MSE: 1274100.179623, RMSE: 1128.760462, MAE: 562.819448, rot_MSE: 965440.187500, rot_RMSE: 982.568176, rot_MAE: 850.048706, trans_MSE: 5.009286, trans_RMSE: 2.238143, trans_MAE: 0.918524
B--------->A
EPOCH:: 129, Loss: 12.669953, MSE: 1274097.945506, RMSE: 1128.759472, MAE: 557.728622, rot_MSE: 965458.312500, rot_RMSE: 982.577393, rot_MAE: 850.055603, trans_MSE: 1.294110, trans_RMSE: 1.137589, trans_MAE: 0.681715
==TRAIN==
A--------->B
EPOCH:: 130, Loss: 5.990557, Cycle Loss:, 0.054630, MSE: 1319166.881159, RMSE: 1148.549904, MAE: 587.880024, rot_MSE: 970289.187500, rot_RMSE: 985.032593, rot_MAE: 855.559326, trans_MSE: 0.265502, trans_RMSE: 0.515269, trans_MAE: 0.330858
B--------->A
EPOCH:: 130, Loss: 5.990557, MSE: 1319167.329357, RMSE: 1148.550099, MAE: 587.451332, rot_MSE: 970286.375000, rot_RMSE: 985.031128, rot_MAE: 855.557739, trans_MSE: 0.270793, trans_RMSE: 0.520378, trans_MAE: 0.384892
==TEST==
A--------->B
EPOCH:: 130, Loss: 32.064901, Cycle Loss: 3.470219, MSE: 1273058.927686, RMSE: 1128.299130, MAE: 562.833819, rot_MSE: 964834.562500, rot_RMSE: 982.259949, rot_MAE: 849.970581, trans_MSE: 21.578579, trans_RMSE: 4.645275, trans_MAE: 1.443619
B--------->A
EPOCH:: 130, Loss: 32.064901, MSE: 1273054.032929, RMSE: 1128.296961, MAE: 558.218485, rot_MSE: 964865.000000, rot_RMSE: 982.275391, rot_MAE: 849.979431, trans_MSE: 7.662414, trans_RMSE: 2.768106, trans_MAE: 0.957475
==BEST TEST==
A--------->B
EPOCH:: 130, Loss: 12.669953, Cycle Loss: 0.699630, MSE: 1274100.179623, RMSE: 1128.760462, MAE: 562.819448, rot_MSE: 965440.187500, rot_RMSE: 982.568176, rot_MAE: 850.048706, trans_MSE: 5.009286, trans_RMSE: 2.238143, trans_MAE: 0.918524
B--------->A
EPOCH:: 130, Loss: 12.669953, MSE: 1274097.945506, RMSE: 1128.759472, MAE: 557.728622, rot_MSE: 965458.312500, rot_RMSE: 982.577393, rot_MAE: 850.055603, trans_MSE: 1.294110, trans_RMSE: 1.137589, trans_MAE: 0.681715
==TRAIN==
A--------->B
EPOCH:: 131, Loss: 6.225886, Cycle Loss:, 0.089406, MSE: 1311404.816390, RMSE: 1145.165847, MAE: 586.234879, rot_MSE: 970386.937500, rot_RMSE: 985.082214, rot_MAE: 855.690369, trans_MSE: 0.468030, trans_RMSE: 0.684127, trans_MAE: 0.396248
B--------->A
EPOCH:: 131, Loss: 6.225886, MSE: 1311405.220954, RMSE: 1145.166023, MAE: 585.535631, rot_MSE: 970384.000000, rot_RMSE: 985.080688, rot_MAE: 855.688293, trans_MSE: 0.429262, trans_RMSE: 0.655181, trans_MAE: 0.445557
==TEST==
A--------->B
EPOCH:: 131, Loss: 11.854297, Cycle Loss: 0.691139, MSE: 1274335.215715, RMSE: 1128.864569, MAE: 562.817559, rot_MSE: 965799.937500, rot_RMSE: 982.751221, rot_MAE: 850.404541, trans_MSE: 4.179013, trans_RMSE: 2.044264, trans_MAE: 0.966386
B--------->A
EPOCH:: 131, Loss: 11.854297, MSE: 1274332.341361, RMSE: 1128.863296, MAE: 556.580676, rot_MSE: 965823.000000, rot_RMSE: 982.762939, rot_MAE: 850.404419, trans_MSE: 1.655849, trans_RMSE: 1.286798, trans_MAE: 0.801862
==BEST TEST==
A--------->B
EPOCH:: 131, Loss: 11.854297, Cycle Loss: 0.691139, MSE: 1274335.215715, RMSE: 1128.864569, MAE: 562.817559, rot_MSE: 965799.937500, rot_RMSE: 982.751221, rot_MAE: 850.404541, trans_MSE: 4.179013, trans_RMSE: 2.044264, trans_MAE: 0.966386
B--------->A
EPOCH:: 131, Loss: 11.854297, MSE: 1274332.341361, RMSE: 1128.863296, MAE: 556.580676, rot_MSE: 965823.000000, rot_RMSE: 982.762939, rot_MAE: 850.404419, trans_MSE: 1.655849, trans_RMSE: 1.286798, trans_MAE: 0.801862
==TRAIN==
A--------->B
EPOCH:: 132, Loss: 6.268211, Cycle Loss:, 0.088351, MSE: 1312219.451601, RMSE: 1145.521476, MAE: 586.341933, rot_MSE: 971721.375000, rot_RMSE: 985.759277, rot_MAE: 856.268921, trans_MSE: 0.419893, trans_RMSE: 0.647991, trans_MAE: 0.385869
B--------->A
EPOCH:: 132, Loss: 6.268211, MSE: 1312219.763226, RMSE: 1145.521612, MAE: 584.700064, rot_MSE: 971714.750000, rot_RMSE: 985.755920, rot_MAE: 856.263733, trans_MSE: 0.390193, trans_RMSE: 0.624655, trans_MAE: 0.439780
==TEST==
A--------->B
EPOCH:: 132, Loss: 18.520581, Cycle Loss: 2.087552, MSE: 1273796.555785, RMSE: 1128.625959, MAE: 562.623446, rot_MSE: 964921.375000, rot_RMSE: 982.304138, rot_MAE: 849.931824, trans_MSE: 9.787782, trans_RMSE: 3.128543, trans_MAE: 1.171609
B--------->A
EPOCH:: 132, Loss: 18.520581, MSE: 1273798.667678, RMSE: 1128.626895, MAE: 558.202515, rot_MSE: 964949.312500, rot_RMSE: 982.318359, rot_MAE: 849.933044, trans_MSE: 5.752493, trans_RMSE: 2.398436, trans_MAE: 0.901754
==BEST TEST==
A--------->B
EPOCH:: 132, Loss: 11.854297, Cycle Loss: 0.691139, MSE: 1274335.215715, RMSE: 1128.864569, MAE: 562.817559, rot_MSE: 965799.937500, rot_RMSE: 982.751221, rot_MAE: 850.404541, trans_MSE: 4.179013, trans_RMSE: 2.044264, trans_MAE: 0.966386
B--------->A
EPOCH:: 132, Loss: 11.854297, MSE: 1274332.341361, RMSE: 1128.863296, MAE: 556.580676, rot_MSE: 965823.000000, rot_RMSE: 982.762939, rot_MAE: 850.404419, trans_MSE: 1.655849, trans_RMSE: 1.286798, trans_MAE: 0.801862
==TRAIN==
A--------->B
EPOCH:: 133, Loss: 5.880403, Cycle Loss:, 0.053491, MSE: 1319133.378566, RMSE: 1148.535319, MAE: 587.705644, rot_MSE: 970818.937500, rot_RMSE: 985.301453, rot_MAE: 855.774536, trans_MSE: 0.239168, trans_RMSE: 0.489048, trans_MAE: 0.320859
B--------->A
EPOCH:: 133, Loss: 5.880403, MSE: 1319133.843815, RMSE: 1148.535521, MAE: 587.276793, rot_MSE: 970817.500000, rot_RMSE: 985.300720, rot_MAE: 855.773438, trans_MSE: 0.266222, trans_RMSE: 0.515967, trans_MAE: 0.376886
==TEST==
A--------->B
EPOCH:: 133, Loss: 47.122058, Cycle Loss: 7.693649, MSE: 1273615.532412, RMSE: 1128.545760, MAE: 562.932123, rot_MSE: 965469.250000, rot_RMSE: 982.582947, rot_MAE: 850.003784, trans_MSE: 33.464828, trans_RMSE: 5.784879, trans_MAE: 1.653262
B--------->A
EPOCH:: 133, Loss: 47.122058, MSE: 1273614.875581, RMSE: 1128.545469, MAE: 558.311139, rot_MSE: 965514.375000, rot_RMSE: 982.605896, rot_MAE: 850.008545, trans_MSE: 20.043709, trans_RMSE: 4.477020, trans_MAE: 1.153646
==BEST TEST==
A--------->B
EPOCH:: 133, Loss: 11.854297, Cycle Loss: 0.691139, MSE: 1274335.215715, RMSE: 1128.864569, MAE: 562.817559, rot_MSE: 965799.937500, rot_RMSE: 982.751221, rot_MAE: 850.404541, trans_MSE: 4.179013, trans_RMSE: 2.044264, trans_MAE: 0.966386
B--------->A
EPOCH:: 133, Loss: 11.854297, MSE: 1274332.341361, RMSE: 1128.863296, MAE: 556.580676, rot_MSE: 965823.000000, rot_RMSE: 982.762939, rot_MAE: 850.404419, trans_MSE: 1.655849, trans_RMSE: 1.286798, trans_MAE: 0.801862
==TRAIN==
A--------->B
EPOCH:: 134, Loss: 5.676128, Cycle Loss:, 0.055780, MSE: 1306568.228086, RMSE: 1143.052155, MAE: 585.056509, rot_MSE: 969825.625000, rot_RMSE: 984.797241, rot_MAE: 855.554810, trans_MSE: 0.212329, trans_RMSE: 0.460791, trans_MAE: 0.308493
B--------->A
EPOCH:: 134, Loss: 5.676128, MSE: 1306568.113395, RMSE: 1143.052104, MAE: 584.704710, rot_MSE: 969821.625000, rot_RMSE: 984.795227, rot_MAE: 855.553406, trans_MSE: 0.288281, trans_RMSE: 0.536918, trans_MAE: 0.382442
==TEST==
A--------->B
EPOCH:: 134, Loss: 25.649479, Cycle Loss: 3.870681, MSE: 1273482.635331, RMSE: 1128.486879, MAE: 563.186329, rot_MSE: 965691.500000, rot_RMSE: 982.696045, rot_MAE: 850.138916, trans_MSE: 15.324808, trans_RMSE: 3.914691, trans_MAE: 1.223010
B--------->A
EPOCH:: 134, Loss: 25.649479, MSE: 1273485.395532, RMSE: 1128.488102, MAE: 559.100236, rot_MSE: 965703.562500, rot_RMSE: 982.702148, rot_MAE: 850.139893, trans_MSE: 11.758134, trans_RMSE: 3.429013, trans_MAE: 0.921451
==BEST TEST==
A--------->B
EPOCH:: 134, Loss: 11.854297, Cycle Loss: 0.691139, MSE: 1274335.215715, RMSE: 1128.864569, MAE: 562.817559, rot_MSE: 965799.937500, rot_RMSE: 982.751221, rot_MAE: 850.404541, trans_MSE: 4.179013, trans_RMSE: 2.044264, trans_MAE: 0.966386
B--------->A
EPOCH:: 134, Loss: 11.854297, MSE: 1274332.341361, RMSE: 1128.863296, MAE: 556.580676, rot_MSE: 965823.000000, rot_RMSE: 982.762939, rot_MAE: 850.404419, trans_MSE: 1.655849, trans_RMSE: 1.286798, trans_MAE: 0.801862
==TRAIN==
A--------->B
EPOCH:: 135, Loss: 6.619299, Cycle Loss:, 0.155861, MSE: 1319516.779305, RMSE: 1148.702215, MAE: 588.048380, rot_MSE: 970364.312500, rot_RMSE: 985.070740, rot_MAE: 855.565247, trans_MSE: 0.849785, trans_RMSE: 0.921838, trans_MAE: 0.453450
B--------->A
EPOCH:: 135, Loss: 6.619299, MSE: 1319516.991053, RMSE: 1148.702307, MAE: 586.681176, rot_MSE: 970360.937500, rot_RMSE: 985.069031, rot_MAE: 855.563293, trans_MSE: 0.508895, trans_RMSE: 0.713369, trans_MAE: 0.492511
==TEST==
A--------->B
EPOCH:: 135, Loss: 15.398820, Cycle Loss: 1.434286, MSE: 1273337.256586, RMSE: 1128.422464, MAE: 562.627057, rot_MSE: 965180.062500, rot_RMSE: 982.435791, rot_MAE: 850.012146, trans_MSE: 7.378941, trans_RMSE: 2.716421, trans_MAE: 1.112292
B--------->A
EPOCH:: 135, Loss: 15.398820, MSE: 1273342.400697, RMSE: 1128.424743, MAE: 558.678856, rot_MSE: 965928.375000, rot_RMSE: 982.816528, rot_MAE: 850.492859, trans_MSE: 3.878312, trans_RMSE: 1.969343, trans_MAE: 0.857546
==BEST TEST==
A--------->B
EPOCH:: 135, Loss: 11.854297, Cycle Loss: 0.691139, MSE: 1274335.215715, RMSE: 1128.864569, MAE: 562.817559, rot_MSE: 965799.937500, rot_RMSE: 982.751221, rot_MAE: 850.404541, trans_MSE: 4.179013, trans_RMSE: 2.044264, trans_MAE: 0.966386
B--------->A
EPOCH:: 135, Loss: 11.854297, MSE: 1274332.341361, RMSE: 1128.863296, MAE: 556.580676, rot_MSE: 965823.000000, rot_RMSE: 982.762939, rot_MAE: 850.404419, trans_MSE: 1.655849, trans_RMSE: 1.286798, trans_MAE: 0.801862
==TRAIN==
A--------->B
EPOCH:: 136, Loss: 5.768460, Cycle Loss:, 0.044971, MSE: 1318972.946188, RMSE: 1148.465475, MAE: 587.619974, rot_MSE: 972190.125000, rot_RMSE: 985.997009, rot_MAE: 856.888306, trans_MSE: 0.206924, trans_RMSE: 0.454889, trans_MAE: 0.302542
B--------->A
EPOCH:: 136, Loss: 5.768460, MSE: 1318972.186365, RMSE: 1148.465144, MAE: 586.524806, rot_MSE: 972188.875000, rot_RMSE: 985.996399, rot_MAE: 856.887451, trans_MSE: 0.229333, trans_RMSE: 0.478888, trans_MAE: 0.359251
==TEST==
A--------->B
EPOCH:: 136, Loss: 10.916020, Cycle Loss: 0.525248, MSE: 1274554.560434, RMSE: 1128.961718, MAE: 562.821107, rot_MSE: 965505.000000, rot_RMSE: 982.601135, rot_MAE: 850.088745, trans_MSE: 3.331256, trans_RMSE: 1.825173, trans_MAE: 0.859149
B--------->A
EPOCH:: 136, Loss: 10.916020, MSE: 1274556.351562, RMSE: 1128.962511, MAE: 556.972940, rot_MSE: 965539.937500, rot_RMSE: 982.618896, rot_MAE: 850.091064, trans_MSE: 1.215814, trans_RMSE: 1.102640, trans_MAE: 0.681842
==BEST TEST==
A--------->B
EPOCH:: 136, Loss: 10.916020, Cycle Loss: 0.525248, MSE: 1274554.560434, RMSE: 1128.961718, MAE: 562.821107, rot_MSE: 965505.000000, rot_RMSE: 982.601135, rot_MAE: 850.088745, trans_MSE: 3.331256, trans_RMSE: 1.825173, trans_MAE: 0.859149
B--------->A
EPOCH:: 136, Loss: 10.916020, MSE: 1274556.351562, RMSE: 1128.962511, MAE: 556.972940, rot_MSE: 965539.937500, rot_RMSE: 982.618896, rot_MAE: 850.091064, trans_MSE: 1.215814, trans_RMSE: 1.102640, trans_MAE: 0.681842
==TRAIN==
A--------->B
EPOCH:: 137, Loss: 5.912408, Cycle Loss:, 0.043657, MSE: 1319421.250616, RMSE: 1148.660633, MAE: 588.037353, rot_MSE: 971984.312500, rot_RMSE: 985.892639, rot_MAE: 856.465942, trans_MSE: 0.190129, trans_RMSE: 0.436038, trans_MAE: 0.279925
B--------->A
EPOCH:: 137, Loss: 5.912408, MSE: 1319421.307573, RMSE: 1148.660658, MAE: 587.013709, rot_MSE: 971983.687500, rot_RMSE: 985.892334, rot_MAE: 856.465576, trans_MSE: 0.211908, trans_RMSE: 0.460334, trans_MAE: 0.339868
==TEST==
A--------->B
EPOCH:: 137, Loss: 49.207160, Cycle Loss: 6.872876, MSE: 1273666.887913, RMSE: 1128.568513, MAE: 563.026574, rot_MSE: 964871.375000, rot_RMSE: 982.278687, rot_MAE: 849.825317, trans_MSE: 35.636288, trans_RMSE: 5.969614, trans_MAE: 1.671654
B--------->A
EPOCH:: 137, Loss: 49.207160, MSE: 1273660.657606, RMSE: 1128.565752, MAE: 558.095017, rot_MSE: 964902.937500, rot_RMSE: 982.294739, rot_MAE: 849.827148, trans_MSE: 15.888403, trans_RMSE: 3.986026, trans_MAE: 1.138209
==BEST TEST==
A--------->B
EPOCH:: 137, Loss: 10.916020, Cycle Loss: 0.525248, MSE: 1274554.560434, RMSE: 1128.961718, MAE: 562.821107, rot_MSE: 965505.000000, rot_RMSE: 982.601135, rot_MAE: 850.088745, trans_MSE: 3.331256, trans_RMSE: 1.825173, trans_MAE: 0.859149
B--------->A
EPOCH:: 137, Loss: 10.916020, MSE: 1274556.351562, RMSE: 1128.962511, MAE: 556.972940, rot_MSE: 965539.937500, rot_RMSE: 982.618896, rot_MAE: 850.091064, trans_MSE: 1.215814, trans_RMSE: 1.102640, trans_MAE: 0.681842
==TRAIN==
A--------->B
EPOCH:: 138, Loss: 5.726060, Cycle Loss:, 0.043139, MSE: 1313051.007553, RMSE: 1145.884378, MAE: 586.154912, rot_MSE: 971177.812500, rot_RMSE: 985.483521, rot_MAE: 856.131592, trans_MSE: 0.197779, trans_RMSE: 0.444723, trans_MAE: 0.289062
B--------->A
EPOCH:: 138, Loss: 5.726060, MSE: 1313051.140139, RMSE: 1145.884436, MAE: 584.826079, rot_MSE: 971174.750000, rot_RMSE: 985.481995, rot_MAE: 856.129578, trans_MSE: 0.229815, trans_RMSE: 0.479390, trans_MAE: 0.345794
==TEST==
A--------->B
EPOCH:: 138, Loss: 30.700736, Cycle Loss: 4.183183, MSE: 1273564.701253, RMSE: 1128.523239, MAE: 563.144974, rot_MSE: 965118.062500, rot_RMSE: 982.404236, rot_MAE: 849.874512, trans_MSE: 20.286337, trans_RMSE: 4.504035, trans_MAE: 1.279962
B--------->A
EPOCH:: 138, Loss: 30.700736, MSE: 1273563.530540, RMSE: 1128.522720, MAE: 558.090561, rot_MSE: 965145.125000, rot_RMSE: 982.417969, rot_MAE: 849.876953, trans_MSE: 10.642730, trans_RMSE: 3.262320, trans_MAE: 0.914901
==BEST TEST==
A--------->B
EPOCH:: 138, Loss: 10.916020, Cycle Loss: 0.525248, MSE: 1274554.560434, RMSE: 1128.961718, MAE: 562.821107, rot_MSE: 965505.000000, rot_RMSE: 982.601135, rot_MAE: 850.088745, trans_MSE: 3.331256, trans_RMSE: 1.825173, trans_MAE: 0.859149
B--------->A
EPOCH:: 138, Loss: 10.916020, MSE: 1274556.351562, RMSE: 1128.962511, MAE: 556.972940, rot_MSE: 965539.937500, rot_RMSE: 982.618896, rot_MAE: 850.091064, trans_MSE: 1.215814, trans_RMSE: 1.102640, trans_MAE: 0.681842
==TRAIN==
A--------->B
EPOCH:: 139, Loss: 5.787481, Cycle Loss:, 0.041148, MSE: 1319284.229286, RMSE: 1148.600988, MAE: 588.029668, rot_MSE: 970378.250000, rot_RMSE: 985.077759, rot_MAE: 855.684631, trans_MSE: 0.187572, trans_RMSE: 0.433096, trans_MAE: 0.281599
B--------->A
EPOCH:: 139, Loss: 5.787481, MSE: 1319284.077152, RMSE: 1148.600922, MAE: 587.686121, rot_MSE: 970377.375000, rot_RMSE: 985.077332, rot_MAE: 855.684143, trans_MSE: 0.200776, trans_RMSE: 0.448081, trans_MAE: 0.329107
==TEST==
A--------->B
EPOCH:: 139, Loss: 19.057403, Cycle Loss: 1.818129, MSE: 1273620.502647, RMSE: 1128.547962, MAE: 562.995529, rot_MSE: 964766.562500, rot_RMSE: 982.225342, rot_MAE: 849.729248, trans_MSE: 10.907487, trans_RMSE: 3.302649, trans_MAE: 1.174132
B--------->A
EPOCH:: 139, Loss: 19.057403, MSE: 1273616.693053, RMSE: 1128.546274, MAE: 557.977118, rot_MSE: 964793.625000, rot_RMSE: 982.239075, rot_MAE: 849.730713, trans_MSE: 4.139954, trans_RMSE: 2.034688, trans_MAE: 0.812608
==BEST TEST==
A--------->B
EPOCH:: 139, Loss: 10.916020, Cycle Loss: 0.525248, MSE: 1274554.560434, RMSE: 1128.961718, MAE: 562.821107, rot_MSE: 965505.000000, rot_RMSE: 982.601135, rot_MAE: 850.088745, trans_MSE: 3.331256, trans_RMSE: 1.825173, trans_MAE: 0.859149
B--------->A
EPOCH:: 139, Loss: 10.916020, MSE: 1274556.351562, RMSE: 1128.962511, MAE: 556.972940, rot_MSE: 965539.937500, rot_RMSE: 982.618896, rot_MAE: 850.091064, trans_MSE: 1.215814, trans_RMSE: 1.102640, trans_MAE: 0.681842
==TRAIN==
A--------->B
EPOCH:: 140, Loss: 5.695046, Cycle Loss:, 0.043172, MSE: 1318531.675635, RMSE: 1148.273345, MAE: 587.593955, rot_MSE: 971093.187500, rot_RMSE: 985.440613, rot_MAE: 856.069336, trans_MSE: 0.195739, trans_RMSE: 0.442424, trans_MAE: 0.283121
B--------->A
EPOCH:: 140, Loss: 5.695046, MSE: 1318531.932897, RMSE: 1148.273457, MAE: 586.128121, rot_MSE: 971090.125000, rot_RMSE: 985.439026, rot_MAE: 856.067749, trans_MSE: 0.220895, trans_RMSE: 0.469995, trans_MAE: 0.344444
==TEST==
A--------->B
EPOCH:: 140, Loss: 19.201170, Cycle Loss: 1.977658, MSE: 1273191.170196, RMSE: 1128.357731, MAE: 562.855660, rot_MSE: 965116.625000, rot_RMSE: 982.403503, rot_MAE: 849.933960, trans_MSE: 11.088658, trans_RMSE: 3.329964, trans_MAE: 0.975308
B--------->A
EPOCH:: 140, Loss: 19.201170, MSE: 1273190.829610, RMSE: 1128.357581, MAE: 559.060974, rot_MSE: 965141.250000, rot_RMSE: 982.416016, rot_MAE: 849.937317, trans_MSE: 5.151326, trans_RMSE: 2.269653, trans_MAE: 0.694145
==BEST TEST==
A--------->B
EPOCH:: 140, Loss: 10.916020, Cycle Loss: 0.525248, MSE: 1274554.560434, RMSE: 1128.961718, MAE: 562.821107, rot_MSE: 965505.000000, rot_RMSE: 982.601135, rot_MAE: 850.088745, trans_MSE: 3.331256, trans_RMSE: 1.825173, trans_MAE: 0.859149
B--------->A
EPOCH:: 140, Loss: 10.916020, MSE: 1274556.351562, RMSE: 1128.962511, MAE: 556.972940, rot_MSE: 965539.937500, rot_RMSE: 982.618896, rot_MAE: 850.091064, trans_MSE: 1.215814, trans_RMSE: 1.102640, trans_MAE: 0.681842
==TRAIN==
A--------->B
EPOCH:: 141, Loss: 5.733334, Cycle Loss:, 0.040662, MSE: 1319367.350363, RMSE: 1148.637171, MAE: 588.285593, rot_MSE: 971056.125000, rot_RMSE: 985.421814, rot_MAE: 855.948669, trans_MSE: 0.177821, trans_RMSE: 0.421688, trans_MAE: 0.273885
B--------->A
EPOCH:: 141, Loss: 5.733334, MSE: 1319367.557086, RMSE: 1148.637261, MAE: 587.413208, rot_MSE: 971054.000000, rot_RMSE: 985.420715, rot_MAE: 855.947205, trans_MSE: 0.205777, trans_RMSE: 0.453627, trans_MAE: 0.337030
==TEST==
A--------->B
EPOCH:: 141, Loss: 53.970828, Cycle Loss: 8.017744, MSE: 1273697.732438, RMSE: 1128.582178, MAE: 563.133657, rot_MSE: 965141.875000, rot_RMSE: 982.416321, rot_MAE: 849.847595, trans_MSE: 39.788582, trans_RMSE: 6.307819, trans_MAE: 1.549078
B--------->A
EPOCH:: 141, Loss: 53.970828, MSE: 1273690.359052, RMSE: 1128.578911, MAE: 558.724664, rot_MSE: 965167.625000, rot_RMSE: 982.429443, rot_MAE: 849.852600, trans_MSE: 21.909149, trans_RMSE: 4.680721, trans_MAE: 1.084831
==BEST TEST==
A--------->B
EPOCH:: 141, Loss: 10.916020, Cycle Loss: 0.525248, MSE: 1274554.560434, RMSE: 1128.961718, MAE: 562.821107, rot_MSE: 965505.000000, rot_RMSE: 982.601135, rot_MAE: 850.088745, trans_MSE: 3.331256, trans_RMSE: 1.825173, trans_MAE: 0.859149
B--------->A
EPOCH:: 141, Loss: 10.916020, MSE: 1274556.351562, RMSE: 1128.962511, MAE: 556.972940, rot_MSE: 965539.937500, rot_RMSE: 982.618896, rot_MAE: 850.091064, trans_MSE: 1.215814, trans_RMSE: 1.102640, trans_MAE: 0.681842
==TRAIN==
A--------->B
EPOCH:: 142, Loss: 5.527602, Cycle Loss:, 0.034628, MSE: 1319163.682054, RMSE: 1148.548511, MAE: 587.992876, rot_MSE: 971217.062500, rot_RMSE: 985.503479, rot_MAE: 856.087463, trans_MSE: 0.132597, trans_RMSE: 0.364139, trans_MAE: 0.250384
B--------->A
EPOCH:: 142, Loss: 5.527602, MSE: 1319163.487130, RMSE: 1148.548426, MAE: 586.406654, rot_MSE: 971213.875000, rot_RMSE: 985.501831, rot_MAE: 856.085571, trans_MSE: 0.179699, trans_RMSE: 0.423909, trans_MAE: 0.317686
==TEST==
A--------->B
EPOCH:: 142, Loss: 17.577368, Cycle Loss: 1.493213, MSE: 1273698.007748, RMSE: 1128.582300, MAE: 562.726082, rot_MSE: 964861.187500, rot_RMSE: 982.273499, rot_MAE: 849.710938, trans_MSE: 10.005315, trans_RMSE: 3.163118, trans_MAE: 0.886834
B--------->A
EPOCH:: 142, Loss: 17.577368, MSE: 1273698.048102, RMSE: 1128.582318, MAE: 558.586841, rot_MSE: 964880.562500, rot_RMSE: 982.283325, rot_MAE: 849.711975, trans_MSE: 2.739142, trans_RMSE: 1.655035, trans_MAE: 0.616924
==BEST TEST==
A--------->B
EPOCH:: 142, Loss: 10.916020, Cycle Loss: 0.525248, MSE: 1274554.560434, RMSE: 1128.961718, MAE: 562.821107, rot_MSE: 965505.000000, rot_RMSE: 982.601135, rot_MAE: 850.088745, trans_MSE: 3.331256, trans_RMSE: 1.825173, trans_MAE: 0.859149
B--------->A
EPOCH:: 142, Loss: 10.916020, MSE: 1274556.351562, RMSE: 1128.962511, MAE: 556.972940, rot_MSE: 965539.937500, rot_RMSE: 982.618896, rot_MAE: 850.091064, trans_MSE: 1.215814, trans_RMSE: 1.102640, trans_MAE: 0.681842
==TRAIN==
A--------->B
EPOCH:: 143, Loss: 5.667769, Cycle Loss:, 0.036338, MSE: 1312051.124676, RMSE: 1145.448002, MAE: 586.129684, rot_MSE: 969722.187500, rot_RMSE: 984.744751, rot_MAE: 855.295654, trans_MSE: 0.162567, trans_RMSE: 0.403196, trans_MAE: 0.262383
B--------->A
EPOCH:: 143, Loss: 5.667769, MSE: 1312051.075791, RMSE: 1145.447980, MAE: 584.536252, rot_MSE: 969718.875000, rot_RMSE: 984.743042, rot_MAE: 855.294006, trans_MSE: 0.180575, trans_RMSE: 0.424941, trans_MAE: 0.320013
==TEST==
A--------->B
EPOCH:: 143, Loss: 18.469601, Cycle Loss: 1.472878, MSE: 1273318.014979, RMSE: 1128.413938, MAE: 562.904044, rot_MSE: 964722.687500, rot_RMSE: 982.203003, rot_MAE: 849.745361, trans_MSE: 10.566586, trans_RMSE: 3.250628, trans_MAE: 0.970466
B--------->A
EPOCH:: 143, Loss: 18.469601, MSE: 1273315.913740, RMSE: 1128.413007, MAE: 558.591756, rot_MSE: 964753.125000, rot_RMSE: 982.218445, rot_MAE: 849.744751, trans_MSE: 2.437353, trans_RMSE: 1.561202, trans_MAE: 0.655394
==BEST TEST==
A--------->B
EPOCH:: 143, Loss: 10.916020, Cycle Loss: 0.525248, MSE: 1274554.560434, RMSE: 1128.961718, MAE: 562.821107, rot_MSE: 965505.000000, rot_RMSE: 982.601135, rot_MAE: 850.088745, trans_MSE: 3.331256, trans_RMSE: 1.825173, trans_MAE: 0.859149
B--------->A
EPOCH:: 143, Loss: 10.916020, MSE: 1274556.351562, RMSE: 1128.962511, MAE: 556.972940, rot_MSE: 965539.937500, rot_RMSE: 982.618896, rot_MAE: 850.091064, trans_MSE: 1.215814, trans_RMSE: 1.102640, trans_MAE: 0.681842
==TRAIN==
A--------->B
EPOCH:: 144, Loss: 5.659925, Cycle Loss:, 0.037441, MSE: 1319244.279046, RMSE: 1148.583597, MAE: 587.991341, rot_MSE: 971139.375000, rot_RMSE: 985.464050, rot_MAE: 855.993408, trans_MSE: 0.151622, trans_RMSE: 0.389386, trans_MAE: 0.252598
B--------->A
EPOCH:: 144, Loss: 5.659925, MSE: 1319244.483273, RMSE: 1148.583686, MAE: 586.929315, rot_MSE: 971139.437500, rot_RMSE: 985.464050, rot_MAE: 855.993408, trans_MSE: 0.194517, trans_RMSE: 0.441041, trans_MAE: 0.321798
==TEST==
A--------->B
EPOCH:: 144, Loss: 48.216573, Cycle Loss: 8.771427, MSE: 1273470.245351, RMSE: 1128.481389, MAE: 563.119654, rot_MSE: 965547.000000, rot_RMSE: 982.622498, rot_MAE: 849.953796, trans_MSE: 33.461342, trans_RMSE: 5.784578, trans_MAE: 1.524040
B--------->A
EPOCH:: 144, Loss: 48.216573, MSE: 1273475.871320, RMSE: 1128.483882, MAE: 559.148584, rot_MSE: 965594.812500, rot_RMSE: 982.646851, rot_MAE: 849.962708, trans_MSE: 29.773785, trans_RMSE: 5.456536, trans_MAE: 1.162165
==BEST TEST==
A--------->B
EPOCH:: 144, Loss: 10.916020, Cycle Loss: 0.525248, MSE: 1274554.560434, RMSE: 1128.961718, MAE: 562.821107, rot_MSE: 965505.000000, rot_RMSE: 982.601135, rot_MAE: 850.088745, trans_MSE: 3.331256, trans_RMSE: 1.825173, trans_MAE: 0.859149
B--------->A
EPOCH:: 144, Loss: 10.916020, MSE: 1274556.351562, RMSE: 1128.962511, MAE: 556.972940, rot_MSE: 965539.937500, rot_RMSE: 982.618896, rot_MAE: 850.091064, trans_MSE: 1.215814, trans_RMSE: 1.102640, trans_MAE: 0.681842
==TRAIN==
A--------->B
EPOCH:: 145, Loss: 5.575663, Cycle Loss:, 0.031489, MSE: 1319013.479675, RMSE: 1148.483121, MAE: 587.884290, rot_MSE: 969711.375000, rot_RMSE: 984.739258, rot_MAE: 855.399048, trans_MSE: 0.124113, trans_RMSE: 0.352296, trans_MAE: 0.239515
B--------->A
EPOCH:: 145, Loss: 5.575663, MSE: 1319013.661307, RMSE: 1148.483200, MAE: 586.129109, rot_MSE: 969711.250000, rot_RMSE: 984.739197, rot_MAE: 855.398621, trans_MSE: 0.168835, trans_RMSE: 0.410895, trans_MAE: 0.309941
==TEST==
A--------->B
EPOCH:: 145, Loss: 10.850627, Cycle Loss: 0.519980, MSE: 1273783.033574, RMSE: 1128.619969, MAE: 562.647174, rot_MSE: 964904.375000, rot_RMSE: 982.295471, rot_MAE: 849.650818, trans_MSE: 3.707834, trans_RMSE: 1.925574, trans_MAE: 0.854741
B--------->A
EPOCH:: 145, Loss: 10.850627, MSE: 1273785.075478, RMSE: 1128.620873, MAE: 557.247307, rot_MSE: 964922.687500, rot_RMSE: 982.304810, rot_MAE: 849.649963, trans_MSE: 0.944395, trans_RMSE: 0.971800, trans_MAE: 0.607737
==BEST TEST==
A--------->B
EPOCH:: 145, Loss: 10.850627, Cycle Loss: 0.519980, MSE: 1273783.033574, RMSE: 1128.619969, MAE: 562.647174, rot_MSE: 964904.375000, rot_RMSE: 982.295471, rot_MAE: 849.650818, trans_MSE: 3.707834, trans_RMSE: 1.925574, trans_MAE: 0.854741
B--------->A
EPOCH:: 145, Loss: 10.850627, MSE: 1273785.075478, RMSE: 1128.620873, MAE: 557.247307, rot_MSE: 964922.687500, rot_RMSE: 982.304810, rot_MAE: 849.649963, trans_MSE: 0.944395, trans_RMSE: 0.971800, trans_MAE: 0.607737
==TRAIN==
A--------->B
EPOCH:: 146, Loss: 6.036917, Cycle Loss:, 0.088274, MSE: 1318542.334965, RMSE: 1148.277987, MAE: 587.526252, rot_MSE: 970138.375000, rot_RMSE: 984.956055, rot_MAE: 855.509338, trans_MSE: 0.427512, trans_RMSE: 0.653844, trans_MAE: 0.349955
B--------->A
EPOCH:: 146, Loss: 6.036917, MSE: 1318543.494327, RMSE: 1148.278492, MAE: 585.735071, rot_MSE: 970144.375000, rot_RMSE: 984.959045, rot_MAE: 855.511414, trans_MSE: 0.324571, trans_RMSE: 0.569711, trans_MAE: 0.395689
==TEST==
A--------->B
EPOCH:: 146, Loss: 9.928061, Cycle Loss: 0.624953, MSE: 1273884.711131, RMSE: 1128.665013, MAE: 562.762575, rot_MSE: 964757.500000, rot_RMSE: 982.220703, rot_MAE: 849.786865, trans_MSE: 3.068992, trans_RMSE: 1.751854, trans_MAE: 0.696427
B--------->A
EPOCH:: 146, Loss: 9.928061, MSE: 1273887.672521, RMSE: 1128.666325, MAE: 558.657627, rot_MSE: 964776.187500, rot_RMSE: 982.230225, rot_MAE: 849.789246, trans_MSE: 1.933231, trans_RMSE: 1.390407, trans_MAE: 0.585352
==BEST TEST==
A--------->B
EPOCH:: 146, Loss: 9.928061, Cycle Loss: 0.624953, MSE: 1273884.711131, RMSE: 1128.665013, MAE: 562.762575, rot_MSE: 964757.500000, rot_RMSE: 982.220703, rot_MAE: 849.786865, trans_MSE: 3.068992, trans_RMSE: 1.751854, trans_MAE: 0.696427
B--------->A
EPOCH:: 146, Loss: 9.928061, MSE: 1273887.672521, RMSE: 1128.666325, MAE: 558.657627, rot_MSE: 964776.187500, rot_RMSE: 982.230225, rot_MAE: 849.789246, trans_MSE: 1.933231, trans_RMSE: 1.390407, trans_MAE: 0.585352
==TRAIN==
A--------->B
EPOCH:: 147, Loss: 5.849301, Cycle Loss:, 0.051371, MSE: 1319560.520909, RMSE: 1148.721255, MAE: 587.776640, rot_MSE: 969912.312500, rot_RMSE: 984.841248, rot_MAE: 855.614441, trans_MSE: 0.274340, trans_RMSE: 0.523774, trans_MAE: 0.289974
B--------->A
EPOCH:: 147, Loss: 5.849301, MSE: 1319560.474682, RMSE: 1148.721235, MAE: 586.004195, rot_MSE: 969910.187500, rot_RMSE: 984.840210, rot_MAE: 855.613098, trans_MSE: 0.215863, trans_RMSE: 0.464610, trans_MAE: 0.331975
==TEST==
A--------->B
EPOCH:: 147, Loss: 7.267694, Cycle Loss: 0.184696, MSE: 1274035.048489, RMSE: 1128.731610, MAE: 562.664436, rot_MSE: 965000.812500, rot_RMSE: 982.344543, rot_MAE: 849.879578, trans_MSE: 1.089722, trans_RMSE: 1.043898, trans_MAE: 0.373638
B--------->A
EPOCH:: 147, Loss: 7.267694, MSE: 1274036.800039, RMSE: 1128.732386, MAE: 557.794945, rot_MSE: 965014.062500, rot_RMSE: 982.351318, rot_MAE: 849.881042, trans_MSE: 0.413517, trans_RMSE: 0.643053, trans_MAE: 0.355816
==BEST TEST==
A--------->B
EPOCH:: 147, Loss: 7.267694, Cycle Loss: 0.184696, MSE: 1274035.048489, RMSE: 1128.731610, MAE: 562.664436, rot_MSE: 965000.812500, rot_RMSE: 982.344543, rot_MAE: 849.879578, trans_MSE: 1.089722, trans_RMSE: 1.043898, trans_MAE: 0.373638
B--------->A
EPOCH:: 147, Loss: 7.267694, MSE: 1274036.800039, RMSE: 1128.732386, MAE: 557.794945, rot_MSE: 965014.062500, rot_RMSE: 982.351318, rot_MAE: 849.881042, trans_MSE: 0.413517, trans_RMSE: 0.643053, trans_MAE: 0.355816
==TRAIN==
A--------->B
EPOCH:: 148, Loss: 5.610829, Cycle Loss:, 0.037176, MSE: 1311532.266111, RMSE: 1145.221492, MAE: 586.187266, rot_MSE: 969890.625000, rot_RMSE: 984.830261, rot_MAE: 855.412415, trans_MSE: 0.153080, trans_RMSE: 0.391255, trans_MAE: 0.243931
B--------->A
EPOCH:: 148, Loss: 5.610829, MSE: 1311532.127140, RMSE: 1145.221431, MAE: 584.824088, rot_MSE: 969891.250000, rot_RMSE: 984.830566, rot_MAE: 855.412231, trans_MSE: 0.183557, trans_RMSE: 0.428435, trans_MAE: 0.315075
==TEST==
A--------->B
EPOCH:: 148, Loss: 17.053971, Cycle Loss: 1.835897, MSE: 1274055.820377, RMSE: 1128.740812, MAE: 562.964660, rot_MSE: 964862.437500, rot_RMSE: 982.274109, rot_MAE: 849.795959, trans_MSE: 9.040754, trans_RMSE: 3.006785, trans_MAE: 0.866064
B--------->A
EPOCH:: 148, Loss: 17.053971, MSE: 1274055.600659, RMSE: 1128.740715, MAE: 559.279734, rot_MSE: 964897.312500, rot_RMSE: 982.291870, rot_MAE: 849.798584, trans_MSE: 4.211825, trans_RMSE: 2.052273, trans_MAE: 0.627074
==BEST TEST==
A--------->B
EPOCH:: 148, Loss: 7.267694, Cycle Loss: 0.184696, MSE: 1274035.048489, RMSE: 1128.731610, MAE: 562.664436, rot_MSE: 965000.812500, rot_RMSE: 982.344543, rot_MAE: 849.879578, trans_MSE: 1.089722, trans_RMSE: 1.043898, trans_MAE: 0.373638
B--------->A
EPOCH:: 148, Loss: 7.267694, MSE: 1274036.800039, RMSE: 1128.732386, MAE: 557.794945, rot_MSE: 965014.062500, rot_RMSE: 982.351318, rot_MAE: 849.881042, trans_MSE: 0.413517, trans_RMSE: 0.643053, trans_MAE: 0.355816
==TRAIN==
A--------->B
EPOCH:: 149, Loss: 5.594707, Cycle Loss:, 0.031220, MSE: 1319292.264231, RMSE: 1148.604486, MAE: 587.819307, rot_MSE: 970134.312500, rot_RMSE: 984.953979, rot_MAE: 855.489258, trans_MSE: 0.113846, trans_RMSE: 0.337411, trans_MAE: 0.230382
B--------->A
EPOCH:: 149, Loss: 5.594707, MSE: 1319291.939315, RMSE: 1148.604344, MAE: 586.026189, rot_MSE: 970133.312500, rot_RMSE: 984.953430, rot_MAE: 855.488770, trans_MSE: 0.157633, trans_RMSE: 0.397031, trans_MAE: 0.296356
==TEST==
A--------->B
EPOCH:: 149, Loss: 8.245241, Cycle Loss: 0.287507, MSE: 1275137.387590, RMSE: 1129.219814, MAE: 562.747023, rot_MSE: 964704.500000, rot_RMSE: 982.193726, rot_MAE: 849.738220, trans_MSE: 1.747186, trans_RMSE: 1.321812, trans_MAE: 0.531857
B--------->A
EPOCH:: 149, Loss: 8.245241, MSE: 1275137.565987, RMSE: 1129.219893, MAE: 557.768147, rot_MSE: 964745.875000, rot_RMSE: 982.214783, rot_MAE: 849.742065, trans_MSE: 0.649033, trans_RMSE: 0.805626, trans_MAE: 0.449719
==BEST TEST==
A--------->B
EPOCH:: 149, Loss: 7.267694, Cycle Loss: 0.184696, MSE: 1274035.048489, RMSE: 1128.731610, MAE: 562.664436, rot_MSE: 965000.812500, rot_RMSE: 982.344543, rot_MAE: 849.879578, trans_MSE: 1.089722, trans_RMSE: 1.043898, trans_MAE: 0.373638
B--------->A
EPOCH:: 149, Loss: 7.267694, MSE: 1274036.800039, RMSE: 1128.732386, MAE: 557.794945, rot_MSE: 965014.062500, rot_RMSE: 982.351318, rot_MAE: 849.881042, trans_MSE: 0.413517, trans_RMSE: 0.643053, trans_MAE: 0.355816
==TRAIN==
A--------->B
EPOCH:: 150, Loss: 5.520146, Cycle Loss:, 0.034360, MSE: 1319267.460030, RMSE: 1148.593688, MAE: 587.780502, rot_MSE: 970567.812500, rot_RMSE: 985.174011, rot_MAE: 855.699524, trans_MSE: 0.131731, trans_RMSE: 0.362947, trans_MAE: 0.234531
B--------->A
EPOCH:: 150, Loss: 5.520146, MSE: 1319266.942752, RMSE: 1148.593463, MAE: 585.978543, rot_MSE: 970569.312500, rot_RMSE: 985.174744, rot_MAE: 855.700012, trans_MSE: 0.182039, trans_RMSE: 0.426661, trans_MAE: 0.311075
==TEST==
A--------->B
EPOCH:: 150, Loss: 8.961582, Cycle Loss: 0.344269, MSE: 1274161.505940, RMSE: 1128.787627, MAE: 562.781640, rot_MSE: 964973.687500, rot_RMSE: 982.330750, rot_MAE: 849.929382, trans_MSE: 2.267753, trans_RMSE: 1.505906, trans_MAE: 0.562595
B--------->A
EPOCH:: 150, Loss: 8.961582, MSE: 1274160.924135, RMSE: 1128.787369, MAE: 557.845090, rot_MSE: 964990.562500, rot_RMSE: 982.339355, rot_MAE: 849.929382, trans_MSE: 0.683889, trans_RMSE: 0.826976, trans_MAE: 0.457004
==BEST TEST==
A--------->B
EPOCH:: 150, Loss: 7.267694, Cycle Loss: 0.184696, MSE: 1274035.048489, RMSE: 1128.731610, MAE: 562.664436, rot_MSE: 965000.812500, rot_RMSE: 982.344543, rot_MAE: 849.879578, trans_MSE: 1.089722, trans_RMSE: 1.043898, trans_MAE: 0.373638
B--------->A
EPOCH:: 150, Loss: 7.267694, MSE: 1274036.800039, RMSE: 1128.732386, MAE: 557.794945, rot_MSE: 965014.062500, rot_RMSE: 982.351318, rot_MAE: 849.881042, trans_MSE: 0.413517, trans_RMSE: 0.643053, trans_MAE: 0.355816
==TRAIN==
A--------->B
EPOCH:: 151, Loss: 5.567015, Cycle Loss:, 0.032645, MSE: 1319149.069567, RMSE: 1148.542150, MAE: 587.742797, rot_MSE: 969791.562500, rot_RMSE: 984.779968, rot_MAE: 855.464233, trans_MSE: 0.131041, trans_RMSE: 0.361996, trans_MAE: 0.232931
B--------->A
EPOCH:: 151, Loss: 5.567015, MSE: 1319148.196285, RMSE: 1148.541769, MAE: 586.355600, rot_MSE: 969792.187500, rot_RMSE: 984.780273, rot_MAE: 855.464355, trans_MSE: 0.172633, trans_RMSE: 0.415491, trans_MAE: 0.298216
==TEST==
A--------->B
EPOCH:: 151, Loss: 10.324324, Cycle Loss: 0.656849, MSE: 1274425.431883, RMSE: 1128.904527, MAE: 562.660315, rot_MSE: 964959.312500, rot_RMSE: 982.323425, rot_MAE: 849.807922, trans_MSE: 3.456032, trans_RMSE: 1.859041, trans_MAE: 0.645846
B--------->A
EPOCH:: 151, Loss: 10.324324, MSE: 1274427.313017, RMSE: 1128.905361, MAE: 558.549457, rot_MSE: 964980.625000, rot_RMSE: 982.334290, rot_MAE: 849.807495, trans_MSE: 1.477345, trans_RMSE: 1.215461, trans_MAE: 0.505702
==BEST TEST==
A--------->B
EPOCH:: 151, Loss: 7.267694, Cycle Loss: 0.184696, MSE: 1274035.048489, RMSE: 1128.731610, MAE: 562.664436, rot_MSE: 965000.812500, rot_RMSE: 982.344543, rot_MAE: 849.879578, trans_MSE: 1.089722, trans_RMSE: 1.043898, trans_MAE: 0.373638
B--------->A
EPOCH:: 151, Loss: 7.267694, MSE: 1274036.800039, RMSE: 1128.732386, MAE: 557.794945, rot_MSE: 965014.062500, rot_RMSE: 982.351318, rot_MAE: 849.881042, trans_MSE: 0.413517, trans_RMSE: 0.643053, trans_MAE: 0.355816
==TRAIN==
A--------->B
EPOCH:: 152, Loss: 5.553907, Cycle Loss:, 0.033142, MSE: 1319070.328903, RMSE: 1148.507871, MAE: 587.885684, rot_MSE: 969627.437500, rot_RMSE: 984.696594, rot_MAE: 855.190369, trans_MSE: 0.136609, trans_RMSE: 0.369607, trans_MAE: 0.233667
B--------->A
EPOCH:: 152, Loss: 5.553907, MSE: 1319069.986320, RMSE: 1148.507721, MAE: 586.624350, rot_MSE: 969628.125000, rot_RMSE: 984.696960, rot_MAE: 855.190613, trans_MSE: 0.159215, trans_RMSE: 0.399017, trans_MAE: 0.296846
==TEST==
A--------->B
EPOCH:: 152, Loss: 13.109529, Cycle Loss: 1.032235, MSE: 1274042.162642, RMSE: 1128.734762, MAE: 562.737941, rot_MSE: 964875.125000, rot_RMSE: 982.280579, rot_MAE: 849.883972, trans_MSE: 5.927577, trans_RMSE: 2.434662, trans_MAE: 0.765579
B--------->A
EPOCH:: 152, Loss: 13.109529, MSE: 1274042.074638, RMSE: 1128.734723, MAE: 558.479489, rot_MSE: 964897.437500, rot_RMSE: 982.291931, rot_MAE: 849.883789, trans_MSE: 2.196569, trans_RMSE: 1.482083, trans_MAE: 0.555876
==BEST TEST==
A--------->B
EPOCH:: 152, Loss: 7.267694, Cycle Loss: 0.184696, MSE: 1274035.048489, RMSE: 1128.731610, MAE: 562.664436, rot_MSE: 965000.812500, rot_RMSE: 982.344543, rot_MAE: 849.879578, trans_MSE: 1.089722, trans_RMSE: 1.043898, trans_MAE: 0.373638
B--------->A
EPOCH:: 152, Loss: 7.267694, MSE: 1274036.800039, RMSE: 1128.732386, MAE: 557.794945, rot_MSE: 965014.062500, rot_RMSE: 982.351318, rot_MAE: 849.881042, trans_MSE: 0.413517, trans_RMSE: 0.643053, trans_MAE: 0.355816
==TRAIN==
A--------->B
EPOCH:: 153, Loss: 5.539880, Cycle Loss:, 0.042326, MSE: 1318561.880770, RMSE: 1148.286498, MAE: 587.543385, rot_MSE: 970184.437500, rot_RMSE: 984.979431, rot_MAE: 855.472168, trans_MSE: 0.198448, trans_RMSE: 0.445475, trans_MAE: 0.251084
B--------->A
EPOCH:: 153, Loss: 5.539880, MSE: 1318561.985769, RMSE: 1148.286543, MAE: 585.767530, rot_MSE: 970187.312500, rot_RMSE: 984.980896, rot_MAE: 855.473022, trans_MSE: 0.170724, trans_RMSE: 0.413187, trans_MAE: 0.307612
==TEST==
A--------->B
EPOCH:: 153, Loss: 9.506074, Cycle Loss: 0.534677, MSE: 1274830.940341, RMSE: 1129.084116, MAE: 562.725727, rot_MSE: 965293.125000, rot_RMSE: 982.493347, rot_MAE: 850.046631, trans_MSE: 3.053153, trans_RMSE: 1.747327, trans_MAE: 0.637912
B--------->A
EPOCH:: 153, Loss: 9.506074, MSE: 1274831.812758, RMSE: 1129.084502, MAE: 559.357168, rot_MSE: 965318.625000, rot_RMSE: 982.506287, rot_MAE: 850.051758, trans_MSE: 1.178039, trans_RMSE: 1.085375, trans_MAE: 0.502450
==BEST TEST==
A--------->B
EPOCH:: 153, Loss: 7.267694, Cycle Loss: 0.184696, MSE: 1274035.048489, RMSE: 1128.731610, MAE: 562.664436, rot_MSE: 965000.812500, rot_RMSE: 982.344543, rot_MAE: 849.879578, trans_MSE: 1.089722, trans_RMSE: 1.043898, trans_MAE: 0.373638
B--------->A
EPOCH:: 153, Loss: 7.267694, MSE: 1274036.800039, RMSE: 1128.732386, MAE: 557.794945, rot_MSE: 965014.062500, rot_RMSE: 982.351318, rot_MAE: 849.881042, trans_MSE: 0.413517, trans_RMSE: 0.643053, trans_MAE: 0.355816
==TRAIN==
A--------->B
EPOCH:: 154, Loss: 5.409164, Cycle Loss:, 0.031153, MSE: 1318981.947484, RMSE: 1148.469393, MAE: 587.720477, rot_MSE: 970497.437500, rot_RMSE: 985.138306, rot_MAE: 855.901123, trans_MSE: 0.120074, trans_RMSE: 0.346517, trans_MAE: 0.227614
B--------->A
EPOCH:: 154, Loss: 5.409164, MSE: 1318982.034589, RMSE: 1148.469431, MAE: 585.497775, rot_MSE: 970498.812500, rot_RMSE: 985.138977, rot_MAE: 855.901611, trans_MSE: 0.152234, trans_RMSE: 0.390171, trans_MAE: 0.291585
==TEST==
A--------->B
EPOCH:: 154, Loss: 12.180671, Cycle Loss: 0.969293, MSE: 1274058.807528, RMSE: 1128.742135, MAE: 562.579914, rot_MSE: 964407.687500, rot_RMSE: 982.042603, rot_MAE: 849.741028, trans_MSE: 5.096607, trans_RMSE: 2.257567, trans_MAE: 0.795271
B--------->A
EPOCH:: 154, Loss: 12.180671, MSE: 1274061.076705, RMSE: 1128.743140, MAE: 558.867166, rot_MSE: 964437.000000, rot_RMSE: 982.057556, rot_MAE: 849.743958, trans_MSE: 2.505292, trans_RMSE: 1.582811, trans_MAE: 0.604239
==BEST TEST==
A--------->B
EPOCH:: 154, Loss: 7.267694, Cycle Loss: 0.184696, MSE: 1274035.048489, RMSE: 1128.731610, MAE: 562.664436, rot_MSE: 965000.812500, rot_RMSE: 982.344543, rot_MAE: 849.879578, trans_MSE: 1.089722, trans_RMSE: 1.043898, trans_MAE: 0.373638
B--------->A
EPOCH:: 154, Loss: 7.267694, MSE: 1274036.800039, RMSE: 1128.732386, MAE: 557.794945, rot_MSE: 965014.062500, rot_RMSE: 982.351318, rot_MAE: 849.881042, trans_MSE: 0.413517, trans_RMSE: 0.643053, trans_MAE: 0.355816
==TRAIN==
A--------->B
EPOCH:: 155, Loss: 5.492232, Cycle Loss:, 0.028853, MSE: 1312659.346343, RMSE: 1145.713466, MAE: 586.145627, rot_MSE: 970315.437500, rot_RMSE: 985.045898, rot_MAE: 855.546692, trans_MSE: 0.116335, trans_RMSE: 0.341079, trans_MAE: 0.221754
B--------->A
EPOCH:: 155, Loss: 5.492232, MSE: 1312659.106360, RMSE: 1145.713361, MAE: 584.976603, rot_MSE: 970315.750000, rot_RMSE: 985.046082, rot_MAE: 855.546692, trans_MSE: 0.156108, trans_RMSE: 0.395105, trans_MAE: 0.294920
==TEST==
A--------->B
EPOCH:: 155, Loss: 7.412338, Cycle Loss: 0.245476, MSE: 1274874.921940, RMSE: 1129.103592, MAE: 562.707398, rot_MSE: 964847.937500, rot_RMSE: 982.266724, rot_MAE: 849.823608, trans_MSE: 1.224676, trans_RMSE: 1.106651, trans_MAE: 0.429817
B--------->A
EPOCH:: 155, Loss: 7.412338, MSE: 1274877.235537, RMSE: 1129.104617, MAE: 558.333694, rot_MSE: 964870.375000, rot_RMSE: 982.278137, rot_MAE: 849.827332, trans_MSE: 0.622244, trans_RMSE: 0.788824, trans_MAE: 0.397597
==BEST TEST==
A--------->B
EPOCH:: 155, Loss: 7.267694, Cycle Loss: 0.184696, MSE: 1274035.048489, RMSE: 1128.731610, MAE: 562.664436, rot_MSE: 965000.812500, rot_RMSE: 982.344543, rot_MAE: 849.879578, trans_MSE: 1.089722, trans_RMSE: 1.043898, trans_MAE: 0.373638
B--------->A
EPOCH:: 155, Loss: 7.267694, MSE: 1274036.800039, RMSE: 1128.732386, MAE: 557.794945, rot_MSE: 965014.062500, rot_RMSE: 982.351318, rot_MAE: 849.881042, trans_MSE: 0.413517, trans_RMSE: 0.643053, trans_MAE: 0.355816
==TRAIN==
A--------->B
EPOCH:: 156, Loss: 5.539750, Cycle Loss:, 0.029116, MSE: 1307804.320086, RMSE: 1143.592725, MAE: 585.548538, rot_MSE: 970874.250000, rot_RMSE: 985.329529, rot_MAE: 856.051270, trans_MSE: 0.108455, trans_RMSE: 0.329325, trans_MAE: 0.223130
B--------->A
EPOCH:: 156, Loss: 5.539750, MSE: 1307804.583895, RMSE: 1143.592840, MAE: 583.735479, rot_MSE: 970873.875000, rot_RMSE: 985.329346, rot_MAE: 856.050903, trans_MSE: 0.161589, trans_RMSE: 0.401981, trans_MAE: 0.298787
==TEST==
A--------->B
EPOCH:: 156, Loss: 17.057665, Cycle Loss: 1.591268, MSE: 1274183.226111, RMSE: 1128.797248, MAE: 562.889094, rot_MSE: 964279.625000, rot_RMSE: 981.977417, rot_MAE: 849.672791, trans_MSE: 8.999835, trans_RMSE: 2.999973, trans_MAE: 1.038978
B--------->A
EPOCH:: 156, Loss: 17.057665, MSE: 1274184.384491, RMSE: 1128.797761, MAE: 559.999221, rot_MSE: 964315.437500, rot_RMSE: 981.995667, rot_MAE: 849.671753, trans_MSE: 3.444441, trans_RMSE: 1.855921, trans_MAE: 0.736231
==BEST TEST==
A--------->B
EPOCH:: 156, Loss: 7.267694, Cycle Loss: 0.184696, MSE: 1274035.048489, RMSE: 1128.731610, MAE: 562.664436, rot_MSE: 965000.812500, rot_RMSE: 982.344543, rot_MAE: 849.879578, trans_MSE: 1.089722, trans_RMSE: 1.043898, trans_MAE: 0.373638
B--------->A
EPOCH:: 156, Loss: 7.267694, MSE: 1274036.800039, RMSE: 1128.732386, MAE: 557.794945, rot_MSE: 965014.062500, rot_RMSE: 982.351318, rot_MAE: 849.881042, trans_MSE: 0.413517, trans_RMSE: 0.643053, trans_MAE: 0.355816
==TRAIN==
A--------->B
EPOCH:: 157, Loss: 5.471842, Cycle Loss:, 0.029244, MSE: 1318612.110899, RMSE: 1148.308369, MAE: 587.456972, rot_MSE: 970829.875000, rot_RMSE: 985.307007, rot_MAE: 855.973877, trans_MSE: 0.111140, trans_RMSE: 0.333377, trans_MAE: 0.223762
B--------->A
EPOCH:: 157, Loss: 5.471842, MSE: 1318612.033811, RMSE: 1148.308336, MAE: 585.711152, rot_MSE: 970829.875000, rot_RMSE: 985.307007, rot_MAE: 855.973267, trans_MSE: 0.159192, trans_RMSE: 0.398989, trans_MAE: 0.292823
==TEST==
A--------->B
EPOCH:: 157, Loss: 9.914917, Cycle Loss: 0.582600, MSE: 1274188.232632, RMSE: 1128.799465, MAE: 562.611552, rot_MSE: 964980.375000, rot_RMSE: 982.334167, rot_MAE: 849.864990, trans_MSE: 3.291080, trans_RMSE: 1.814134, trans_MAE: 0.610528
B--------->A
EPOCH:: 157, Loss: 9.914917, MSE: 1274190.411867, RMSE: 1128.800430, MAE: 559.001002, rot_MSE: 965012.187500, rot_RMSE: 982.350342, rot_MAE: 849.867310, trans_MSE: 1.331658, trans_RMSE: 1.153975, trans_MAE: 0.477490
==BEST TEST==
A--------->B
EPOCH:: 157, Loss: 7.267694, Cycle Loss: 0.184696, MSE: 1274035.048489, RMSE: 1128.731610, MAE: 562.664436, rot_MSE: 965000.812500, rot_RMSE: 982.344543, rot_MAE: 849.879578, trans_MSE: 1.089722, trans_RMSE: 1.043898, trans_MAE: 0.373638
B--------->A
EPOCH:: 157, Loss: 7.267694, MSE: 1274036.800039, RMSE: 1128.732386, MAE: 557.794945, rot_MSE: 965014.062500, rot_RMSE: 982.351318, rot_MAE: 849.881042, trans_MSE: 0.413517, trans_RMSE: 0.643053, trans_MAE: 0.355816
==TRAIN==
A--------->B
EPOCH:: 158, Loss: 5.420749, Cycle Loss:, 0.026152, MSE: 1319201.761249, RMSE: 1148.565088, MAE: 587.965768, rot_MSE: 970244.250000, rot_RMSE: 985.009766, rot_MAE: 855.587402, trans_MSE: 0.098145, trans_RMSE: 0.313280, trans_MAE: 0.215273
B--------->A
EPOCH:: 158, Loss: 5.420749, MSE: 1319201.796810, RMSE: 1148.565103, MAE: 586.319216, rot_MSE: 970245.500000, rot_RMSE: 985.010376, rot_MAE: 855.587769, trans_MSE: 0.147585, trans_RMSE: 0.384168, trans_MAE: 0.292822
==TEST==
A--------->B
EPOCH:: 158, Loss: 8.986715, Cycle Loss: 0.328444, MSE: 1274676.233471, RMSE: 1129.015604, MAE: 562.808595, rot_MSE: 964752.375000, rot_RMSE: 982.218079, rot_MAE: 849.870667, trans_MSE: 2.229492, trans_RMSE: 1.493148, trans_MAE: 0.609847
B--------->A
EPOCH:: 158, Loss: 8.986715, MSE: 1274677.888946, RMSE: 1129.016337, MAE: 558.359834, rot_MSE: 964773.000000, rot_RMSE: 982.228577, rot_MAE: 849.868958, trans_MSE: 0.624801, trans_RMSE: 0.790444, trans_MAE: 0.491355
==BEST TEST==
A--------->B
EPOCH:: 158, Loss: 7.267694, Cycle Loss: 0.184696, MSE: 1274035.048489, RMSE: 1128.731610, MAE: 562.664436, rot_MSE: 965000.812500, rot_RMSE: 982.344543, rot_MAE: 849.879578, trans_MSE: 1.089722, trans_RMSE: 1.043898, trans_MAE: 0.373638
B--------->A
EPOCH:: 158, Loss: 7.267694, MSE: 1274036.800039, RMSE: 1128.732386, MAE: 557.794945, rot_MSE: 965014.062500, rot_RMSE: 982.351318, rot_MAE: 849.881042, trans_MSE: 0.413517, trans_RMSE: 0.643053, trans_MAE: 0.355816
==TRAIN==
A--------->B
EPOCH:: 159, Loss: 5.483548, Cycle Loss:, 0.028990, MSE: 1318958.308545, RMSE: 1148.459102, MAE: 587.711075, rot_MSE: 969426.000000, rot_RMSE: 984.594360, rot_MAE: 855.042725, trans_MSE: 0.107820, trans_RMSE: 0.328360, trans_MAE: 0.222569
B--------->A
EPOCH:: 159, Loss: 5.483548, MSE: 1318957.921162, RMSE: 1148.458933, MAE: 585.962530, rot_MSE: 969426.937500, rot_RMSE: 984.594788, rot_MAE: 855.043030, trans_MSE: 0.164174, trans_RMSE: 0.405184, trans_MAE: 0.294948
==TEST==
A--------->B
EPOCH:: 159, Loss: 12.463868, Cycle Loss: 1.181972, MSE: 1274112.443053, RMSE: 1128.765894, MAE: 562.530158, rot_MSE: 965033.937500, rot_RMSE: 982.361389, rot_MAE: 849.940796, trans_MSE: 5.450037, trans_RMSE: 2.334532, trans_MAE: 0.694723
B--------->A
EPOCH:: 159, Loss: 12.463868, MSE: 1274116.241154, RMSE: 1128.767576, MAE: 559.907455, rot_MSE: 965062.000000, rot_RMSE: 982.375671, rot_MAE: 849.944397, trans_MSE: 2.949853, trans_RMSE: 1.717514, trans_MAE: 0.531889
==BEST TEST==
A--------->B
EPOCH:: 159, Loss: 7.267694, Cycle Loss: 0.184696, MSE: 1274035.048489, RMSE: 1128.731610, MAE: 562.664436, rot_MSE: 965000.812500, rot_RMSE: 982.344543, rot_MAE: 849.879578, trans_MSE: 1.089722, trans_RMSE: 1.043898, trans_MAE: 0.373638
B--------->A
EPOCH:: 159, Loss: 7.267694, MSE: 1274036.800039, RMSE: 1128.732386, MAE: 557.794945, rot_MSE: 965014.062500, rot_RMSE: 982.351318, rot_MAE: 849.881042, trans_MSE: 0.413517, trans_RMSE: 0.643053, trans_MAE: 0.355816
==TRAIN==
A--------->B
EPOCH:: 160, Loss: 5.467424, Cycle Loss:, 0.026459, MSE: 1318833.669898, RMSE: 1148.404837, MAE: 587.781647, rot_MSE: 969252.750000, rot_RMSE: 984.506348, rot_MAE: 854.986511, trans_MSE: 0.105024, trans_RMSE: 0.324075, trans_MAE: 0.216468
B--------->A
EPOCH:: 160, Loss: 5.467424, MSE: 1318833.723126, RMSE: 1148.404860, MAE: 586.393442, rot_MSE: 969252.375000, rot_RMSE: 984.506165, rot_MAE: 854.986145, trans_MSE: 0.150344, trans_RMSE: 0.387742, trans_MAE: 0.291068
==TEST==
A--------->B
EPOCH:: 160, Loss: 49.161887, Cycle Loss: 7.799973, MSE: 1273707.593233, RMSE: 1128.586547, MAE: 563.325080, rot_MSE: 964356.875000, rot_RMSE: 982.016724, rot_MAE: 849.612366, trans_MSE: 35.074818, trans_RMSE: 5.922400, trans_MAE: 1.561065
B--------->A
EPOCH:: 160, Loss: 49.161887, MSE: 1273703.770661, RMSE: 1128.584853, MAE: 559.368230, rot_MSE: 964391.687500, rot_RMSE: 982.034485, rot_MAE: 849.616333, trans_MSE: 22.144764, trans_RMSE: 4.705822, trans_MAE: 1.080784
==BEST TEST==
A--------->B
EPOCH:: 160, Loss: 7.267694, Cycle Loss: 0.184696, MSE: 1274035.048489, RMSE: 1128.731610, MAE: 562.664436, rot_MSE: 965000.812500, rot_RMSE: 982.344543, rot_MAE: 849.879578, trans_MSE: 1.089722, trans_RMSE: 1.043898, trans_MAE: 0.373638
B--------->A
EPOCH:: 160, Loss: 7.267694, MSE: 1274036.800039, RMSE: 1128.732386, MAE: 557.794945, rot_MSE: 965014.062500, rot_RMSE: 982.351318, rot_MAE: 849.881042, trans_MSE: 0.413517, trans_RMSE: 0.643053, trans_MAE: 0.355816
==TRAIN==
A--------->B
EPOCH:: 161, Loss: 5.435074, Cycle Loss:, 0.027241, MSE: 1309472.940547, RMSE: 1144.322044, MAE: 586.049450, rot_MSE: 971178.687500, rot_RMSE: 985.484009, rot_MAE: 856.130005, trans_MSE: 0.111219, trans_RMSE: 0.333495, trans_MAE: 0.220906
B--------->A
EPOCH:: 161, Loss: 5.435074, MSE: 1309473.074494, RMSE: 1144.322103, MAE: 585.257886, rot_MSE: 971179.125000, rot_RMSE: 985.484192, rot_MAE: 856.129822, trans_MSE: 0.156709, trans_RMSE: 0.395865, trans_MAE: 0.292894
==TEST==
A--------->B
EPOCH:: 161, Loss: 9.841851, Cycle Loss: 0.652368, MSE: 1274701.375129, RMSE: 1129.026738, MAE: 562.680867, rot_MSE: 964858.812500, rot_RMSE: 982.272278, rot_MAE: 849.755310, trans_MSE: 3.125789, trans_RMSE: 1.767990, trans_MAE: 0.612413
B--------->A
EPOCH:: 161, Loss: 9.841851, MSE: 1274704.042033, RMSE: 1129.027919, MAE: 558.225872, rot_MSE: 964897.875000, rot_RMSE: 982.292175, rot_MAE: 849.758423, trans_MSE: 1.571242, trans_RMSE: 1.253492, trans_MAE: 0.503677
==BEST TEST==
A--------->B
EPOCH:: 161, Loss: 7.267694, Cycle Loss: 0.184696, MSE: 1274035.048489, RMSE: 1128.731610, MAE: 562.664436, rot_MSE: 965000.812500, rot_RMSE: 982.344543, rot_MAE: 849.879578, trans_MSE: 1.089722, trans_RMSE: 1.043898, trans_MAE: 0.373638
B--------->A
EPOCH:: 161, Loss: 7.267694, MSE: 1274036.800039, RMSE: 1128.732386, MAE: 557.794945, rot_MSE: 965014.062500, rot_RMSE: 982.351318, rot_MAE: 849.881042, trans_MSE: 0.413517, trans_RMSE: 0.643053, trans_MAE: 0.355816
==TRAIN==
A--------->B
EPOCH:: 162, Loss: 5.447017, Cycle Loss:, 0.029300, MSE: 1313122.680077, RMSE: 1145.915651, MAE: 586.207534, rot_MSE: 970296.625000, rot_RMSE: 985.036377, rot_MAE: 855.581970, trans_MSE: 0.119151, trans_RMSE: 0.345182, trans_MAE: 0.222728
B--------->A
EPOCH:: 162, Loss: 5.447017, MSE: 1313122.594074, RMSE: 1145.915614, MAE: 584.264421, rot_MSE: 970297.562500, rot_RMSE: 985.036804, rot_MAE: 855.582031, trans_MSE: 0.155962, trans_RMSE: 0.394920, trans_MAE: 0.285868
==TEST==
A--------->B
EPOCH:: 162, Loss: 7.157507, Cycle Loss: 0.185888, MSE: 1275734.990767, RMSE: 1129.484392, MAE: 562.669052, rot_MSE: 965144.875000, rot_RMSE: 982.417847, rot_MAE: 849.897400, trans_MSE: 0.990868, trans_RMSE: 0.995424, trans_MAE: 0.416629
B--------->A
EPOCH:: 162, Loss: 7.157507, MSE: 1275735.964747, RMSE: 1129.484823, MAE: 559.133644, rot_MSE: 965175.125000, rot_RMSE: 982.433289, rot_MAE: 849.900635, trans_MSE: 0.462194, trans_RMSE: 0.679849, trans_MAE: 0.394646
==BEST TEST==
A--------->B
EPOCH:: 162, Loss: 7.157507, Cycle Loss: 0.185888, MSE: 1275734.990767, RMSE: 1129.484392, MAE: 562.669052, rot_MSE: 965144.875000, rot_RMSE: 982.417847, rot_MAE: 849.897400, trans_MSE: 0.990868, trans_RMSE: 0.995424, trans_MAE: 0.416629
B--------->A
EPOCH:: 162, Loss: 7.157507, MSE: 1275735.964747, RMSE: 1129.484823, MAE: 559.133644, rot_MSE: 965175.125000, rot_RMSE: 982.433289, rot_MAE: 849.900635, trans_MSE: 0.462194, trans_RMSE: 0.679849, trans_MAE: 0.394646
==TRAIN==
A--------->B
EPOCH:: 163, Loss: 5.382449, Cycle Loss:, 0.028835, MSE: 1318884.410691, RMSE: 1148.426929, MAE: 587.582972, rot_MSE: 969822.375000, rot_RMSE: 984.795593, rot_MAE: 855.325195, trans_MSE: 0.108640, trans_RMSE: 0.329605, trans_MAE: 0.217988
B--------->A
EPOCH:: 163, Loss: 5.382449, MSE: 1318884.341351, RMSE: 1148.426899, MAE: 585.994067, rot_MSE: 969822.687500, rot_RMSE: 984.795776, rot_MAE: 855.325378, trans_MSE: 0.154838, trans_RMSE: 0.393495, trans_MAE: 0.292940
==TEST==
A--------->B
EPOCH:: 163, Loss: 94.370977, Cycle Loss: 18.375903, MSE: 1273670.255553, RMSE: 1128.570005, MAE: 563.546488, rot_MSE: 965033.500000, rot_RMSE: 982.361206, rot_MAE: 849.811096, trans_MSE: 69.877045, trans_RMSE: 8.359249, trans_MAE: 1.957484
B--------->A
EPOCH:: 163, Loss: 94.370977, MSE: 1273672.655927, RMSE: 1128.571068, MAE: 559.420989, rot_MSE: 965068.812500, rot_RMSE: 982.379150, rot_MAE: 849.820435, trans_MSE: 59.305313, trans_RMSE: 7.700994, trans_MAE: 1.438053
==BEST TEST==
A--------->B
EPOCH:: 163, Loss: 7.157507, Cycle Loss: 0.185888, MSE: 1275734.990767, RMSE: 1129.484392, MAE: 562.669052, rot_MSE: 965144.875000, rot_RMSE: 982.417847, rot_MAE: 849.897400, trans_MSE: 0.990868, trans_RMSE: 0.995424, trans_MAE: 0.416629
B--------->A
EPOCH:: 163, Loss: 7.157507, MSE: 1275735.964747, RMSE: 1129.484823, MAE: 559.133644, rot_MSE: 965175.125000, rot_RMSE: 982.433289, rot_MAE: 849.900635, trans_MSE: 0.462194, trans_RMSE: 0.679849, trans_MAE: 0.394646
==TRAIN==
A--------->B
EPOCH:: 164, Loss: 5.425286, Cycle Loss:, 0.030197, MSE: 1319552.996953, RMSE: 1148.717980, MAE: 588.236422, rot_MSE: 970661.375000, rot_RMSE: 985.221497, rot_MAE: 855.896240, trans_MSE: 0.122859, trans_RMSE: 0.350513, trans_MAE: 0.222964
B--------->A
EPOCH:: 164, Loss: 5.425286, MSE: 1319553.149831, RMSE: 1148.718046, MAE: 586.095957, rot_MSE: 970660.937500, rot_RMSE: 985.221252, rot_MAE: 855.895813, trans_MSE: 0.161939, trans_RMSE: 0.402416, trans_MAE: 0.296902
==TEST==
A--------->B
EPOCH:: 164, Loss: 11.732397, Cycle Loss: 0.755901, MSE: 1274266.923295, RMSE: 1128.834321, MAE: 562.663713, rot_MSE: 964883.062500, rot_RMSE: 982.284607, rot_MAE: 849.946350, trans_MSE: 4.807884, trans_RMSE: 2.192689, trans_MAE: 0.806536
B--------->A
EPOCH:: 164, Loss: 11.732397, MSE: 1274269.221139, RMSE: 1128.835338, MAE: 559.229535, rot_MSE: 964914.750000, rot_RMSE: 982.300720, rot_MAE: 849.946106, trans_MSE: 1.451409, trans_RMSE: 1.204744, trans_MAE: 0.580861
==BEST TEST==
A--------->B
EPOCH:: 164, Loss: 7.157507, Cycle Loss: 0.185888, MSE: 1275734.990767, RMSE: 1129.484392, MAE: 562.669052, rot_MSE: 965144.875000, rot_RMSE: 982.417847, rot_MAE: 849.897400, trans_MSE: 0.990868, trans_RMSE: 0.995424, trans_MAE: 0.416629
B--------->A
EPOCH:: 164, Loss: 7.157507, MSE: 1275735.964747, RMSE: 1129.484823, MAE: 559.133644, rot_MSE: 965175.125000, rot_RMSE: 982.433289, rot_MAE: 849.900635, trans_MSE: 0.462194, trans_RMSE: 0.679849, trans_MAE: 0.394646
==TRAIN==
A--------->B
EPOCH:: 165, Loss: 5.435393, Cycle Loss:, 0.026174, MSE: 1318708.789873, RMSE: 1148.350465, MAE: 587.725456, rot_MSE: 969884.687500, rot_RMSE: 984.827209, rot_MAE: 855.389893, trans_MSE: 0.099211, trans_RMSE: 0.314978, trans_MAE: 0.213026
B--------->A
EPOCH:: 165, Loss: 5.435393, MSE: 1318708.195799, RMSE: 1148.350206, MAE: 585.816272, rot_MSE: 969885.062500, rot_RMSE: 984.827454, rot_MAE: 855.389893, trans_MSE: 0.142365, trans_RMSE: 0.377313, trans_MAE: 0.286814
==TEST==
A--------->B
EPOCH:: 165, Loss: 11.313197, Cycle Loss: 0.672156, MSE: 1274282.254003, RMSE: 1128.841111, MAE: 562.682330, rot_MSE: 965176.000000, rot_RMSE: 982.433716, rot_MAE: 850.054077, trans_MSE: 4.382729, trans_RMSE: 2.093497, trans_MAE: 0.801752
B--------->A
EPOCH:: 165, Loss: 11.313197, MSE: 1274281.818827, RMSE: 1128.840918, MAE: 558.330982, rot_MSE: 965204.875000, rot_RMSE: 982.448425, rot_MAE: 850.053345, trans_MSE: 1.166609, trans_RMSE: 1.080097, trans_MAE: 0.578887
==BEST TEST==
A--------->B
EPOCH:: 165, Loss: 7.157507, Cycle Loss: 0.185888, MSE: 1275734.990767, RMSE: 1129.484392, MAE: 562.669052, rot_MSE: 965144.875000, rot_RMSE: 982.417847, rot_MAE: 849.897400, trans_MSE: 0.990868, trans_RMSE: 0.995424, trans_MAE: 0.416629
B--------->A
EPOCH:: 165, Loss: 7.157507, MSE: 1275735.964747, RMSE: 1129.484823, MAE: 559.133644, rot_MSE: 965175.125000, rot_RMSE: 982.433289, rot_MAE: 849.900635, trans_MSE: 0.462194, trans_RMSE: 0.679849, trans_MAE: 0.394646
==TRAIN==
A--------->B
EPOCH:: 166, Loss: 5.450582, Cycle Loss:, 0.029208, MSE: 1318918.176900, RMSE: 1148.441630, MAE: 587.806300, rot_MSE: 969308.250000, rot_RMSE: 984.534546, rot_MAE: 855.043030, trans_MSE: 0.103673, trans_RMSE: 0.321984, trans_MAE: 0.214137
B--------->A
EPOCH:: 166, Loss: 5.450582, MSE: 1318918.020163, RMSE: 1148.441561, MAE: 586.607135, rot_MSE: 969309.625000, rot_RMSE: 984.535217, rot_MAE: 855.043335, trans_MSE: 0.161273, trans_RMSE: 0.401588, trans_MAE: 0.293994
==TEST==
A--------->B
EPOCH:: 166, Loss: 45.800176, Cycle Loss: 7.899693, MSE: 1274200.242510, RMSE: 1128.804785, MAE: 563.371933, rot_MSE: 964494.437500, rot_RMSE: 982.086792, rot_MAE: 849.613281, trans_MSE: 31.879642, trans_RMSE: 5.646206, trans_MAE: 1.563754
B--------->A
EPOCH:: 166, Loss: 45.800176, MSE: 1274198.867962, RMSE: 1128.804176, MAE: 559.347742, rot_MSE: 964530.937500, rot_RMSE: 982.105347, rot_MAE: 849.620239, trans_MSE: 21.738335, trans_RMSE: 4.662439, trans_MAE: 1.095990
==BEST TEST==
A--------->B
EPOCH:: 166, Loss: 7.157507, Cycle Loss: 0.185888, MSE: 1275734.990767, RMSE: 1129.484392, MAE: 562.669052, rot_MSE: 965144.875000, rot_RMSE: 982.417847, rot_MAE: 849.897400, trans_MSE: 0.990868, trans_RMSE: 0.995424, trans_MAE: 0.416629
B--------->A
EPOCH:: 166, Loss: 7.157507, MSE: 1275735.964747, RMSE: 1129.484823, MAE: 559.133644, rot_MSE: 965175.125000, rot_RMSE: 982.433289, rot_MAE: 849.900635, trans_MSE: 0.462194, trans_RMSE: 0.679849, trans_MAE: 0.394646
==TRAIN==
A--------->B
EPOCH:: 167, Loss: 5.334422, Cycle Loss:, 0.026386, MSE: 1319520.338174, RMSE: 1148.703764, MAE: 588.096759, rot_MSE: 969649.937500, rot_RMSE: 984.708069, rot_MAE: 855.242065, trans_MSE: 0.094849, trans_RMSE: 0.307976, trans_MAE: 0.211208
B--------->A
EPOCH:: 167, Loss: 5.334422, MSE: 1319521.145228, RMSE: 1148.704116, MAE: 585.996491, rot_MSE: 969649.187500, rot_RMSE: 984.707642, rot_MAE: 855.241882, trans_MSE: 0.155890, trans_RMSE: 0.394828, trans_MAE: 0.290053
==TEST==
A--------->B
EPOCH:: 167, Loss: 25.158298, Cycle Loss: 3.215056, MSE: 1274006.754455, RMSE: 1128.719077, MAE: 563.047470, rot_MSE: 964543.625000, rot_RMSE: 982.111816, rot_MAE: 849.686096, trans_MSE: 15.807031, trans_RMSE: 3.975806, trans_MAE: 1.157885
B--------->A
EPOCH:: 167, Loss: 25.158298, MSE: 1274009.509491, RMSE: 1128.720297, MAE: 559.263789, rot_MSE: 964583.312500, rot_RMSE: 982.132019, rot_MAE: 849.688171, trans_MSE: 8.080029, trans_RMSE: 2.842539, trans_MAE: 0.796060
==BEST TEST==
A--------->B
EPOCH:: 167, Loss: 7.157507, Cycle Loss: 0.185888, MSE: 1275734.990767, RMSE: 1129.484392, MAE: 562.669052, rot_MSE: 965144.875000, rot_RMSE: 982.417847, rot_MAE: 849.897400, trans_MSE: 0.990868, trans_RMSE: 0.995424, trans_MAE: 0.416629
B--------->A
EPOCH:: 167, Loss: 7.157507, MSE: 1275735.964747, RMSE: 1129.484823, MAE: 559.133644, rot_MSE: 965175.125000, rot_RMSE: 982.433289, rot_MAE: 849.900635, trans_MSE: 0.462194, trans_RMSE: 0.679849, trans_MAE: 0.394646
==TRAIN==
A--------->B
EPOCH:: 168, Loss: 5.714370, Cycle Loss:, 0.044072, MSE: 1318687.263972, RMSE: 1148.341092, MAE: 587.681663, rot_MSE: 970140.500000, rot_RMSE: 984.957092, rot_MAE: 855.455750, trans_MSE: 0.281654, trans_RMSE: 0.530711, trans_MAE: 0.243458
B--------->A
EPOCH:: 168, Loss: 5.714370, MSE: 1318687.169476, RMSE: 1148.341051, MAE: 586.391222, rot_MSE: 970136.062500, rot_RMSE: 984.954834, rot_MAE: 855.454041, trans_MSE: 0.180219, trans_RMSE: 0.424522, trans_MAE: 0.310849
==TEST==
A--------->B
EPOCH:: 168, Loss: 96.165491, Cycle Loss: 21.518349, MSE: 1274182.602596, RMSE: 1128.796971, MAE: 563.710556, rot_MSE: 965053.687500, rot_RMSE: 982.371460, rot_MAE: 849.717285, trans_MSE: 68.785789, trans_RMSE: 8.293720, trans_MAE: 1.936442
B--------->A
EPOCH:: 168, Loss: 96.165491, MSE: 1274198.441955, RMSE: 1128.803987, MAE: 559.590082, rot_MSE: 965079.125000, rot_RMSE: 982.384399, rot_MAE: 849.726746, trans_MSE: 72.475304, trans_RMSE: 8.513243, trans_MAE: 1.529545
==BEST TEST==
A--------->B
EPOCH:: 168, Loss: 7.157507, Cycle Loss: 0.185888, MSE: 1275734.990767, RMSE: 1129.484392, MAE: 562.669052, rot_MSE: 965144.875000, rot_RMSE: 982.417847, rot_MAE: 849.897400, trans_MSE: 0.990868, trans_RMSE: 0.995424, trans_MAE: 0.416629
B--------->A
EPOCH:: 168, Loss: 7.157507, MSE: 1275735.964747, RMSE: 1129.484823, MAE: 559.133644, rot_MSE: 965175.125000, rot_RMSE: 982.433289, rot_MAE: 849.900635, trans_MSE: 0.462194, trans_RMSE: 0.679849, trans_MAE: 0.394646
==TRAIN==
A--------->B
EPOCH:: 169, Loss: 5.494582, Cycle Loss:, 0.028138, MSE: 1319420.024248, RMSE: 1148.660100, MAE: 588.169657, rot_MSE: 970587.687500, rot_RMSE: 985.184082, rot_MAE: 855.863403, trans_MSE: 0.113754, trans_RMSE: 0.337275, trans_MAE: 0.216662
B--------->A
EPOCH:: 169, Loss: 5.494582, MSE: 1319419.531509, RMSE: 1148.659885, MAE: 587.439921, rot_MSE: 970587.375000, rot_RMSE: 985.183960, rot_MAE: 855.863220, trans_MSE: 0.159603, trans_RMSE: 0.399503, trans_MAE: 0.294610
==TEST==
A--------->B
EPOCH:: 169, Loss: 9.030614, Cycle Loss: 0.517142, MSE: 1274289.592007, RMSE: 1128.844361, MAE: 562.577812, rot_MSE: 964699.000000, rot_RMSE: 982.190918, rot_MAE: 849.757751, trans_MSE: 2.525394, trans_RMSE: 1.589149, trans_MAE: 0.624069
B--------->A
EPOCH:: 169, Loss: 9.030614, MSE: 1274292.590263, RMSE: 1128.845689, MAE: 558.657239, rot_MSE: 964721.625000, rot_RMSE: 982.202454, rot_MAE: 849.760315, trans_MSE: 1.408411, trans_RMSE: 1.186765, trans_MAE: 0.506082
==BEST TEST==
A--------->B
EPOCH:: 169, Loss: 7.157507, Cycle Loss: 0.185888, MSE: 1275734.990767, RMSE: 1129.484392, MAE: 562.669052, rot_MSE: 965144.875000, rot_RMSE: 982.417847, rot_MAE: 849.897400, trans_MSE: 0.990868, trans_RMSE: 0.995424, trans_MAE: 0.416629
B--------->A
EPOCH:: 169, Loss: 7.157507, MSE: 1275735.964747, RMSE: 1129.484823, MAE: 559.133644, rot_MSE: 965175.125000, rot_RMSE: 982.433289, rot_MAE: 849.900635, trans_MSE: 0.462194, trans_RMSE: 0.679849, trans_MAE: 0.394646
==TRAIN==
A--------->B
EPOCH:: 170, Loss: 5.437146, Cycle Loss:, 0.028032, MSE: 1305907.178877, RMSE: 1142.762958, MAE: 585.650796, rot_MSE: 970687.750000, rot_RMSE: 985.234863, rot_MAE: 855.760437, trans_MSE: 0.105096, trans_RMSE: 0.324186, trans_MAE: 0.216019
B--------->A
EPOCH:: 170, Loss: 5.437146, MSE: 1305906.849488, RMSE: 1142.762814, MAE: 584.525105, rot_MSE: 970688.875000, rot_RMSE: 985.235413, rot_MAE: 855.760559, trans_MSE: 0.158928, trans_RMSE: 0.398658, trans_MAE: 0.292517
==TEST==
A--------->B
EPOCH:: 170, Loss: 7.743894, Cycle Loss: 0.315760, MSE: 1274635.143272, RMSE: 1128.997406, MAE: 562.658545, rot_MSE: 965348.437500, rot_RMSE: 982.521484, rot_MAE: 850.024475, trans_MSE: 1.467357, trans_RMSE: 1.211345, trans_MAE: 0.487449
B--------->A
EPOCH:: 170, Loss: 7.743894, MSE: 1274638.911157, RMSE: 1128.999075, MAE: 560.072289, rot_MSE: 965371.125000, rot_RMSE: 982.533020, rot_MAE: 850.026672, trans_MSE: 0.815747, trans_RMSE: 0.903187, trans_MAE: 0.424564
==BEST TEST==
A--------->B
EPOCH:: 170, Loss: 7.157507, Cycle Loss: 0.185888, MSE: 1275734.990767, RMSE: 1129.484392, MAE: 562.669052, rot_MSE: 965144.875000, rot_RMSE: 982.417847, rot_MAE: 849.897400, trans_MSE: 0.990868, trans_RMSE: 0.995424, trans_MAE: 0.416629
B--------->A
EPOCH:: 170, Loss: 7.157507, MSE: 1275735.964747, RMSE: 1129.484823, MAE: 559.133644, rot_MSE: 965175.125000, rot_RMSE: 982.433289, rot_MAE: 849.900635, trans_MSE: 0.462194, trans_RMSE: 0.679849, trans_MAE: 0.394646
==TRAIN==
A--------->B
EPOCH:: 171, Loss: 5.399883, Cycle Loss:, 0.025814, MSE: 1319122.308869, RMSE: 1148.530500, MAE: 587.928572, rot_MSE: 969382.937500, rot_RMSE: 984.572449, rot_MAE: 855.170105, trans_MSE: 0.102572, trans_RMSE: 0.320269, trans_MAE: 0.218718
B--------->A
EPOCH:: 171, Loss: 5.399883, MSE: 1319121.958798, RMSE: 1148.530347, MAE: 586.517779, rot_MSE: 969383.187500, rot_RMSE: 984.572571, rot_MAE: 855.169800, trans_MSE: 0.157362, trans_RMSE: 0.396689, trans_MAE: 0.291701
==TEST==
A--------->B
EPOCH:: 171, Loss: 21.590701, Cycle Loss: 2.796640, MSE: 1273817.988895, RMSE: 1128.635454, MAE: 563.133614, rot_MSE: 964482.375000, rot_RMSE: 982.080627, rot_MAE: 849.661865, trans_MSE: 12.570154, trans_RMSE: 3.545441, trans_MAE: 1.048575
B--------->A
EPOCH:: 171, Loss: 21.590701, MSE: 1273820.934143, RMSE: 1128.636759, MAE: 559.465867, rot_MSE: 964514.437500, rot_RMSE: 982.096985, rot_MAE: 849.665100, trans_MSE: 7.816010, trans_RMSE: 2.795713, trans_MAE: 0.764067
==BEST TEST==
A--------->B
EPOCH:: 171, Loss: 7.157507, Cycle Loss: 0.185888, MSE: 1275734.990767, RMSE: 1129.484392, MAE: 562.669052, rot_MSE: 965144.875000, rot_RMSE: 982.417847, rot_MAE: 849.897400, trans_MSE: 0.990868, trans_RMSE: 0.995424, trans_MAE: 0.416629
B--------->A
EPOCH:: 171, Loss: 7.157507, MSE: 1275735.964747, RMSE: 1129.484823, MAE: 559.133644, rot_MSE: 965175.125000, rot_RMSE: 982.433289, rot_MAE: 849.900635, trans_MSE: 0.462194, trans_RMSE: 0.679849, trans_MAE: 0.394646
==TRAIN==
A--------->B
EPOCH:: 172, Loss: 5.344150, Cycle Loss:, 0.025498, MSE: 1318889.172653, RMSE: 1148.429002, MAE: 587.628036, rot_MSE: 970320.375000, rot_RMSE: 985.048401, rot_MAE: 855.582214, trans_MSE: 0.106303, trans_RMSE: 0.326042, trans_MAE: 0.213726
B--------->A
EPOCH:: 172, Loss: 5.344150, MSE: 1318889.094269, RMSE: 1148.428968, MAE: 585.802250, rot_MSE: 970319.312500, rot_RMSE: 985.047852, rot_MAE: 855.581421, trans_MSE: 0.152936, trans_RMSE: 0.391070, trans_MAE: 0.293327
==TEST==
A--------->B
EPOCH:: 172, Loss: 8.522947, Cycle Loss: 0.311169, MSE: 1274129.878809, RMSE: 1128.773617, MAE: 562.679817, rot_MSE: 964940.000000, rot_RMSE: 982.313599, rot_MAE: 849.861755, trans_MSE: 2.003686, trans_RMSE: 1.415516, trans_MAE: 0.538060
B--------->A
EPOCH:: 172, Loss: 8.522947, MSE: 1274132.440535, RMSE: 1128.774752, MAE: 558.239817, rot_MSE: 964960.062500, rot_RMSE: 982.323792, rot_MAE: 849.860718, trans_MSE: 0.653825, trans_RMSE: 0.808594, trans_MAE: 0.438646
==BEST TEST==
A--------->B
EPOCH:: 172, Loss: 7.157507, Cycle Loss: 0.185888, MSE: 1275734.990767, RMSE: 1129.484392, MAE: 562.669052, rot_MSE: 965144.875000, rot_RMSE: 982.417847, rot_MAE: 849.897400, trans_MSE: 0.990868, trans_RMSE: 0.995424, trans_MAE: 0.416629
B--------->A
EPOCH:: 172, Loss: 7.157507, MSE: 1275735.964747, RMSE: 1129.484823, MAE: 559.133644, rot_MSE: 965175.125000, rot_RMSE: 982.433289, rot_MAE: 849.900635, trans_MSE: 0.462194, trans_RMSE: 0.679849, trans_MAE: 0.394646
==TRAIN==
A--------->B
EPOCH:: 173, Loss: 5.512985, Cycle Loss:, 0.026596, MSE: 1318960.539225, RMSE: 1148.460073, MAE: 588.022387, rot_MSE: 969887.312500, rot_RMSE: 984.828552, rot_MAE: 855.303772, trans_MSE: 0.096788, trans_RMSE: 0.311107, trans_MAE: 0.206192
B--------->A
EPOCH:: 173, Loss: 5.512985, MSE: 1318960.370591, RMSE: 1148.460000, MAE: 585.921864, rot_MSE: 969888.375000, rot_RMSE: 984.829102, rot_MAE: 855.304016, trans_MSE: 0.156353, trans_RMSE: 0.395414, trans_MAE: 0.297215
==TEST==
A--------->B
EPOCH:: 173, Loss: 20.251369, Cycle Loss: 2.984162, MSE: 1273644.324961, RMSE: 1128.558516, MAE: 563.038807, rot_MSE: 964860.500000, rot_RMSE: 982.273132, rot_MAE: 849.757507, trans_MSE: 11.298389, trans_RMSE: 3.361308, trans_MAE: 0.937351
B--------->A
EPOCH:: 173, Loss: 20.251369, MSE: 1273648.164450, RMSE: 1128.560217, MAE: 559.487909, rot_MSE: 964892.937500, rot_RMSE: 982.289612, rot_MAE: 849.764709, trans_MSE: 9.344153, trans_RMSE: 3.056821, trans_MAE: 0.733405
==BEST TEST==
A--------->B
EPOCH:: 173, Loss: 7.157507, Cycle Loss: 0.185888, MSE: 1275734.990767, RMSE: 1129.484392, MAE: 562.669052, rot_MSE: 965144.875000, rot_RMSE: 982.417847, rot_MAE: 849.897400, trans_MSE: 0.990868, trans_RMSE: 0.995424, trans_MAE: 0.416629
B--------->A
EPOCH:: 173, Loss: 7.157507, MSE: 1275735.964747, RMSE: 1129.484823, MAE: 559.133644, rot_MSE: 965175.125000, rot_RMSE: 982.433289, rot_MAE: 849.900635, trans_MSE: 0.462194, trans_RMSE: 0.679849, trans_MAE: 0.394646
==TRAIN==
A--------->B
EPOCH:: 174, Loss: 5.388553, Cycle Loss:, 0.027228, MSE: 1319432.879733, RMSE: 1148.665695, MAE: 588.141450, rot_MSE: 968973.812500, rot_RMSE: 984.364685, rot_MAE: 855.019165, trans_MSE: 0.108042, trans_RMSE: 0.328697, trans_MAE: 0.215507
B--------->A
EPOCH:: 174, Loss: 5.388553, MSE: 1319432.756678, RMSE: 1148.665642, MAE: 586.785831, rot_MSE: 968974.000000, rot_RMSE: 984.364746, rot_MAE: 855.018677, trans_MSE: 0.149036, trans_RMSE: 0.386052, trans_MAE: 0.288189
==TEST==
A--------->B
EPOCH:: 174, Loss: 9.119486, Cycle Loss: 0.478636, MSE: 1274054.296552, RMSE: 1128.740137, MAE: 562.561112, rot_MSE: 964998.437500, rot_RMSE: 982.343323, rot_MAE: 849.836975, trans_MSE: 2.676764, trans_RMSE: 1.636082, trans_MAE: 0.511033
B--------->A
EPOCH:: 174, Loss: 9.119486, MSE: 1274058.703319, RMSE: 1128.742089, MAE: 559.163651, rot_MSE: 965017.062500, rot_RMSE: 982.352844, rot_MAE: 849.837952, trans_MSE: 1.074944, trans_RMSE: 1.036795, trans_MAE: 0.404903
==BEST TEST==
A--------->B
EPOCH:: 174, Loss: 7.157507, Cycle Loss: 0.185888, MSE: 1275734.990767, RMSE: 1129.484392, MAE: 562.669052, rot_MSE: 965144.875000, rot_RMSE: 982.417847, rot_MAE: 849.897400, trans_MSE: 0.990868, trans_RMSE: 0.995424, trans_MAE: 0.416629
B--------->A
EPOCH:: 174, Loss: 7.157507, MSE: 1275735.964747, RMSE: 1129.484823, MAE: 559.133644, rot_MSE: 965175.125000, rot_RMSE: 982.433289, rot_MAE: 849.900635, trans_MSE: 0.462194, trans_RMSE: 0.679849, trans_MAE: 0.394646
==TRAIN==
A--------->B
EPOCH:: 175, Loss: 5.405655, Cycle Loss:, 0.026694, MSE: 1318854.415100, RMSE: 1148.413869, MAE: 587.690542, rot_MSE: 969761.000000, rot_RMSE: 984.764465, rot_MAE: 855.522278, trans_MSE: 0.105341, trans_RMSE: 0.324563, trans_MAE: 0.215382
B--------->A
EPOCH:: 175, Loss: 5.405655, MSE: 1318854.911275, RMSE: 1148.414085, MAE: 585.348224, rot_MSE: 969760.562500, rot_RMSE: 984.764221, rot_MAE: 855.522034, trans_MSE: 0.153182, trans_RMSE: 0.391385, trans_MAE: 0.290238
==TEST==
A--------->B
EPOCH:: 175, Loss: 34.495158, Cycle Loss: 5.586848, MSE: 1273839.294034, RMSE: 1128.644893, MAE: 563.355529, rot_MSE: 964603.562500, rot_RMSE: 982.142334, rot_MAE: 849.652893, trans_MSE: 22.901047, trans_RMSE: 4.785504, trans_MAE: 1.390489
B--------->A
EPOCH:: 175, Loss: 34.495158, MSE: 1273839.978177, RMSE: 1128.645196, MAE: 559.717225, rot_MSE: 964637.437500, rot_RMSE: 982.159607, rot_MAE: 849.656189, trans_MSE: 16.239374, trans_RMSE: 4.029811, trans_MAE: 0.978365
==BEST TEST==
A--------->B
EPOCH:: 175, Loss: 7.157507, Cycle Loss: 0.185888, MSE: 1275734.990767, RMSE: 1129.484392, MAE: 562.669052, rot_MSE: 965144.875000, rot_RMSE: 982.417847, rot_MAE: 849.897400, trans_MSE: 0.990868, trans_RMSE: 0.995424, trans_MAE: 0.416629
B--------->A
EPOCH:: 175, Loss: 7.157507, MSE: 1275735.964747, RMSE: 1129.484823, MAE: 559.133644, rot_MSE: 965175.125000, rot_RMSE: 982.433289, rot_MAE: 849.900635, trans_MSE: 0.462194, trans_RMSE: 0.679849, trans_MAE: 0.394646
==TRAIN==
A--------->B
EPOCH:: 176, Loss: 5.679879, Cycle Loss:, 0.051963, MSE: 1318696.159621, RMSE: 1148.344965, MAE: 587.693890, rot_MSE: 970308.750000, rot_RMSE: 985.042542, rot_MAE: 855.590088, trans_MSE: 0.287899, trans_RMSE: 0.536562, trans_MAE: 0.266075
B--------->A
EPOCH:: 176, Loss: 5.679879, MSE: 1318695.676543, RMSE: 1148.344755, MAE: 586.440635, rot_MSE: 970312.250000, rot_RMSE: 985.044312, rot_MAE: 855.591125, trans_MSE: 0.174938, trans_RMSE: 0.418256, trans_MAE: 0.316842
==TEST==
A--------->B
EPOCH:: 176, Loss: 7.526381, Cycle Loss: 0.263152, MSE: 1274447.686209, RMSE: 1128.914384, MAE: 562.653278, rot_MSE: 964827.500000, rot_RMSE: 982.256348, rot_MAE: 849.787903, trans_MSE: 1.332056, trans_RMSE: 1.154147, trans_MAE: 0.529497
B--------->A
EPOCH:: 176, Loss: 7.526381, MSE: 1274450.815987, RMSE: 1128.915770, MAE: 558.231659, rot_MSE: 964849.750000, rot_RMSE: 982.267639, rot_MAE: 849.792114, trans_MSE: 0.716809, trans_RMSE: 0.846646, trans_MAE: 0.458300
==BEST TEST==
A--------->B
EPOCH:: 176, Loss: 7.157507, Cycle Loss: 0.185888, MSE: 1275734.990767, RMSE: 1129.484392, MAE: 562.669052, rot_MSE: 965144.875000, rot_RMSE: 982.417847, rot_MAE: 849.897400, trans_MSE: 0.990868, trans_RMSE: 0.995424, trans_MAE: 0.416629
B--------->A
EPOCH:: 176, Loss: 7.157507, MSE: 1275735.964747, RMSE: 1129.484823, MAE: 559.133644, rot_MSE: 965175.125000, rot_RMSE: 982.433289, rot_MAE: 849.900635, trans_MSE: 0.462194, trans_RMSE: 0.679849, trans_MAE: 0.394646
==TRAIN==
A--------->B
EPOCH:: 177, Loss: 5.397800, Cycle Loss:, 0.030045, MSE: 1318956.771460, RMSE: 1148.458433, MAE: 587.989613, rot_MSE: 967997.437500, rot_RMSE: 983.868591, rot_MAE: 854.382446, trans_MSE: 0.111520, trans_RMSE: 0.333947, trans_MAE: 0.223926
B--------->A
EPOCH:: 177, Loss: 5.397800, MSE: 1318956.409881, RMSE: 1148.458275, MAE: 586.731409, rot_MSE: 968000.250000, rot_RMSE: 983.870056, rot_MAE: 854.383728, trans_MSE: 0.170778, trans_RMSE: 0.413253, trans_MAE: 0.301886
==TEST==
A--------->B
EPOCH:: 177, Loss: 9.572288, Cycle Loss: 0.463410, MSE: 1273957.123128, RMSE: 1128.697091, MAE: 562.604693, rot_MSE: 964580.750000, rot_RMSE: 982.130737, rot_MAE: 849.731384, trans_MSE: 2.949040, trans_RMSE: 1.717277, trans_MAE: 0.707235
B--------->A
EPOCH:: 177, Loss: 9.572288, MSE: 1273960.764398, RMSE: 1128.698704, MAE: 558.957038, rot_MSE: 964602.000000, rot_RMSE: 982.141541, rot_MAE: 849.731323, trans_MSE: 0.992307, trans_RMSE: 0.996146, trans_MAE: 0.538511
==BEST TEST==
A--------->B
EPOCH:: 177, Loss: 7.157507, Cycle Loss: 0.185888, MSE: 1275734.990767, RMSE: 1129.484392, MAE: 562.669052, rot_MSE: 965144.875000, rot_RMSE: 982.417847, rot_MAE: 849.897400, trans_MSE: 0.990868, trans_RMSE: 0.995424, trans_MAE: 0.416629
B--------->A
EPOCH:: 177, Loss: 7.157507, MSE: 1275735.964747, RMSE: 1129.484823, MAE: 559.133644, rot_MSE: 965175.125000, rot_RMSE: 982.433289, rot_MAE: 849.900635, trans_MSE: 0.462194, trans_RMSE: 0.679849, trans_MAE: 0.394646
==TRAIN==
A--------->B
EPOCH:: 178, Loss: 5.268840, Cycle Loss:, 0.028681, MSE: 1319462.385179, RMSE: 1148.678539, MAE: 588.273519, rot_MSE: 970746.937500, rot_RMSE: 985.264893, rot_MAE: 855.970337, trans_MSE: 0.109858, trans_RMSE: 0.331448, trans_MAE: 0.222143
B--------->A
EPOCH:: 178, Loss: 5.268840, MSE: 1319462.434777, RMSE: 1148.678560, MAE: 587.119868, rot_MSE: 970747.937500, rot_RMSE: 985.265442, rot_MAE: 855.970947, trans_MSE: 0.151231, trans_RMSE: 0.388885, trans_MAE: 0.293840
==TEST==
A--------->B
EPOCH:: 178, Loss: 79.320941, Cycle Loss: 15.965604, MSE: 1274344.332580, RMSE: 1128.868607, MAE: 563.975347, rot_MSE: 965014.312500, rot_RMSE: 982.351440, rot_MAE: 849.636292, trans_MSE: 57.119465, trans_RMSE: 7.557742, trans_MAE: 1.850187
B--------->A
EPOCH:: 178, Loss: 79.320941, MSE: 1274345.997353, RMSE: 1128.869345, MAE: 558.812216, rot_MSE: 965055.562500, rot_RMSE: 982.372437, rot_MAE: 849.647400, trans_MSE: 54.902431, trans_RMSE: 7.409617, trans_MAE: 1.472378
==BEST TEST==
A--------->B
EPOCH:: 178, Loss: 7.157507, Cycle Loss: 0.185888, MSE: 1275734.990767, RMSE: 1129.484392, MAE: 562.669052, rot_MSE: 965144.875000, rot_RMSE: 982.417847, rot_MAE: 849.897400, trans_MSE: 0.990868, trans_RMSE: 0.995424, trans_MAE: 0.416629
B--------->A
EPOCH:: 178, Loss: 7.157507, MSE: 1275735.964747, RMSE: 1129.484823, MAE: 559.133644, rot_MSE: 965175.125000, rot_RMSE: 982.433289, rot_MAE: 849.900635, trans_MSE: 0.462194, trans_RMSE: 0.679849, trans_MAE: 0.394646
==TRAIN==
A--------->B
EPOCH:: 179, Loss: 5.275880, Cycle Loss:, 0.023316, MSE: 1318466.782612, RMSE: 1148.245088, MAE: 587.590534, rot_MSE: 970141.812500, rot_RMSE: 984.957764, rot_MAE: 855.641052, trans_MSE: 0.084763, trans_RMSE: 0.291142, trans_MAE: 0.203982
B--------->A
EPOCH:: 179, Loss: 5.275880, MSE: 1318466.921616, RMSE: 1148.245149, MAE: 585.676915, rot_MSE: 970141.062500, rot_RMSE: 984.957397, rot_MAE: 855.640747, trans_MSE: 0.141583, trans_RMSE: 0.376275, trans_MAE: 0.286584
==TEST==
A--------->B
EPOCH:: 179, Loss: 33.414687, Cycle Loss: 5.031192, MSE: 1273773.580449, RMSE: 1128.615781, MAE: 563.206099, rot_MSE: 964886.562500, rot_RMSE: 982.286377, rot_MAE: 849.761353, trans_MSE: 22.315010, trans_RMSE: 4.723876, trans_MAE: 1.312566
B--------->A
EPOCH:: 179, Loss: 33.414687, MSE: 1273770.560369, RMSE: 1128.614443, MAE: 559.170684, rot_MSE: 964931.500000, rot_RMSE: 982.309265, rot_MAE: 849.765503, trans_MSE: 13.222218, trans_RMSE: 3.636237, trans_MAE: 0.925020
==BEST TEST==
A--------->B
EPOCH:: 179, Loss: 7.157507, Cycle Loss: 0.185888, MSE: 1275734.990767, RMSE: 1129.484392, MAE: 562.669052, rot_MSE: 965144.875000, rot_RMSE: 982.417847, rot_MAE: 849.897400, trans_MSE: 0.990868, trans_RMSE: 0.995424, trans_MAE: 0.416629
B--------->A
EPOCH:: 179, Loss: 7.157507, MSE: 1275735.964747, RMSE: 1129.484823, MAE: 559.133644, rot_MSE: 965175.125000, rot_RMSE: 982.433289, rot_MAE: 849.900635, trans_MSE: 0.462194, trans_RMSE: 0.679849, trans_MAE: 0.394646
==TRAIN==
A--------->B
EPOCH:: 180, Loss: 5.360024, Cycle Loss:, 0.026390, MSE: 1319192.202606, RMSE: 1148.560927, MAE: 587.945082, rot_MSE: 969295.125000, rot_RMSE: 984.527893, rot_MAE: 855.158569, trans_MSE: 0.086818, trans_RMSE: 0.294649, trans_MAE: 0.204364
B--------->A
EPOCH:: 180, Loss: 5.360024, MSE: 1319192.564445, RMSE: 1148.561084, MAE: 586.517199, rot_MSE: 969295.062500, rot_RMSE: 984.527832, rot_MAE: 855.158203, trans_MSE: 0.147775, trans_RMSE: 0.384415, trans_MAE: 0.287112
==TEST==
A--------->B
EPOCH:: 180, Loss: 10.066907, Cycle Loss: 0.599211, MSE: 1273942.832967, RMSE: 1128.690761, MAE: 562.725860, rot_MSE: 964830.562500, rot_RMSE: 982.257874, rot_MAE: 849.762207, trans_MSE: 3.480328, trans_RMSE: 1.865564, trans_MAE: 0.656179
B--------->A
EPOCH:: 180, Loss: 10.066907, MSE: 1273945.117898, RMSE: 1128.691773, MAE: 558.336873, rot_MSE: 964855.250000, rot_RMSE: 982.270447, rot_MAE: 849.762756, trans_MSE: 1.331530, trans_RMSE: 1.153920, trans_MAE: 0.506557
==BEST TEST==
A--------->B
EPOCH:: 180, Loss: 7.157507, Cycle Loss: 0.185888, MSE: 1275734.990767, RMSE: 1129.484392, MAE: 562.669052, rot_MSE: 965144.875000, rot_RMSE: 982.417847, rot_MAE: 849.897400, trans_MSE: 0.990868, trans_RMSE: 0.995424, trans_MAE: 0.416629
B--------->A
EPOCH:: 180, Loss: 7.157507, MSE: 1275735.964747, RMSE: 1129.484823, MAE: 559.133644, rot_MSE: 965175.125000, rot_RMSE: 982.433289, rot_MAE: 849.900635, trans_MSE: 0.462194, trans_RMSE: 0.679849, trans_MAE: 0.394646
==TRAIN==
A--------->B
EPOCH:: 181, Loss: 5.422205, Cycle Loss:, 0.030729, MSE: 1319044.456043, RMSE: 1148.496607, MAE: 587.914413, rot_MSE: 970030.187500, rot_RMSE: 984.901123, rot_MAE: 855.602600, trans_MSE: 0.117980, trans_RMSE: 0.343482, trans_MAE: 0.220427
B--------->A
EPOCH:: 181, Loss: 5.422205, MSE: 1319044.618776, RMSE: 1148.496678, MAE: 587.073594, rot_MSE: 970031.375000, rot_RMSE: 984.901733, rot_MAE: 855.603027, trans_MSE: 0.157479, trans_RMSE: 0.396837, trans_MAE: 0.295708
==TEST==
A--------->B
EPOCH:: 181, Loss: 8.233513, Cycle Loss: 0.326280, MSE: 1274480.353177, RMSE: 1128.928852, MAE: 562.699288, rot_MSE: 965028.687500, rot_RMSE: 982.358765, rot_MAE: 849.915527, trans_MSE: 1.903205, trans_RMSE: 1.379567, trans_MAE: 0.577656
B--------->A
EPOCH:: 181, Loss: 8.233513, MSE: 1274483.532283, RMSE: 1128.930260, MAE: 559.668825, rot_MSE: 965051.687500, rot_RMSE: 982.370422, rot_MAE: 849.916809, trans_MSE: 0.796919, trans_RMSE: 0.892703, trans_MAE: 0.467264
==BEST TEST==
A--------->B
EPOCH:: 181, Loss: 7.157507, Cycle Loss: 0.185888, MSE: 1275734.990767, RMSE: 1129.484392, MAE: 562.669052, rot_MSE: 965144.875000, rot_RMSE: 982.417847, rot_MAE: 849.897400, trans_MSE: 0.990868, trans_RMSE: 0.995424, trans_MAE: 0.416629
B--------->A
EPOCH:: 181, Loss: 7.157507, MSE: 1275735.964747, RMSE: 1129.484823, MAE: 559.133644, rot_MSE: 965175.125000, rot_RMSE: 982.433289, rot_MAE: 849.900635, trans_MSE: 0.462194, trans_RMSE: 0.679849, trans_MAE: 0.394646
==TRAIN==
A--------->B
EPOCH:: 182, Loss: 5.413980, Cycle Loss:, 0.029380, MSE: 1314338.825921, RMSE: 1146.446172, MAE: 586.654287, rot_MSE: 970658.875000, rot_RMSE: 985.220215, rot_MAE: 855.707458, trans_MSE: 0.125844, trans_RMSE: 0.354745, trans_MAE: 0.216928
B--------->A
EPOCH:: 182, Loss: 5.413980, MSE: 1314338.633169, RMSE: 1146.446088, MAE: 585.020379, rot_MSE: 970659.562500, rot_RMSE: 985.220581, rot_MAE: 855.707703, trans_MSE: 0.160704, trans_RMSE: 0.400879, trans_MAE: 0.296703
==TEST==
A--------->B
EPOCH:: 182, Loss: 9.814739, Cycle Loss: 0.616804, MSE: 1273898.446991, RMSE: 1128.671098, MAE: 562.563301, rot_MSE: 964748.187500, rot_RMSE: 982.215942, rot_MAE: 849.772400, trans_MSE: 3.227209, trans_RMSE: 1.796443, trans_MAE: 0.677126
B--------->A
EPOCH:: 182, Loss: 9.814739, MSE: 1273902.245028, RMSE: 1128.672780, MAE: 559.784922, rot_MSE: 964772.312500, rot_RMSE: 982.228210, rot_MAE: 849.773743, trans_MSE: 1.582159, trans_RMSE: 1.257839, trans_MAE: 0.519393
==BEST TEST==
A--------->B
EPOCH:: 182, Loss: 7.157507, Cycle Loss: 0.185888, MSE: 1275734.990767, RMSE: 1129.484392, MAE: 562.669052, rot_MSE: 965144.875000, rot_RMSE: 982.417847, rot_MAE: 849.897400, trans_MSE: 0.990868, trans_RMSE: 0.995424, trans_MAE: 0.416629
B--------->A
EPOCH:: 182, Loss: 7.157507, MSE: 1275735.964747, RMSE: 1129.484823, MAE: 559.133644, rot_MSE: 965175.125000, rot_RMSE: 982.433289, rot_MAE: 849.900635, trans_MSE: 0.462194, trans_RMSE: 0.679849, trans_MAE: 0.394646
==TRAIN==
A--------->B
EPOCH:: 183, Loss: 5.435957, Cycle Loss:, 0.027175, MSE: 1300867.370494, RMSE: 1140.555729, MAE: 584.286215, rot_MSE: 969420.062500, rot_RMSE: 984.591309, rot_MAE: 855.113220, trans_MSE: 0.103850, trans_RMSE: 0.322258, trans_MAE: 0.211662
B--------->A
EPOCH:: 183, Loss: 5.435957, MSE: 1300867.691714, RMSE: 1140.555870, MAE: 583.340271, rot_MSE: 969420.125000, rot_RMSE: 984.591370, rot_MAE: 855.113098, trans_MSE: 0.144212, trans_RMSE: 0.379753, trans_MAE: 0.288654
==TEST==
A--------->B
EPOCH:: 183, Loss: 33.058475, Cycle Loss: 6.117343, MSE: 1274811.792097, RMSE: 1129.075636, MAE: 563.665313, rot_MSE: 964740.937500, rot_RMSE: 982.212280, rot_MAE: 849.519531, trans_MSE: 21.150011, trans_RMSE: 4.598914, trans_MAE: 1.308849
B--------->A
EPOCH:: 183, Loss: 33.058475, MSE: 1274819.811596, RMSE: 1129.079187, MAE: 559.755966, rot_MSE: 964784.687500, rot_RMSE: 982.234558, rot_MAE: 849.530396, trans_MSE: 18.727289, trans_RMSE: 4.327504, trans_MAE: 0.980452
==BEST TEST==
A--------->B
EPOCH:: 183, Loss: 7.157507, Cycle Loss: 0.185888, MSE: 1275734.990767, RMSE: 1129.484392, MAE: 562.669052, rot_MSE: 965144.875000, rot_RMSE: 982.417847, rot_MAE: 849.897400, trans_MSE: 0.990868, trans_RMSE: 0.995424, trans_MAE: 0.416629
B--------->A
EPOCH:: 183, Loss: 7.157507, MSE: 1275735.964747, RMSE: 1129.484823, MAE: 559.133644, rot_MSE: 965175.125000, rot_RMSE: 982.433289, rot_MAE: 849.900635, trans_MSE: 0.462194, trans_RMSE: 0.679849, trans_MAE: 0.394646
==TRAIN==
A--------->B
EPOCH:: 184, Loss: 5.336208, Cycle Loss:, 0.027602, MSE: 1308191.186527, RMSE: 1143.761857, MAE: 585.978154, rot_MSE: 970394.000000, rot_RMSE: 985.085754, rot_MAE: 855.727844, trans_MSE: 0.108612, trans_RMSE: 0.329563, trans_MAE: 0.206009
B--------->A
EPOCH:: 184, Loss: 5.336208, MSE: 1308191.663187, RMSE: 1143.762066, MAE: 584.448946, rot_MSE: 970394.750000, rot_RMSE: 985.086182, rot_MAE: 855.727966, trans_MSE: 0.138676, trans_RMSE: 0.372393, trans_MAE: 0.278493
==TEST==
A--------->B
EPOCH:: 184, Loss: 12.811952, Cycle Loss: 0.787030, MSE: 1273923.996513, RMSE: 1128.682416, MAE: 562.665876, rot_MSE: 964536.312500, rot_RMSE: 982.108093, rot_MAE: 849.827759, trans_MSE: 5.622863, trans_RMSE: 2.371258, trans_MAE: 0.901673
B--------->A
EPOCH:: 184, Loss: 12.811952, MSE: 1273923.767949, RMSE: 1128.682315, MAE: 559.067754, rot_MSE: 964555.812500, rot_RMSE: 982.118042, rot_MAE: 849.826965, trans_MSE: 1.315181, trans_RMSE: 1.146814, trans_MAE: 0.645088
==BEST TEST==
A--------->B
EPOCH:: 184, Loss: 7.157507, Cycle Loss: 0.185888, MSE: 1275734.990767, RMSE: 1129.484392, MAE: 562.669052, rot_MSE: 965144.875000, rot_RMSE: 982.417847, rot_MAE: 849.897400, trans_MSE: 0.990868, trans_RMSE: 0.995424, trans_MAE: 0.416629
B--------->A
EPOCH:: 184, Loss: 7.157507, MSE: 1275735.964747, RMSE: 1129.484823, MAE: 559.133644, rot_MSE: 965175.125000, rot_RMSE: 982.433289, rot_MAE: 849.900635, trans_MSE: 0.462194, trans_RMSE: 0.679849, trans_MAE: 0.394646
==TRAIN==
A--------->B
EPOCH:: 185, Loss: 5.379962, Cycle Loss:, 0.026686, MSE: 1314121.112973, RMSE: 1146.351217, MAE: 586.811519, rot_MSE: 969601.937500, rot_RMSE: 984.683655, rot_MAE: 855.202637, trans_MSE: 0.106963, trans_RMSE: 0.327052, trans_MAE: 0.211906
B--------->A
EPOCH:: 185, Loss: 5.379962, MSE: 1314120.811236, RMSE: 1146.351086, MAE: 585.253435, rot_MSE: 969603.375000, rot_RMSE: 984.684387, rot_MAE: 855.203247, trans_MSE: 0.145285, trans_RMSE: 0.381163, trans_MAE: 0.290359
==TEST==
A--------->B
EPOCH:: 185, Loss: 32.427963, Cycle Loss: 4.888779, MSE: 1274087.570958, RMSE: 1128.754876, MAE: 563.464903, rot_MSE: 964558.625000, rot_RMSE: 982.119446, rot_MAE: 849.580078, trans_MSE: 21.369881, trans_RMSE: 4.622757, trans_MAE: 1.304509
B--------->A
EPOCH:: 185, Loss: 32.427963, MSE: 1274087.478048, RMSE: 1128.754835, MAE: 559.205506, rot_MSE: 964598.500000, rot_RMSE: 982.139771, rot_MAE: 849.584717, trans_MSE: 13.357150, trans_RMSE: 3.654743, trans_MAE: 0.922759
==BEST TEST==
A--------->B
EPOCH:: 185, Loss: 7.157507, Cycle Loss: 0.185888, MSE: 1275734.990767, RMSE: 1129.484392, MAE: 562.669052, rot_MSE: 965144.875000, rot_RMSE: 982.417847, rot_MAE: 849.897400, trans_MSE: 0.990868, trans_RMSE: 0.995424, trans_MAE: 0.416629
B--------->A
EPOCH:: 185, Loss: 7.157507, MSE: 1275735.964747, RMSE: 1129.484823, MAE: 559.133644, rot_MSE: 965175.125000, rot_RMSE: 982.433289, rot_MAE: 849.900635, trans_MSE: 0.462194, trans_RMSE: 0.679849, trans_MAE: 0.394646
==TRAIN==
A--------->B
EPOCH:: 186, Loss: 5.296806, Cycle Loss:, 0.027356, MSE: 1318998.500162, RMSE: 1148.476600, MAE: 588.083243, rot_MSE: 969869.250000, rot_RMSE: 984.819397, rot_MAE: 855.494324, trans_MSE: 0.110921, trans_RMSE: 0.333048, trans_MAE: 0.214424
B--------->A
EPOCH:: 186, Loss: 5.296806, MSE: 1318998.601498, RMSE: 1148.476644, MAE: 587.140028, rot_MSE: 969870.187500, rot_RMSE: 984.819885, rot_MAE: 855.494629, trans_MSE: 0.142356, trans_RMSE: 0.377301, trans_MAE: 0.285551
==TEST==
A--------->B
EPOCH:: 186, Loss: 8.840359, Cycle Loss: 0.426754, MSE: 1274843.697508, RMSE: 1129.089765, MAE: 562.599984, rot_MSE: 964853.625000, rot_RMSE: 982.269653, rot_MAE: 849.839722, trans_MSE: 2.476852, trans_RMSE: 1.573802, trans_MAE: 0.589343
B--------->A
EPOCH:: 186, Loss: 8.840359, MSE: 1274847.449251, RMSE: 1129.091426, MAE: 559.357908, rot_MSE: 964882.312500, rot_RMSE: 982.284241, rot_MAE: 849.842102, trans_MSE: 0.985311, trans_RMSE: 0.992629, trans_MAE: 0.480997
==BEST TEST==
A--------->B
EPOCH:: 186, Loss: 7.157507, Cycle Loss: 0.185888, MSE: 1275734.990767, RMSE: 1129.484392, MAE: 562.669052, rot_MSE: 965144.875000, rot_RMSE: 982.417847, rot_MAE: 849.897400, trans_MSE: 0.990868, trans_RMSE: 0.995424, trans_MAE: 0.416629
B--------->A
EPOCH:: 186, Loss: 7.157507, MSE: 1275735.964747, RMSE: 1129.484823, MAE: 559.133644, rot_MSE: 965175.125000, rot_RMSE: 982.433289, rot_MAE: 849.900635, trans_MSE: 0.462194, trans_RMSE: 0.679849, trans_MAE: 0.394646
==TRAIN==
A--------->B
EPOCH:: 187, Loss: 5.280151, Cycle Loss:, 0.028035, MSE: 1319206.720760, RMSE: 1148.567247, MAE: 588.155018, rot_MSE: 968285.500000, rot_RMSE: 984.015015, rot_MAE: 854.594055, trans_MSE: 0.102941, trans_RMSE: 0.320844, trans_MAE: 0.210080
B--------->A
EPOCH:: 187, Loss: 5.280151, MSE: 1319207.119943, RMSE: 1148.567421, MAE: 586.418248, rot_MSE: 968286.375000, rot_RMSE: 984.015442, rot_MAE: 854.594055, trans_MSE: 0.150011, trans_RMSE: 0.387312, trans_MAE: 0.287524
==TEST==
A--------->B
EPOCH:: 187, Loss: 11.752846, Cycle Loss: 1.183167, MSE: 1274336.015173, RMSE: 1128.864923, MAE: 562.588865, rot_MSE: 964791.187500, rot_RMSE: 982.237854, rot_MAE: 849.746460, trans_MSE: 4.860718, trans_RMSE: 2.204704, trans_MAE: 0.714043
B--------->A
EPOCH:: 187, Loss: 11.752846, MSE: 1274342.408510, RMSE: 1128.867755, MAE: 559.544534, rot_MSE: 964819.312500, rot_RMSE: 982.252136, rot_MAE: 849.752747, trans_MSE: 3.283287, trans_RMSE: 1.811984, trans_MAE: 0.563778
==BEST TEST==
A--------->B
EPOCH:: 187, Loss: 7.157507, Cycle Loss: 0.185888, MSE: 1275734.990767, RMSE: 1129.484392, MAE: 562.669052, rot_MSE: 965144.875000, rot_RMSE: 982.417847, rot_MAE: 849.897400, trans_MSE: 0.990868, trans_RMSE: 0.995424, trans_MAE: 0.416629
B--------->A
EPOCH:: 187, Loss: 7.157507, MSE: 1275735.964747, RMSE: 1129.484823, MAE: 559.133644, rot_MSE: 965175.125000, rot_RMSE: 982.433289, rot_MAE: 849.900635, trans_MSE: 0.462194, trans_RMSE: 0.679849, trans_MAE: 0.394646
==TRAIN==
A--------->B
EPOCH:: 188, Loss: 5.369200, Cycle Loss:, 0.025059, MSE: 1319033.190029, RMSE: 1148.491702, MAE: 588.097449, rot_MSE: 969811.562500, rot_RMSE: 984.790100, rot_MAE: 855.475647, trans_MSE: 0.091494, trans_RMSE: 0.302480, trans_MAE: 0.204695
B--------->A
EPOCH:: 188, Loss: 5.369200, MSE: 1319033.178229, RMSE: 1148.491697, MAE: 586.560475, rot_MSE: 969813.937500, rot_RMSE: 984.791321, rot_MAE: 855.476685, trans_MSE: 0.144142, trans_RMSE: 0.379660, trans_MAE: 0.284833
==TEST==
A--------->B
EPOCH:: 188, Loss: 7.512314, Cycle Loss: 0.209397, MSE: 1274137.636299, RMSE: 1128.777053, MAE: 562.647381, rot_MSE: 964874.062500, rot_RMSE: 982.280029, rot_MAE: 849.824219, trans_MSE: 1.257194, trans_RMSE: 1.121247, trans_MAE: 0.466530
B--------->A
EPOCH:: 188, Loss: 7.512314, MSE: 1274139.506909, RMSE: 1128.777882, MAE: 558.538660, rot_MSE: 964890.437500, rot_RMSE: 982.288391, rot_MAE: 849.826599, trans_MSE: 0.476160, trans_RMSE: 0.690044, trans_MAE: 0.399740
==BEST TEST==
A--------->B
EPOCH:: 188, Loss: 7.157507, Cycle Loss: 0.185888, MSE: 1275734.990767, RMSE: 1129.484392, MAE: 562.669052, rot_MSE: 965144.875000, rot_RMSE: 982.417847, rot_MAE: 849.897400, trans_MSE: 0.990868, trans_RMSE: 0.995424, trans_MAE: 0.416629
B--------->A
EPOCH:: 188, Loss: 7.157507, MSE: 1275735.964747, RMSE: 1129.484823, MAE: 559.133644, rot_MSE: 965175.125000, rot_RMSE: 982.433289, rot_MAE: 849.900635, trans_MSE: 0.462194, trans_RMSE: 0.679849, trans_MAE: 0.394646
==TRAIN==
A--------->B
EPOCH:: 189, Loss: 5.392877, Cycle Loss:, 0.026400, MSE: 1319190.685166, RMSE: 1148.560266, MAE: 588.041811, rot_MSE: 969365.437500, rot_RMSE: 984.563599, rot_MAE: 855.081238, trans_MSE: 0.103812, trans_RMSE: 0.322198, trans_MAE: 0.208260
B--------->A
EPOCH:: 189, Loss: 5.392877, MSE: 1319190.901258, RMSE: 1148.560360, MAE: 586.064667, rot_MSE: 969366.687500, rot_RMSE: 984.564209, rot_MAE: 855.081604, trans_MSE: 0.142666, trans_RMSE: 0.377712, trans_MAE: 0.280538
==TEST==
A--------->B
EPOCH:: 189, Loss: 15.702348, Cycle Loss: 1.581168, MSE: 1274297.225852, RMSE: 1128.847743, MAE: 562.833800, rot_MSE: 964437.937500, rot_RMSE: 982.057983, rot_MAE: 849.662720, trans_MSE: 8.139303, trans_RMSE: 2.852947, trans_MAE: 0.963120
B--------->A
EPOCH:: 189, Loss: 15.702348, MSE: 1274302.008006, RMSE: 1128.849861, MAE: 559.611364, rot_MSE: 964472.250000, rot_RMSE: 982.075500, rot_MAE: 849.665283, trans_MSE: 3.759045, trans_RMSE: 1.938826, trans_MAE: 0.670935
==BEST TEST==
A--------->B
EPOCH:: 189, Loss: 7.157507, Cycle Loss: 0.185888, MSE: 1275734.990767, RMSE: 1129.484392, MAE: 562.669052, rot_MSE: 965144.875000, rot_RMSE: 982.417847, rot_MAE: 849.897400, trans_MSE: 0.990868, trans_RMSE: 0.995424, trans_MAE: 0.416629
B--------->A
EPOCH:: 189, Loss: 7.157507, MSE: 1275735.964747, RMSE: 1129.484823, MAE: 559.133644, rot_MSE: 965175.125000, rot_RMSE: 982.433289, rot_MAE: 849.900635, trans_MSE: 0.462194, trans_RMSE: 0.679849, trans_MAE: 0.394646
==TRAIN==
A--------->B
EPOCH:: 190, Loss: 5.362384, Cycle Loss:, 0.025837, MSE: 1314113.183156, RMSE: 1146.347758, MAE: 587.036171, rot_MSE: 968485.437500, rot_RMSE: 984.116577, rot_MAE: 854.779236, trans_MSE: 0.091697, trans_RMSE: 0.302815, trans_MAE: 0.205446
B--------->A
EPOCH:: 190, Loss: 5.362384, MSE: 1314113.484699, RMSE: 1146.347890, MAE: 585.118508, rot_MSE: 968484.125000, rot_RMSE: 984.115906, rot_MAE: 854.778381, trans_MSE: 0.155840, trans_RMSE: 0.394766, trans_MAE: 0.291216
==TEST==
A--------->B
EPOCH:: 190, Loss: 10.447965, Cycle Loss: 0.830454, MSE: 1274388.149858, RMSE: 1128.888015, MAE: 562.856235, rot_MSE: 964762.812500, rot_RMSE: 982.223389, rot_MAE: 849.677612, trans_MSE: 3.779682, trans_RMSE: 1.944140, trans_MAE: 0.660953
B--------->A
EPOCH:: 190, Loss: 10.447965, MSE: 1274393.029507, RMSE: 1128.890176, MAE: 559.260349, rot_MSE: 964786.625000, rot_RMSE: 982.235535, rot_MAE: 849.683167, trans_MSE: 2.156966, trans_RMSE: 1.468661, trans_MAE: 0.521231
==BEST TEST==
A--------->B
EPOCH:: 190, Loss: 7.157507, Cycle Loss: 0.185888, MSE: 1275734.990767, RMSE: 1129.484392, MAE: 562.669052, rot_MSE: 965144.875000, rot_RMSE: 982.417847, rot_MAE: 849.897400, trans_MSE: 0.990868, trans_RMSE: 0.995424, trans_MAE: 0.416629
B--------->A
EPOCH:: 190, Loss: 7.157507, MSE: 1275735.964747, RMSE: 1129.484823, MAE: 559.133644, rot_MSE: 965175.125000, rot_RMSE: 982.433289, rot_MAE: 849.900635, trans_MSE: 0.462194, trans_RMSE: 0.679849, trans_MAE: 0.394646
==TRAIN==
A--------->B
EPOCH:: 191, Loss: 5.389229, Cycle Loss:, 0.029593, MSE: 1308577.242577, RMSE: 1143.930611, MAE: 585.620451, rot_MSE: 970711.250000, rot_RMSE: 985.246826, rot_MAE: 855.866699, trans_MSE: 0.100632, trans_RMSE: 0.317226, trans_MAE: 0.211966
B--------->A
EPOCH:: 191, Loss: 5.389229, MSE: 1308577.282612, RMSE: 1143.930628, MAE: 584.064623, rot_MSE: 970713.062500, rot_RMSE: 985.247742, rot_MAE: 855.867493, trans_MSE: 0.159039, trans_RMSE: 0.398797, trans_MAE: 0.288410
==TEST==
A--------->B
EPOCH:: 191, Loss: 13.359222, Cycle Loss: 1.571087, MSE: 1273700.118737, RMSE: 1128.583235, MAE: 562.987303, rot_MSE: 965103.437500, rot_RMSE: 982.396790, rot_MAE: 849.871216, trans_MSE: 5.889486, trans_RMSE: 2.426826, trans_MAE: 0.800597
B--------->A
EPOCH:: 191, Loss: 13.359222, MSE: 1273704.540418, RMSE: 1128.585194, MAE: 559.450337, rot_MSE: 965128.437500, rot_RMSE: 982.409485, rot_MAE: 849.874023, trans_MSE: 4.623845, trans_RMSE: 2.150313, trans_MAE: 0.629046
==BEST TEST==
A--------->B
EPOCH:: 191, Loss: 7.157507, Cycle Loss: 0.185888, MSE: 1275734.990767, RMSE: 1129.484392, MAE: 562.669052, rot_MSE: 965144.875000, rot_RMSE: 982.417847, rot_MAE: 849.897400, trans_MSE: 0.990868, trans_RMSE: 0.995424, trans_MAE: 0.416629
B--------->A
EPOCH:: 191, Loss: 7.157507, MSE: 1275735.964747, RMSE: 1129.484823, MAE: 559.133644, rot_MSE: 965175.125000, rot_RMSE: 982.433289, rot_MAE: 849.900635, trans_MSE: 0.462194, trans_RMSE: 0.679849, trans_MAE: 0.394646
==TRAIN==
A--------->B
EPOCH:: 192, Loss: 5.317180, Cycle Loss:, 0.026343, MSE: 1318990.631224, RMSE: 1148.473174, MAE: 588.075013, rot_MSE: 970525.750000, rot_RMSE: 985.152649, rot_MAE: 855.806641, trans_MSE: 0.105126, trans_RMSE: 0.324232, trans_MAE: 0.205012
B--------->A
EPOCH:: 192, Loss: 5.317180, MSE: 1318990.855420, RMSE: 1148.473272, MAE: 586.763404, rot_MSE: 970527.625000, rot_RMSE: 985.153625, rot_MAE: 855.807312, trans_MSE: 0.147571, trans_RMSE: 0.384149, trans_MAE: 0.284361
==TEST==
A--------->B
EPOCH:: 192, Loss: 10.403196, Cycle Loss: 0.764453, MSE: 1273790.988765, RMSE: 1128.623493, MAE: 562.892661, rot_MSE: 964310.562500, rot_RMSE: 981.993164, rot_MAE: 849.522827, trans_MSE: 3.472656, trans_RMSE: 1.863506, trans_MAE: 0.679512
B--------->A
EPOCH:: 192, Loss: 10.403196, MSE: 1273796.029830, RMSE: 1128.625726, MAE: 559.078876, rot_MSE: 964334.000000, rot_RMSE: 982.005066, rot_MAE: 849.525818, trans_MSE: 2.333671, trans_RMSE: 1.527636, trans_MAE: 0.559620
==BEST TEST==
A--------->B
EPOCH:: 192, Loss: 7.157507, Cycle Loss: 0.185888, MSE: 1275734.990767, RMSE: 1129.484392, MAE: 562.669052, rot_MSE: 965144.875000, rot_RMSE: 982.417847, rot_MAE: 849.897400, trans_MSE: 0.990868, trans_RMSE: 0.995424, trans_MAE: 0.416629
B--------->A
EPOCH:: 192, Loss: 7.157507, MSE: 1275735.964747, RMSE: 1129.484823, MAE: 559.133644, rot_MSE: 965175.125000, rot_RMSE: 982.433289, rot_MAE: 849.900635, trans_MSE: 0.462194, trans_RMSE: 0.679849, trans_MAE: 0.394646
Namespace(exp_name='exp', model='dcp', emb_nn='dgcnn', pointer='transformer', head='svd', emb_dims=512, n_blocks=1, n_heads=4, ff_dims=1024, dropout=0.0, batch_size=4, test_batch_size=5, epochs=250, use_sgd=False, lr=0.001, momentum=0.9, no_cuda=False, seed=1234, eval=False, cycle=True, num_points=1024, model_path='', data_path='/mnt/d/SICK/pay-10-bucks/DCPwithIntensity/dataset', use_intensity=True, num_workers=4)
Using 4 input channels.
Train data: 966 pairs, Test data: 242 pairs
==TRAIN==
A--------->B
EPOCH:: 0, Loss: 155242.831483, Cycle Loss:, 17433.566692, MSE: 1422574.921259, RMSE: 1192.717452, MAE: 597.371975, rot_MSE: 975014.437500, rot_RMSE: 987.428223, rot_MAE: 857.549988, trans_MSE: 137800.734375, trans_RMSE: 371.215210, trans_MAE: 159.949188
B--------->A
EPOCH:: 0, Loss: 155242.831483, MSE: 1348715.331723, RMSE: 1161.342039, MAE: 592.500349, rot_MSE: 973016.500000, rot_RMSE: 986.416016, rot_MAE: 856.414612, trans_MSE: 39591.921875, trans_RMSE: 198.977188, trans_MAE: 97.267677
==TEST==
A--------->B
EPOCH:: 0, Loss: 110446.055727, Cycle Loss: 11517.508080, MSE: 1346353.202286, RMSE: 1160.324611, MAE: 564.964405, rot_MSE: 973380.750000, rot_RMSE: 986.600586, rot_MAE: 853.552185, trans_MSE: 98919.835938, trans_RMSE: 314.515228, trans_MAE: 123.576080
B--------->A
EPOCH:: 0, Loss: 110446.055727, MSE: 1288053.007490, RMSE: 1134.924230, MAE: 563.962621, rot_MSE: 967867.437500, rot_RMSE: 983.802551, rot_MAE: 851.249329, trans_MSE: 20807.662109, trans_RMSE: 144.248611, trans_MAE: 69.874947
==BEST TEST==
A--------->B
EPOCH:: 0, Loss: 110446.055727, Cycle Loss: 11517.508080, MSE: 1346353.202286, RMSE: 1160.324611, MAE: 564.964405, rot_MSE: 973380.750000, rot_RMSE: 986.600586, rot_MAE: 853.552185, trans_MSE: 98919.835938, trans_RMSE: 314.515228, trans_MAE: 123.576080
B--------->A
EPOCH:: 0, Loss: 110446.055727, MSE: 1288053.007490, RMSE: 1134.924230, MAE: 563.962621, rot_MSE: 967867.437500, rot_RMSE: 983.802551, rot_MAE: 851.249329, trans_MSE: 20807.662109, trans_RMSE: 144.248611, trans_MAE: 69.874947
==TRAIN==
A--------->B
EPOCH:: 1, Loss: 63258.374835, Cycle Loss:, 7491.796006, MSE: 1360186.372407, RMSE: 1166.270283, MAE: 591.398847, rot_MSE: 974723.187500, rot_RMSE: 987.280701, rot_MAE: 857.603455, trans_MSE: 55757.218750, trans_RMSE: 236.129669, trans_MAE: 110.109535
B--------->A
EPOCH:: 1, Loss: 63258.374835, MSE: 1336553.509660, RMSE: 1156.094075, MAE: 590.003283, rot_MSE: 973428.500000, rot_RMSE: 986.624817, rot_MAE: 857.042297, trans_MSE: 24076.902344, trans_RMSE: 155.167343, trans_MAE: 71.373314
==TEST==
A--------->B
EPOCH:: 1, Loss: 129498.454558, Cycle Loss: 13144.396151, MSE: 1361328.838778, RMSE: 1166.759975, MAE: 572.248555, rot_MSE: 972909.375000, rot_RMSE: 986.361694, rot_MAE: 853.133240, trans_MSE: 116345.203125, trans_RMSE: 341.094116, trans_MAE: 135.626877
B--------->A
EPOCH:: 1, Loss: 129498.454558, MSE: 1291670.676847, RMSE: 1136.516906, MAE: 566.532531, rot_MSE: 968741.187500, rot_RMSE: 984.246521, rot_MAE: 851.013245, trans_MSE: 22651.496094, trans_RMSE: 150.504135, trans_MAE: 71.490646
==BEST TEST==
A--------->B
EPOCH:: 1, Loss: 110446.055727, Cycle Loss: 11517.508080, MSE: 1346353.202286, RMSE: 1160.324611, MAE: 564.964405, rot_MSE: 973380.750000, rot_RMSE: 986.600586, rot_MAE: 853.552185, trans_MSE: 98919.835938, trans_RMSE: 314.515228, trans_MAE: 123.576080
B--------->A
EPOCH:: 1, Loss: 110446.055727, MSE: 1288053.007490, RMSE: 1134.924230, MAE: 563.962621, rot_MSE: 967867.437500, rot_RMSE: 983.802551, rot_MAE: 851.249329, trans_MSE: 20807.662109, trans_RMSE: 144.248611, trans_MAE: 69.874947
==TRAIN==
A--------->B
EPOCH:: 2, Loss: 46844.908386, Cycle Loss:, 5831.155946, MSE: 1349918.163673, RMSE: 1161.859787, MAE: 591.397739, rot_MSE: 976368.062500, rot_RMSE: 988.113403, rot_MAE: 858.408813, trans_MSE: 41004.730469, trans_RMSE: 202.496246, trans_MAE: 94.593536
B--------->A
EPOCH:: 2, Loss: 46844.908386, MSE: 1331146.171194, RMSE: 1153.753081, MAE: 591.209295, rot_MSE: 974300.437500, rot_RMSE: 987.066589, rot_MAE: 857.435486, trans_MSE: 16089.850586, trans_RMSE: 126.845772, trans_MAE: 63.109665
==TEST==
A--------->B
EPOCH:: 2, Loss: 265774.519599, Cycle Loss: 27648.197733, MSE: 1456763.650891, RMSE: 1206.964644, MAE: 572.502873, rot_MSE: 970601.937500, rot_RMSE: 985.191345, rot_MAE: 851.700928, trans_MSE: 238116.078125, trans_RMSE: 487.971405, trans_MAE: 175.644775
B--------->A
EPOCH:: 2, Loss: 265774.519599, MSE: 1337434.061144, RMSE: 1156.474842, MAE: 570.616828, rot_MSE: 967759.875000, rot_RMSE: 983.747864, rot_MAE: 850.932312, trans_MSE: 77442.281250, trans_RMSE: 278.284546, trans_MAE: 93.352005
==BEST TEST==
A--------->B
EPOCH:: 2, Loss: 110446.055727, Cycle Loss: 11517.508080, MSE: 1346353.202286, RMSE: 1160.324611, MAE: 564.964405, rot_MSE: 973380.750000, rot_RMSE: 986.600586, rot_MAE: 853.552185, trans_MSE: 98919.835938, trans_RMSE: 314.515228, trans_MAE: 123.576080
B--------->A
EPOCH:: 2, Loss: 110446.055727, MSE: 1288053.007490, RMSE: 1134.924230, MAE: 563.962621, rot_MSE: 967867.437500, rot_RMSE: 983.802551, rot_MAE: 851.249329, trans_MSE: 20807.662109, trans_RMSE: 144.248611, trans_MAE: 69.874947
==TRAIN==
A--------->B
EPOCH:: 3, Loss: 22211.619013, Cycle Loss:, 2765.585353, MSE: 1333844.358305, RMSE: 1154.921797, MAE: 588.123544, rot_MSE: 976439.937500, rot_RMSE: 988.149780, rot_MAE: 858.387390, trans_MSE: 19436.470703, trans_RMSE: 139.414749, trans_MAE: 73.850990
B--------->A
EPOCH:: 3, Loss: 22211.619013, MSE: 1324313.262870, RMSE: 1150.788105, MAE: 589.255154, rot_MSE: 974689.750000, rot_RMSE: 987.263794, rot_MAE: 857.616638, trans_MSE: 6702.404785, trans_RMSE: 81.868217, trans_MAE: 50.432079
==TEST==
A--------->B
EPOCH:: 3, Loss: 139995.939422, Cycle Loss: 16072.223923, MSE: 1373235.021823, RMSE: 1171.851109, MAE: 571.069316, rot_MSE: 969044.125000, rot_RMSE: 984.400391, rot_MAE: 850.962830, trans_MSE: 123912.187500, trans_RMSE: 352.011627, trans_MAE: 131.780609
B--------->A
EPOCH:: 3, Loss: 139995.939422, MSE: 1299901.514269, RMSE: 1140.132235, MAE: 565.102405, rot_MSE: 966046.125000, rot_RMSE: 982.876465, rot_MAE: 850.155151, trans_MSE: 25271.031250, trans_RMSE: 158.968643, trans_MAE: 64.677582
==BEST TEST==
A--------->B
EPOCH:: 3, Loss: 110446.055727, Cycle Loss: 11517.508080, MSE: 1346353.202286, RMSE: 1160.324611, MAE: 564.964405, rot_MSE: 973380.750000, rot_RMSE: 986.600586, rot_MAE: 853.552185, trans_MSE: 98919.835938, trans_RMSE: 314.515228, trans_MAE: 123.576080
B--------->A
EPOCH:: 3, Loss: 110446.055727, MSE: 1288053.007490, RMSE: 1134.924230, MAE: 563.962621, rot_MSE: 967867.437500, rot_RMSE: 983.802551, rot_MAE: 851.249329, trans_MSE: 20807.662109, trans_RMSE: 144.248611, trans_MAE: 69.874947
==TRAIN==
A--------->B
EPOCH:: 4, Loss: 11365.866516, Cycle Loss:, 1453.358612, MSE: 1326538.755705, RMSE: 1151.754642, MAE: 587.800278, rot_MSE: 975937.687500, rot_RMSE: 987.895569, rot_MAE: 858.377075, trans_MSE: 9902.683594, trans_RMSE: 99.512230, trans_MAE: 55.157478
B--------->A
EPOCH:: 4, Loss: 11365.866516, MSE: 1321857.398081, RMSE: 1149.720574, MAE: 589.432002, rot_MSE: 974790.625000, rot_RMSE: 987.314880, rot_MAE: 857.821289, trans_MSE: 3670.999268, trans_RMSE: 60.588772, trans_MAE: 39.687771
==TEST==
A--------->B
EPOCH:: 4, Loss: 53986.631668, Cycle Loss: 8005.316740, MSE: 1315648.348786, RMSE: 1147.017153, MAE: 566.885124, rot_MSE: 970574.625000, rot_RMSE: 985.177429, rot_MAE: 851.846619, trans_MSE: 45969.742188, trans_RMSE: 214.405548, trans_MAE: 89.400314
B--------->A
EPOCH:: 4, Loss: 53986.631668, MSE: 1299740.561790, RMSE: 1140.061648, MAE: 565.382228, rot_MSE: 966404.562500, rot_RMSE: 983.058777, rot_MAE: 850.296814, trans_MSE: 24714.865234, trans_RMSE: 157.209625, trans_MAE: 59.479378
==BEST TEST==
A--------->B
EPOCH:: 4, Loss: 53986.631668, Cycle Loss: 8005.316740, MSE: 1315648.348786, RMSE: 1147.017153, MAE: 566.885124, rot_MSE: 970574.625000, rot_RMSE: 985.177429, rot_MAE: 851.846619, trans_MSE: 45969.742188, trans_RMSE: 214.405548, trans_MAE: 89.400314
B--------->A
EPOCH:: 4, Loss: 53986.631668, MSE: 1299740.561790, RMSE: 1140.061648, MAE: 565.382228, rot_MSE: 966404.562500, rot_RMSE: 983.058777, rot_MAE: 850.296814, trans_MSE: 24714.865234, trans_RMSE: 157.209625, trans_MAE: 59.479378
==TRAIN==
A--------->B
EPOCH:: 5, Loss: 17851.506124, Cycle Loss:, 2240.373884, MSE: 1329465.875065, RMSE: 1153.024664, MAE: 587.938925, rot_MSE: 975357.375000, rot_RMSE: 987.601807, rot_MAE: 857.961853, trans_MSE: 15599.909180, trans_RMSE: 124.899597, trans_MAE: 59.041969
B--------->A
EPOCH:: 5, Loss: 17851.506124, MSE: 1321116.200207, RMSE: 1149.398190, MAE: 587.781295, rot_MSE: 973986.375000, rot_RMSE: 986.907471, rot_MAE: 857.303101, trans_MSE: 4555.280273, trans_RMSE: 67.492813, trans_MAE: 43.351818
==TEST==
A--------->B
EPOCH:: 5, Loss: 12983.809300, Cycle Loss: 1717.102010, MSE: 1288914.437500, RMSE: 1135.303676, MAE: 564.283847, rot_MSE: 973299.125000, rot_RMSE: 986.559265, rot_MAE: 852.828369, trans_MSE: 11250.379883, trans_RMSE: 106.067810, trans_MAE: 60.237614
B--------->A
EPOCH:: 5, Loss: 12983.809300, MSE: 1285438.978822, RMSE: 1133.772014, MAE: 564.296621, rot_MSE: 963932.812500, rot_RMSE: 981.800781, rot_MAE: 848.811035, trans_MSE: 5290.690918, trans_RMSE: 72.737137, trans_MAE: 45.465172
==BEST TEST==
A--------->B
EPOCH:: 5, Loss: 12983.809300, Cycle Loss: 1717.102010, MSE: 1288914.437500, RMSE: 1135.303676, MAE: 564.283847, rot_MSE: 973299.125000, rot_RMSE: 986.559265, rot_MAE: 852.828369, trans_MSE: 11250.379883, trans_RMSE: 106.067810, trans_MAE: 60.237614
B--------->A
EPOCH:: 5, Loss: 12983.809300, MSE: 1285438.978822, RMSE: 1133.772014, MAE: 564.296621, rot_MSE: 963932.812500, rot_RMSE: 981.800781, rot_MAE: 848.811035, trans_MSE: 5290.690918, trans_RMSE: 72.737137, trans_MAE: 45.465172
==TRAIN==
A--------->B
EPOCH:: 6, Loss: 3296.445950, Cycle Loss:, 443.996262, MSE: 1321012.565353, RMSE: 1149.353107, MAE: 587.414761, rot_MSE: 974752.250000, rot_RMSE: 987.295410, rot_MAE: 857.565369, trans_MSE: 2840.341553, trans_RMSE: 53.294853, trans_MAE: 31.050684
B--------->A
EPOCH:: 6, Loss: 3296.445950, MSE: 1320072.703157, RMSE: 1148.944169, MAE: 587.268060, rot_MSE: 973707.000000, rot_RMSE: 986.765930, rot_MAE: 856.975952, trans_MSE: 1684.108032, trans_RMSE: 41.037884, trans_MAE: 26.453474
==TEST==
A--------->B
EPOCH:: 6, Loss: 7475.313662, Cycle Loss: 1019.204556, MSE: 1281749.782089, RMSE: 1132.143888, MAE: 564.585538, rot_MSE: 975253.000000, rot_RMSE: 987.549011, rot_MAE: 854.235046, trans_MSE: 6437.780273, trans_RMSE: 80.235779, trans_MAE: 53.218170
B--------->A
EPOCH:: 6, Loss: 7475.313662, MSE: 1279307.365961, RMSE: 1131.064705, MAE: 561.850664, rot_MSE: 964428.875000, rot_RMSE: 982.053406, rot_MAE: 848.901001, trans_MSE: 2754.079590, trans_RMSE: 52.479324, trans_MAE: 38.844193
==BEST TEST==
A--------->B
EPOCH:: 6, Loss: 7475.313662, Cycle Loss: 1019.204556, MSE: 1281749.782089, RMSE: 1132.143888, MAE: 564.585538, rot_MSE: 975253.000000, rot_RMSE: 987.549011, rot_MAE: 854.235046, trans_MSE: 6437.780273, trans_RMSE: 80.235779, trans_MAE: 53.218170
B--------->A
EPOCH:: 6, Loss: 7475.313662, MSE: 1279307.365961, RMSE: 1131.064705, MAE: 561.850664, rot_MSE: 964428.875000, rot_RMSE: 982.053406, rot_MAE: 848.901001, trans_MSE: 2754.079590, trans_RMSE: 52.479324, trans_MAE: 38.844193
==TRAIN==
A--------->B
EPOCH:: 7, Loss: 3888.454649, Cycle Loss:, 472.083035, MSE: 1315544.248801, RMSE: 1146.971773, MAE: 585.141327, rot_MSE: 976446.312500, rot_RMSE: 988.152954, rot_MAE: 858.625610, trans_MSE: 3403.569580, trans_RMSE: 58.340118, trans_MAE: 26.240532
B--------->A
EPOCH:: 7, Loss: 3888.454649, MSE: 1313862.761735, RMSE: 1146.238527, MAE: 586.103177, rot_MSE: 973486.375000, rot_RMSE: 986.654114, rot_MAE: 856.979614, trans_MSE: 1299.078735, trans_RMSE: 36.042736, trans_MAE: 23.000837
==TEST==
A--------->B
EPOCH:: 7, Loss: 8003.977024, Cycle Loss: 1261.852017, MSE: 1283165.417549, RMSE: 1132.768916, MAE: 564.706292, rot_MSE: 975368.437500, rot_RMSE: 987.607422, rot_MAE: 853.544189, trans_MSE: 6721.567383, trans_RMSE: 81.985168, trans_MAE: 45.531830
B--------->A
EPOCH:: 7, Loss: 8003.977024, MSE: 1280565.818246, RMSE: 1131.620881, MAE: 561.708655, rot_MSE: 965102.187500, rot_RMSE: 982.396118, rot_MAE: 848.440918, trans_MSE: 2931.641113, trans_RMSE: 54.144630, trans_MAE: 33.911221
==BEST TEST==
A--------->B
EPOCH:: 7, Loss: 7475.313662, Cycle Loss: 1019.204556, MSE: 1281749.782089, RMSE: 1132.143888, MAE: 564.585538, rot_MSE: 975253.000000, rot_RMSE: 987.549011, rot_MAE: 854.235046, trans_MSE: 6437.780273, trans_RMSE: 80.235779, trans_MAE: 53.218170
B--------->A
EPOCH:: 7, Loss: 7475.313662, MSE: 1279307.365961, RMSE: 1131.064705, MAE: 561.850664, rot_MSE: 964428.875000, rot_RMSE: 982.053406, rot_MAE: 848.901001, trans_MSE: 2754.079590, trans_RMSE: 52.479324, trans_MAE: 38.844193
==TRAIN==
A--------->B
EPOCH:: 8, Loss: 1341.688692, Cycle Loss:, 215.620557, MSE: 1314538.226660, RMSE: 1146.533134, MAE: 585.924059, rot_MSE: 974986.687500, rot_RMSE: 987.414124, rot_MAE: 857.589722, trans_MSE: 1113.935059, trans_RMSE: 33.375668, trans_MAE: 20.864904
B--------->A
EPOCH:: 8, Loss: 1341.688692, MSE: 1314571.283616, RMSE: 1146.547550, MAE: 585.913758, rot_MSE: 973000.125000, rot_RMSE: 986.407715, rot_MAE: 856.921692, trans_MSE: 1039.838135, trans_RMSE: 32.246521, trans_MAE: 20.713018
==TEST==
A--------->B
EPOCH:: 8, Loss: 5111.328923, Cycle Loss: 785.342781, MSE: 1281534.871643, RMSE: 1132.048971, MAE: 564.830962, rot_MSE: 975487.937500, rot_RMSE: 987.667908, rot_MAE: 853.990784, trans_MSE: 4305.450195, trans_RMSE: 65.615929, trans_MAE: 42.383797
B--------->A
EPOCH:: 8, Loss: 5111.328923, MSE: 1280319.279442, RMSE: 1131.511944, MAE: 561.393250, rot_MSE: 966079.500000, rot_RMSE: 982.893433, rot_MAE: 849.307251, trans_MSE: 2328.791260, trans_RMSE: 48.257553, trans_MAE: 34.110264
==BEST TEST==
A--------->B
EPOCH:: 8, Loss: 5111.328923, Cycle Loss: 785.342781, MSE: 1281534.871643, RMSE: 1132.048971, MAE: 564.830962, rot_MSE: 975487.937500, rot_RMSE: 987.667908, rot_MAE: 853.990784, trans_MSE: 4305.450195, trans_RMSE: 65.615929, trans_MAE: 42.383797
B--------->A
EPOCH:: 8, Loss: 5111.328923, MSE: 1280319.279442, RMSE: 1131.511944, MAE: 561.393250, rot_MSE: 966079.500000, rot_RMSE: 982.893433, rot_MAE: 849.307251, trans_MSE: 2328.791260, trans_RMSE: 48.257553, trans_MAE: 34.110264
==TRAIN==
A--------->B
EPOCH:: 9, Loss: 1395.367340, Cycle Loss:, 222.088627, MSE: 1313945.300895, RMSE: 1146.274531, MAE: 585.522918, rot_MSE: 975975.062500, rot_RMSE: 987.914490, rot_MAE: 858.582153, trans_MSE: 1161.025879, trans_RMSE: 34.073830, trans_MAE: 20.197796
B--------->A
EPOCH:: 9, Loss: 1395.367340, MSE: 1313904.286242, RMSE: 1146.256641, MAE: 585.661577, rot_MSE: 972449.812500, rot_RMSE: 986.128723, rot_MAE: 856.706970, trans_MSE: 1048.013306, trans_RMSE: 32.373035, trans_MAE: 19.760511
==TEST==
A--------->B
EPOCH:: 9, Loss: 5163.192205, Cycle Loss: 789.364660, MSE: 1279556.232890, RMSE: 1131.174714, MAE: 566.434958, rot_MSE: 981191.250000, rot_RMSE: 990.550964, rot_MAE: 857.981689, trans_MSE: 4346.812012, trans_RMSE: 65.930359, trans_MAE: 45.595116
B--------->A
EPOCH:: 9, Loss: 5163.192205, MSE: 1278564.314502, RMSE: 1130.736183, MAE: 562.621913, rot_MSE: 969595.937500, rot_RMSE: 984.680603, rot_MAE: 850.790100, trans_MSE: 2787.895264, trans_RMSE: 52.800522, trans_MAE: 39.068764
==BEST TEST==
A--------->B
EPOCH:: 9, Loss: 5111.328923, Cycle Loss: 785.342781, MSE: 1281534.871643, RMSE: 1132.048971, MAE: 564.830962, rot_MSE: 975487.937500, rot_RMSE: 987.667908, rot_MAE: 853.990784, trans_MSE: 4305.450195, trans_RMSE: 65.615929, trans_MAE: 42.383797
B--------->A
EPOCH:: 9, Loss: 5111.328923, MSE: 1280319.279442, RMSE: 1131.511944, MAE: 561.393250, rot_MSE: 966079.500000, rot_RMSE: 982.893433, rot_MAE: 849.307251, trans_MSE: 2328.791260, trans_RMSE: 48.257553, trans_MAE: 34.110264
==TRAIN==
A--------->B
EPOCH:: 10, Loss: 1235.760417, Cycle Loss:, 218.439664, MSE: 1320017.508980, RMSE: 1148.920149, MAE: 587.057738, rot_MSE: 974347.875000, rot_RMSE: 987.090637, rot_MAE: 857.616272, trans_MSE: 1004.816589, trans_RMSE: 31.698843, trans_MAE: 19.828991
B--------->A
EPOCH:: 10, Loss: 1235.760417, MSE: 1320084.962396, RMSE: 1148.949504, MAE: 588.169641, rot_MSE: 975903.937500, rot_RMSE: 987.878479, rot_MAE: 858.475647, trans_MSE: 1108.121094, trans_RMSE: 33.288452, trans_MAE: 19.865379
==TEST==
A--------->B
EPOCH:: 10, Loss: 5835.191438, Cycle Loss: 869.270788, MSE: 1279761.354726, RMSE: 1131.265378, MAE: 565.984436, rot_MSE: 972998.375000, rot_RMSE: 986.406799, rot_MAE: 851.906250, trans_MSE: 4942.850098, trans_RMSE: 70.305405, trans_MAE: 46.801098
B--------->A
EPOCH:: 10, Loss: 5835.191438, MSE: 1278524.920325, RMSE: 1130.718763, MAE: 563.576783, rot_MSE: 971148.500000, rot_RMSE: 985.468689, rot_MAE: 852.206421, trans_MSE: 2821.546875, trans_RMSE: 53.118237, trans_MAE: 39.261990
==BEST TEST==
A--------->B
EPOCH:: 10, Loss: 5111.328923, Cycle Loss: 785.342781, MSE: 1281534.871643, RMSE: 1132.048971, MAE: 564.830962, rot_MSE: 975487.937500, rot_RMSE: 987.667908, rot_MAE: 853.990784, trans_MSE: 4305.450195, trans_RMSE: 65.615929, trans_MAE: 42.383797
B--------->A
EPOCH:: 10, Loss: 5111.328923, MSE: 1280319.279442, RMSE: 1131.511944, MAE: 561.393250, rot_MSE: 966079.500000, rot_RMSE: 982.893433, rot_MAE: 849.307251, trans_MSE: 2328.791260, trans_RMSE: 48.257553, trans_MAE: 34.110264
==TRAIN==
A--------->B
EPOCH:: 11, Loss: 1114.986618, Cycle Loss:, 179.298711, MSE: 1314227.992188, RMSE: 1146.397833, MAE: 586.055372, rot_MSE: 973700.937500, rot_RMSE: 986.762878, rot_MAE: 857.224609, trans_MSE: 923.317505, trans_RMSE: 30.386141, trans_MAE: 17.775713
B--------->A
EPOCH:: 11, Loss: 1114.986618, MSE: 1314211.018899, RMSE: 1146.390430, MAE: 586.361176, rot_MSE: 974309.250000, rot_RMSE: 987.071045, rot_MAE: 857.300842, trans_MSE: 843.671875, trans_RMSE: 29.046030, trans_MAE: 18.089146
==TEST==
A--------->B
EPOCH:: 11, Loss: 4521.083632, Cycle Loss: 622.061725, MSE: 1279711.713133, RMSE: 1131.243437, MAE: 565.625871, rot_MSE: 971039.187500, rot_RMSE: 985.413208, rot_MAE: 852.116577, trans_MSE: 3878.264404, trans_RMSE: 62.275711, trans_MAE: 40.668331
B--------->A
EPOCH:: 11, Loss: 4521.083632, MSE: 1278269.408897, RMSE: 1130.605771, MAE: 563.301071, rot_MSE: 966979.500000, rot_RMSE: 983.351135, rot_MAE: 850.895996, trans_MSE: 2001.343018, trans_RMSE: 44.736374, trans_MAE: 33.119591
==BEST TEST==
A--------->B
EPOCH:: 11, Loss: 4521.083632, Cycle Loss: 622.061725, MSE: 1279711.713133, RMSE: 1131.243437, MAE: 565.625871, rot_MSE: 971039.187500, rot_RMSE: 985.413208, rot_MAE: 852.116577, trans_MSE: 3878.264404, trans_RMSE: 62.275711, trans_MAE: 40.668331
B--------->A
EPOCH:: 11, Loss: 4521.083632, MSE: 1278269.408897, RMSE: 1130.605771, MAE: 563.301071, rot_MSE: 966979.500000, rot_RMSE: 983.351135, rot_MAE: 850.895996, trans_MSE: 2001.343018, trans_RMSE: 44.736374, trans_MAE: 33.119591
==TRAIN==
A--------->B
EPOCH:: 12, Loss: 937.939791, Cycle Loss:, 169.194305, MSE: 1320187.824916, RMSE: 1148.994267, MAE: 587.620194, rot_MSE: 975742.250000, rot_RMSE: 987.796692, rot_MAE: 858.547913, trans_MSE: 756.080627, trans_RMSE: 27.496920, trans_MAE: 17.131165
B--------->A
EPOCH:: 12, Loss: 937.939791, MSE: 1320315.698198, RMSE: 1149.049911, MAE: 587.978042, rot_MSE: 975139.562500, rot_RMSE: 987.491577, rot_MAE: 857.803589, trans_MSE: 899.475342, trans_RMSE: 29.991255, trans_MAE: 17.952848
==TEST==
A--------->B
EPOCH:: 12, Loss: 5157.959193, Cycle Loss: 797.568098, MSE: 1282551.772211, RMSE: 1132.498023, MAE: 564.187685, rot_MSE: 971266.437500, rot_RMSE: 985.528503, rot_MAE: 852.545105, trans_MSE: 4342.443848, trans_RMSE: 65.897224, trans_MAE: 36.814018
B--------->A
EPOCH:: 12, Loss: 5157.959193, MSE: 1280648.566826, RMSE: 1131.657442, MAE: 561.551281, rot_MSE: 962219.375000, rot_RMSE: 980.927795, rot_MAE: 848.352783, trans_MSE: 1959.014771, trans_RMSE: 44.260757, trans_MAE: 27.940697
==BEST TEST==
A--------->B
EPOCH:: 12, Loss: 4521.083632, Cycle Loss: 622.061725, MSE: 1279711.713133, RMSE: 1131.243437, MAE: 565.625871, rot_MSE: 971039.187500, rot_RMSE: 985.413208, rot_MAE: 852.116577, trans_MSE: 3878.264404, trans_RMSE: 62.275711, trans_MAE: 40.668331
B--------->A
EPOCH:: 12, Loss: 4521.083632, MSE: 1278269.408897, RMSE: 1130.605771, MAE: 563.301071, rot_MSE: 966979.500000, rot_RMSE: 983.351135, rot_MAE: 850.895996, trans_MSE: 2001.343018, trans_RMSE: 44.736374, trans_MAE: 33.119591
==TRAIN==
A--------->B
EPOCH:: 13, Loss: 1059.159194, Cycle Loss:, 174.915317, MSE: 1314435.896655, RMSE: 1146.488507, MAE: 585.979446, rot_MSE: 974814.562500, rot_RMSE: 987.326965, rot_MAE: 857.769043, trans_MSE: 871.978394, trans_RMSE: 29.529280, trans_MAE: 16.937502
B--------->A
EPOCH:: 13, Loss: 1059.159194, MSE: 1314416.094982, RMSE: 1146.479871, MAE: 586.203349, rot_MSE: 975395.562500, rot_RMSE: 987.621155, rot_MAE: 857.482178, trans_MSE: 843.583313, trans_RMSE: 29.044506, trans_MAE: 17.655251
==TEST==
A--------->B
EPOCH:: 13, Loss: 3591.044719, Cycle Loss: 535.795173, MSE: 1278717.246191, RMSE: 1130.803805, MAE: 565.107442, rot_MSE: 976003.687500, rot_RMSE: 987.929016, rot_MAE: 854.758789, trans_MSE: 3031.486816, trans_RMSE: 55.058941, trans_MAE: 36.311790
B--------->A
EPOCH:: 13, Loss: 3591.044719, MSE: 1277594.866219, RMSE: 1130.307421, MAE: 560.923628, rot_MSE: 971994.062500, rot_RMSE: 985.897583, rot_MAE: 852.676453, trans_MSE: 1777.854980, trans_RMSE: 42.164619, trans_MAE: 30.791777
==BEST TEST==
A--------->B
EPOCH:: 13, Loss: 3591.044719, Cycle Loss: 535.795173, MSE: 1278717.246191, RMSE: 1130.803805, MAE: 565.107442, rot_MSE: 976003.687500, rot_RMSE: 987.929016, rot_MAE: 854.758789, trans_MSE: 3031.486816, trans_RMSE: 55.058941, trans_MAE: 36.311790
B--------->A
EPOCH:: 13, Loss: 3591.044719, MSE: 1277594.866219, RMSE: 1130.307421, MAE: 560.923628, rot_MSE: 971994.062500, rot_RMSE: 985.897583, rot_MAE: 852.676453, trans_MSE: 1777.854980, trans_RMSE: 42.164619, trans_MAE: 30.791777
==TRAIN==
A--------->B
EPOCH:: 14, Loss: 1135.650071, Cycle Loss:, 175.889374, MSE: 1319942.776258, RMSE: 1148.887626, MAE: 587.205544, rot_MSE: 974906.875000, rot_RMSE: 987.373718, rot_MAE: 857.830200, trans_MSE: 948.320984, trans_RMSE: 30.794821, trans_MAE: 17.543610
B--------->A
EPOCH:: 14, Loss: 1135.650071, MSE: 1319685.695215, RMSE: 1148.775738, MAE: 587.492072, rot_MSE: 974790.750000, rot_RMSE: 987.314941, rot_MAE: 857.192688, trans_MSE: 717.946472, trans_RMSE: 26.794523, trans_MAE: 17.472145
==TEST==
A--------->B
EPOCH:: 14, Loss: 4133.007574, Cycle Loss: 594.000787, MSE: 1277903.658768, RMSE: 1130.444010, MAE: 564.816651, rot_MSE: 973702.000000, rot_RMSE: 986.763367, rot_MAE: 853.592957, trans_MSE: 3515.954834, trans_RMSE: 59.295486, trans_MAE: 38.829514
B--------->A
EPOCH:: 14, Loss: 4133.007574, MSE: 1277118.194021, RMSE: 1130.096542, MAE: 562.299963, rot_MSE: 974521.812500, rot_RMSE: 987.178711, rot_MAE: 853.204224, trans_MSE: 2074.408691, trans_RMSE: 45.545677, trans_MAE: 33.335449
==BEST TEST==
A--------->B
EPOCH:: 14, Loss: 3591.044719, Cycle Loss: 535.795173, MSE: 1278717.246191, RMSE: 1130.803805, MAE: 565.107442, rot_MSE: 976003.687500, rot_RMSE: 987.929016, rot_MAE: 854.758789, trans_MSE: 3031.486816, trans_RMSE: 55.058941, trans_MAE: 36.311790
B--------->A
EPOCH:: 14, Loss: 3591.044719, MSE: 1277594.866219, RMSE: 1130.307421, MAE: 560.923628, rot_MSE: 971994.062500, rot_RMSE: 985.897583, rot_MAE: 852.676453, trans_MSE: 1777.854980, trans_RMSE: 42.164619, trans_MAE: 30.791777
==TRAIN==
A--------->B
EPOCH:: 15, Loss: 955.860495, Cycle Loss:, 148.193700, MSE: 1319822.116798, RMSE: 1148.835113, MAE: 587.537148, rot_MSE: 975375.062500, rot_RMSE: 987.610779, rot_MAE: 858.266968, trans_MSE: 795.858215, trans_RMSE: 28.210958, trans_MAE: 16.897221
B--------->A
EPOCH:: 15, Loss: 955.860495, MSE: 1319772.378112, RMSE: 1148.813465, MAE: 588.128733, rot_MSE: 974710.250000, rot_RMSE: 987.274170, rot_MAE: 857.628052, trans_MSE: 716.094421, trans_RMSE: 26.759941, trans_MAE: 16.037468
==TEST==
A--------->B
EPOCH:: 15, Loss: 4469.649382, Cycle Loss: 635.787668, MSE: 1278024.784220, RMSE: 1130.497583, MAE: 565.143685, rot_MSE: 979313.187500, rot_RMSE: 989.602539, rot_MAE: 857.307068, trans_MSE: 3806.857422, trans_RMSE: 61.699738, trans_MAE: 41.012691
B--------->A
EPOCH:: 15, Loss: 4469.649382, MSE: 1277149.427428, RMSE: 1130.110361, MAE: 562.556749, rot_MSE: 971274.937500, rot_RMSE: 985.532837, rot_MAE: 852.464355, trans_MSE: 2452.402100, trans_RMSE: 49.521732, trans_MAE: 36.025669
==BEST TEST==
A--------->B
EPOCH:: 15, Loss: 3591.044719, Cycle Loss: 535.795173, MSE: 1278717.246191, RMSE: 1130.803805, MAE: 565.107442, rot_MSE: 976003.687500, rot_RMSE: 987.929016, rot_MAE: 854.758789, trans_MSE: 3031.486816, trans_RMSE: 55.058941, trans_MAE: 36.311790
B--------->A
EPOCH:: 15, Loss: 3591.044719, MSE: 1277594.866219, RMSE: 1130.307421, MAE: 560.923628, rot_MSE: 971994.062500, rot_RMSE: 985.897583, rot_MAE: 852.676453, trans_MSE: 1777.854980, trans_RMSE: 42.164619, trans_MAE: 30.791777
==TRAIN==
A--------->B
EPOCH:: 16, Loss: 751.326310, Cycle Loss:, 124.516823, MSE: 1314826.948068, RMSE: 1146.659037, MAE: 585.960398, rot_MSE: 975253.437500, rot_RMSE: 987.549194, rot_MAE: 858.093079, trans_MSE: 615.069702, trans_RMSE: 24.800598, trans_MAE: 14.941227
B--------->A
EPOCH:: 16, Loss: 751.326310, MSE: 1314855.438764, RMSE: 1146.671461, MAE: 586.046479, rot_MSE: 974539.750000, rot_RMSE: 987.187805, rot_MAE: 857.216797, trans_MSE: 607.763062, trans_RMSE: 24.652851, trans_MAE: 14.486428
==TEST==
A--------->B
EPOCH:: 16, Loss: 3949.450685, Cycle Loss: 650.392353, MSE: 1278347.805979, RMSE: 1130.640441, MAE: 564.573713, rot_MSE: 976335.750000, rot_RMSE: 988.097046, rot_MAE: 856.315063, trans_MSE: 3275.254883, trans_RMSE: 57.229843, trans_MAE: 39.767349
B--------->A
EPOCH:: 16, Loss: 3949.450685, MSE: 1278059.243285, RMSE: 1130.512823, MAE: 563.403436, rot_MSE: 977236.812500, rot_RMSE: 988.552917, rot_MAE: 854.899048, trans_MSE: 2709.907471, trans_RMSE: 52.056770, trans_MAE: 38.653572
==BEST TEST==
A--------->B
EPOCH:: 16, Loss: 3591.044719, Cycle Loss: 535.795173, MSE: 1278717.246191, RMSE: 1130.803805, MAE: 565.107442, rot_MSE: 976003.687500, rot_RMSE: 987.929016, rot_MAE: 854.758789, trans_MSE: 3031.486816, trans_RMSE: 55.058941, trans_MAE: 36.311790
B--------->A
EPOCH:: 16, Loss: 3591.044719, MSE: 1277594.866219, RMSE: 1130.307421, MAE: 560.923628, rot_MSE: 971994.062500, rot_RMSE: 985.897583, rot_MAE: 852.676453, trans_MSE: 1777.854980, trans_RMSE: 42.164619, trans_MAE: 30.791777
==TRAIN==
A--------->B
EPOCH:: 17, Loss: 646.383503, Cycle Loss:, 114.724130, MSE: 1319918.102438, RMSE: 1148.876887, MAE: 587.405896, rot_MSE: 973843.562500, rot_RMSE: 986.835144, rot_MAE: 857.275269, trans_MSE: 519.895081, trans_RMSE: 22.801208, trans_MAE: 13.842740
B--------->A
EPOCH:: 17, Loss: 646.383503, MSE: 1319957.738006, RMSE: 1148.894137, MAE: 588.161333, rot_MSE: 972420.437500, rot_RMSE: 986.113831, rot_MAE: 856.126221, trans_MSE: 604.065857, trans_RMSE: 24.577751, trans_MAE: 14.101010
==TEST==
A--------->B
EPOCH:: 17, Loss: 2587.427015, Cycle Loss: 356.010424, MSE: 1277525.608148, RMSE: 1130.276784, MAE: 565.124147, rot_MSE: 968515.375000, rot_RMSE: 984.131775, rot_MAE: 852.668213, trans_MSE: 2208.920166, trans_RMSE: 46.999149, trans_MAE: 29.823805
B--------->A
EPOCH:: 17, Loss: 2587.427015, MSE: 1277451.531767, RMSE: 1130.244014, MAE: 564.449907, rot_MSE: 969027.437500, rot_RMSE: 984.391907, rot_MAE: 850.779175, trans_MSE: 1172.350708, trans_RMSE: 34.239609, trans_MAE: 24.130245
==BEST TEST==
A--------->B
EPOCH:: 17, Loss: 2587.427015, Cycle Loss: 356.010424, MSE: 1277525.608148, RMSE: 1130.276784, MAE: 565.124147, rot_MSE: 968515.375000, rot_RMSE: 984.131775, rot_MAE: 852.668213, trans_MSE: 2208.920166, trans_RMSE: 46.999149, trans_MAE: 29.823805
B--------->A
EPOCH:: 17, Loss: 2587.427015, MSE: 1277451.531767, RMSE: 1130.244014, MAE: 564.449907, rot_MSE: 969027.437500, rot_RMSE: 984.391907, rot_MAE: 850.779175, trans_MSE: 1172.350708, trans_RMSE: 34.239609, trans_MAE: 24.130245
==TRAIN==
A--------->B
EPOCH:: 18, Loss: 1694.445939, Cycle Loss:, 238.745509, MSE: 1313745.301024, RMSE: 1146.187289, MAE: 586.196329, rot_MSE: 974353.500000, rot_RMSE: 987.093445, rot_MAE: 857.403442, trans_MSE: 1442.593994, trans_RMSE: 37.981495, trans_MAE: 17.644745
B--------->A
EPOCH:: 18, Loss: 1694.445939, MSE: 1313164.841773, RMSE: 1145.934048, MAE: 586.699973, rot_MSE: 972116.375000, rot_RMSE: 985.959595, rot_MAE: 856.261780, trans_MSE: 790.292542, trans_RMSE: 28.112143, trans_MAE: 16.152927
==TEST==
A--------->B
EPOCH:: 18, Loss: 3708.993871, Cycle Loss: 551.016242, MSE: 1279846.731792, RMSE: 1131.303112, MAE: 565.856856, rot_MSE: 973737.500000, rot_RMSE: 986.781372, rot_MAE: 853.506104, trans_MSE: 3133.357422, trans_RMSE: 55.976402, trans_MAE: 35.422310
B--------->A
EPOCH:: 18, Loss: 3708.993871, MSE: 1279120.401278, RMSE: 1130.982052, MAE: 564.001383, rot_MSE: 965317.187500, rot_RMSE: 982.505554, rot_MAE: 849.924133, trans_MSE: 1941.510376, trans_RMSE: 44.062572, trans_MAE: 30.931835
==BEST TEST==
A--------->B
EPOCH:: 18, Loss: 2587.427015, Cycle Loss: 356.010424, MSE: 1277525.608148, RMSE: 1130.276784, MAE: 565.124147, rot_MSE: 968515.375000, rot_RMSE: 984.131775, rot_MAE: 852.668213, trans_MSE: 2208.920166, trans_RMSE: 46.999149, trans_MAE: 29.823805
B--------->A
EPOCH:: 18, Loss: 2587.427015, MSE: 1277451.531767, RMSE: 1130.244014, MAE: 564.449907, rot_MSE: 969027.437500, rot_RMSE: 984.391907, rot_MAE: 850.779175, trans_MSE: 1172.350708, trans_RMSE: 34.239609, trans_MAE: 24.130245
==TRAIN==
A--------->B
EPOCH:: 19, Loss: 686.179236, Cycle Loss:, 133.266247, MSE: 1319331.472251, RMSE: 1148.621553, MAE: 587.517712, rot_MSE: 975417.875000, rot_RMSE: 987.632446, rot_MAE: 857.999023, trans_MSE: 538.880737, trans_RMSE: 23.213804, trans_MAE: 14.281927
B--------->A
EPOCH:: 19, Loss: 686.179236, MSE: 1319461.990469, RMSE: 1148.678367, MAE: 587.894405, rot_MSE: 973458.125000, rot_RMSE: 986.639832, rot_MAE: 856.686279, trans_MSE: 766.101746, trans_RMSE: 27.678543, trans_MAE: 14.988992
==TEST==
A--------->B
EPOCH:: 19, Loss: 2679.411661, Cycle Loss: 411.023708, MSE: 1278719.028861, RMSE: 1130.804594, MAE: 565.433672, rot_MSE: 968227.812500, rot_RMSE: 983.985657, rot_MAE: 852.039185, trans_MSE: 2244.139893, trans_RMSE: 47.372353, trans_MAE: 29.938980
B--------->A
EPOCH:: 19, Loss: 2679.411661, MSE: 1278035.814308, RMSE: 1130.502461, MAE: 564.151178, rot_MSE: 966553.187500, rot_RMSE: 983.134399, rot_MAE: 850.416138, trans_MSE: 1341.562500, trans_RMSE: 36.627346, trans_MAE: 25.885826
==BEST TEST==
A--------->B
EPOCH:: 19, Loss: 2587.427015, Cycle Loss: 356.010424, MSE: 1277525.608148, RMSE: 1130.276784, MAE: 565.124147, rot_MSE: 968515.375000, rot_RMSE: 984.131775, rot_MAE: 852.668213, trans_MSE: 2208.920166, trans_RMSE: 46.999149, trans_MAE: 29.823805
B--------->A
EPOCH:: 19, Loss: 2587.427015, MSE: 1277451.531767, RMSE: 1130.244014, MAE: 564.449907, rot_MSE: 969027.437500, rot_RMSE: 984.391907, rot_MAE: 850.779175, trans_MSE: 1172.350708, trans_RMSE: 34.239609, trans_MAE: 24.130245
==TRAIN==
A--------->B
EPOCH:: 20, Loss: 11872.341781, Cycle Loss:, 1491.472574, MSE: 1327509.331043, RMSE: 1152.175912, MAE: 589.272273, rot_MSE: 974725.812500, rot_RMSE: 987.282043, rot_MAE: 857.709900, trans_MSE: 10367.769531, trans_RMSE: 101.822243, trans_MAE: 44.805706
B--------->A
EPOCH:: 20, Loss: 11872.341781, MSE: 1323162.511605, RMSE: 1150.288012, MAE: 588.891577, rot_MSE: 974011.250000, rot_RMSE: 986.920105, rot_MAE: 857.200378, trans_MSE: 4221.320312, trans_RMSE: 64.971687, trans_MAE: 34.359375
==TEST==
A--------->B
EPOCH:: 20, Loss: 9702.615528, Cycle Loss: 1934.038520, MSE: 1283233.759039, RMSE: 1132.799081, MAE: 567.429431, rot_MSE: 969351.750000, rot_RMSE: 984.556641, rot_MAE: 851.382385, trans_MSE: 7751.907715, trans_RMSE: 88.044922, trans_MAE: 67.103134
B--------->A
EPOCH:: 20, Loss: 9702.615528, MSE: 1282204.240573, RMSE: 1132.344577, MAE: 564.537672, rot_MSE: 967969.500000, rot_RMSE: 983.854431, rot_MAE: 850.913818, trans_MSE: 6509.641113, trans_RMSE: 80.682350, trans_MAE: 63.418873
==BEST TEST==
A--------->B
EPOCH:: 20, Loss: 2587.427015, Cycle Loss: 356.010424, MSE: 1277525.608148, RMSE: 1130.276784, MAE: 565.124147, rot_MSE: 968515.375000, rot_RMSE: 984.131775, rot_MAE: 852.668213, trans_MSE: 2208.920166, trans_RMSE: 46.999149, trans_MAE: 29.823805
B--------->A
EPOCH:: 20, Loss: 2587.427015, MSE: 1277451.531767, RMSE: 1130.244014, MAE: 564.449907, rot_MSE: 969027.437500, rot_RMSE: 984.391907, rot_MAE: 850.779175, trans_MSE: 1172.350708, trans_RMSE: 34.239609, trans_MAE: 24.130245
==TRAIN==
A--------->B
EPOCH:: 21, Loss: 2376.697858, Cycle Loss:, 336.987870, MSE: 1320675.356457, RMSE: 1149.206403, MAE: 587.605402, rot_MSE: 976483.562500, rot_RMSE: 988.171814, rot_MAE: 858.442749, trans_MSE: 2024.987915, trans_RMSE: 44.999866, trans_MAE: 25.466133
B--------->A
EPOCH:: 21, Loss: 2376.697858, MSE: 1319999.873379, RMSE: 1148.912474, MAE: 588.176409, rot_MSE: 973545.500000, rot_RMSE: 986.684082, rot_MAE: 856.723145, trans_MSE: 1289.465088, trans_RMSE: 35.909122, trans_MAE: 22.686825
==TEST==
A--------->B
EPOCH:: 21, Loss: 3148.761176, Cycle Loss: 554.539653, MSE: 1279440.629455, RMSE: 1131.123614, MAE: 564.683071, rot_MSE: 971321.125000, rot_RMSE: 985.556274, rot_MAE: 853.049255, trans_MSE: 2569.118164, trans_RMSE: 50.686470, trans_MAE: 34.048538
B--------->A
EPOCH:: 21, Loss: 3148.761176, MSE: 1279497.513753, RMSE: 1131.148758, MAE: 558.793955, rot_MSE: 970307.875000, rot_RMSE: 985.042053, rot_MAE: 851.878784, trans_MSE: 2433.131348, trans_RMSE: 49.326782, trans_MAE: 32.544193
==BEST TEST==
A--------->B
EPOCH:: 21, Loss: 2587.427015, Cycle Loss: 356.010424, MSE: 1277525.608148, RMSE: 1130.276784, MAE: 565.124147, rot_MSE: 968515.375000, rot_RMSE: 984.131775, rot_MAE: 852.668213, trans_MSE: 2208.920166, trans_RMSE: 46.999149, trans_MAE: 29.823805
B--------->A
EPOCH:: 21, Loss: 2587.427015, MSE: 1277451.531767, RMSE: 1130.244014, MAE: 564.449907, rot_MSE: 969027.437500, rot_RMSE: 984.391907, rot_MAE: 850.779175, trans_MSE: 1172.350708, trans_RMSE: 34.239609, trans_MAE: 24.130245
==TRAIN==
A--------->B
EPOCH:: 22, Loss: 1194.770098, Cycle Loss:, 160.242858, MSE: 1320034.690029, RMSE: 1148.927626, MAE: 587.448074, rot_MSE: 977031.437500, rot_RMSE: 988.449036, rot_MAE: 858.489685, trans_MSE: 1016.586243, trans_RMSE: 31.883949, trans_MAE: 17.780704
B--------->A
EPOCH:: 22, Loss: 1194.770098, MSE: 1319744.697225, RMSE: 1148.801418, MAE: 587.505829, rot_MSE: 975518.125000, rot_RMSE: 987.683228, rot_MAE: 858.069519, trans_MSE: 556.853882, trans_RMSE: 23.597752, trans_MAE: 14.986309
==TEST==
A--------->B
EPOCH:: 22, Loss: 4445.310671, Cycle Loss: 766.388622, MSE: 1280413.491736, RMSE: 1131.553574, MAE: 565.564289, rot_MSE: 974880.625000, rot_RMSE: 987.360413, rot_MAE: 854.670959, trans_MSE: 3652.721680, trans_RMSE: 60.437752, trans_MAE: 39.235699
B--------->A
EPOCH:: 22, Loss: 4445.310671, MSE: 1280357.928461, RMSE: 1131.529022, MAE: 560.329022, rot_MSE: 970580.625000, rot_RMSE: 985.180481, rot_MAE: 850.729004, trans_MSE: 3337.983887, trans_RMSE: 57.775288, trans_MAE: 38.230263
==BEST TEST==
A--------->B
EPOCH:: 22, Loss: 2587.427015, Cycle Loss: 356.010424, MSE: 1277525.608148, RMSE: 1130.276784, MAE: 565.124147, rot_MSE: 968515.375000, rot_RMSE: 984.131775, rot_MAE: 852.668213, trans_MSE: 2208.920166, trans_RMSE: 46.999149, trans_MAE: 29.823805
B--------->A
EPOCH:: 22, Loss: 2587.427015, MSE: 1277451.531767, RMSE: 1130.244014, MAE: 564.449907, rot_MSE: 969027.437500, rot_RMSE: 984.391907, rot_MAE: 850.779175, trans_MSE: 1172.350708, trans_RMSE: 34.239609, trans_MAE: 24.130245
==TRAIN==
A--------->B
EPOCH:: 23, Loss: 864.143006, Cycle Loss:, 141.295319, MSE: 1320057.130511, RMSE: 1148.937392, MAE: 587.332225, rot_MSE: 977478.437500, rot_RMSE: 988.675110, rot_MAE: 858.860474, trans_MSE: 704.826416, trans_RMSE: 26.548567, trans_MAE: 14.921754
B--------->A
EPOCH:: 23, Loss: 864.143006, MSE: 1319845.254311, RMSE: 1148.845183, MAE: 588.184851, rot_MSE: 974978.750000, rot_RMSE: 987.410095, rot_MAE: 857.647644, trans_MSE: 652.215881, trans_RMSE: 25.538517, trans_MAE: 13.756721
==TEST==
A--------->B
EPOCH:: 23, Loss: 2622.242916, Cycle Loss: 403.417409, MSE: 1279059.248967, RMSE: 1130.955016, MAE: 564.193084, rot_MSE: 974175.562500, rot_RMSE: 987.003296, rot_MAE: 854.064392, trans_MSE: 2194.378662, trans_RMSE: 46.844196, trans_MAE: 27.509857
B--------->A
EPOCH:: 23, Loss: 2622.242916, MSE: 1278751.666129, RMSE: 1130.819024, MAE: 560.446780, rot_MSE: 963401.625000, rot_RMSE: 981.530273, rot_MAE: 848.568420, trans_MSE: 1556.713013, trans_RMSE: 39.455204, trans_MAE: 24.976131
==BEST TEST==
A--------->B
EPOCH:: 23, Loss: 2587.427015, Cycle Loss: 356.010424, MSE: 1277525.608148, RMSE: 1130.276784, MAE: 565.124147, rot_MSE: 968515.375000, rot_RMSE: 984.131775, rot_MAE: 852.668213, trans_MSE: 2208.920166, trans_RMSE: 46.999149, trans_MAE: 29.823805
B--------->A
EPOCH:: 23, Loss: 2587.427015, MSE: 1277451.531767, RMSE: 1130.244014, MAE: 564.449907, rot_MSE: 969027.437500, rot_RMSE: 984.391907, rot_MAE: 850.779175, trans_MSE: 1172.350708, trans_RMSE: 34.239609, trans_MAE: 24.130245
==TRAIN==
A--------->B
EPOCH:: 24, Loss: 629.715950, Cycle Loss:, 94.797799, MSE: 1319938.687824, RMSE: 1148.885846, MAE: 587.174420, rot_MSE: 977019.312500, rot_RMSE: 988.442871, rot_MAE: 858.656311, trans_MSE: 518.262878, trans_RMSE: 22.765388, trans_MAE: 12.955264
B--------->A
EPOCH:: 24, Loss: 629.715950, MSE: 1319622.391662, RMSE: 1148.748185, MAE: 587.739845, rot_MSE: 973074.250000, rot_RMSE: 986.445251, rot_MAE: 856.274719, trans_MSE: 476.906647, trans_RMSE: 21.838192, trans_MAE: 12.222505
==TEST==
A--------->B
EPOCH:: 24, Loss: 4110.655750, Cycle Loss: 587.932551, MSE: 1279868.694150, RMSE: 1131.312819, MAE: 565.097206, rot_MSE: 973058.812500, rot_RMSE: 986.437439, rot_MAE: 854.015503, trans_MSE: 3493.377441, trans_RMSE: 59.104801, trans_MAE: 34.256474
B--------->A
EPOCH:: 24, Loss: 4110.655750, MSE: 1279394.429946, RMSE: 1131.103192, MAE: 559.748766, rot_MSE: 965009.375000, rot_RMSE: 982.348877, rot_MAE: 849.766357, trans_MSE: 2390.932861, trans_RMSE: 48.897167, trans_MAE: 31.343809
==BEST TEST==
A--------->B
EPOCH:: 24, Loss: 2587.427015, Cycle Loss: 356.010424, MSE: 1277525.608148, RMSE: 1130.276784, MAE: 565.124147, rot_MSE: 968515.375000, rot_RMSE: 984.131775, rot_MAE: 852.668213, trans_MSE: 2208.920166, trans_RMSE: 46.999149, trans_MAE: 29.823805
B--------->A
EPOCH:: 24, Loss: 2587.427015, MSE: 1277451.531767, RMSE: 1130.244014, MAE: 564.449907, rot_MSE: 969027.437500, rot_RMSE: 984.391907, rot_MAE: 850.779175, trans_MSE: 1172.350708, trans_RMSE: 34.239609, trans_MAE: 24.130245
==TRAIN==
A--------->B
EPOCH:: 25, Loss: 693.083190, Cycle Loss:, 98.882240, MSE: 1319402.111709, RMSE: 1148.652302, MAE: 586.848827, rot_MSE: 975924.312500, rot_RMSE: 987.888794, rot_MAE: 858.103027, trans_MSE: 578.115906, trans_RMSE: 24.044041, trans_MAE: 12.329618
B--------->A
EPOCH:: 25, Loss: 693.083190, MSE: 1319175.329487, RMSE: 1148.553581, MAE: 588.135992, rot_MSE: 969235.125000, rot_RMSE: 984.497375, rot_MAE: 854.862366, trans_MSE: 393.360077, trans_RMSE: 19.833307, trans_MAE: 11.858881
==TEST==
A--------->B
EPOCH:: 25, Loss: 2929.963069, Cycle Loss: 389.762188, MSE: 1279414.134491, RMSE: 1131.111902, MAE: 564.304396, rot_MSE: 974217.062500, rot_RMSE: 987.024353, rot_MAE: 854.586792, trans_MSE: 2515.183105, trans_RMSE: 50.151600, trans_MAE: 29.152382
B--------->A
EPOCH:: 25, Loss: 2929.963069, MSE: 1278735.474948, RMSE: 1130.811865, MAE: 560.457539, rot_MSE: 967002.812500, rot_RMSE: 983.363037, rot_MAE: 849.615173, trans_MSE: 1435.634766, trans_RMSE: 37.889771, trans_MAE: 25.661177
==BEST TEST==
A--------->B
EPOCH:: 25, Loss: 2587.427015, Cycle Loss: 356.010424, MSE: 1277525.608148, RMSE: 1130.276784, MAE: 565.124147, rot_MSE: 968515.375000, rot_RMSE: 984.131775, rot_MAE: 852.668213, trans_MSE: 2208.920166, trans_RMSE: 46.999149, trans_MAE: 29.823805
B--------->A
EPOCH:: 25, Loss: 2587.427015, MSE: 1277451.531767, RMSE: 1130.244014, MAE: 564.449907, rot_MSE: 969027.437500, rot_RMSE: 984.391907, rot_MAE: 850.779175, trans_MSE: 1172.350708, trans_RMSE: 34.239609, trans_MAE: 24.130245
==TRAIN==
A--------->B
EPOCH:: 26, Loss: 515.683410, Cycle Loss:, 85.851050, MSE: 1313922.672588, RMSE: 1146.264661, MAE: 585.821224, rot_MSE: 976752.250000, rot_RMSE: 988.307800, rot_MAE: 858.380371, trans_MSE: 413.464111, trans_RMSE: 20.333817, trans_MAE: 11.024686
B--------->A
EPOCH:: 26, Loss: 515.683410, MSE: 1313886.433740, RMSE: 1146.248853, MAE: 586.215510, rot_MSE: 971737.750000, rot_RMSE: 985.767578, rot_MAE: 856.157654, trans_MSE: 397.548096, trans_RMSE: 19.938608, trans_MAE: 11.002641
==TEST==
A--------->B
EPOCH:: 26, Loss: 2896.851047, Cycle Loss: 366.495404, MSE: 1278398.423166, RMSE: 1130.662825, MAE: 563.781506, rot_MSE: 973821.875000, rot_RMSE: 986.824158, rot_MAE: 853.901489, trans_MSE: 2505.906250, trans_RMSE: 50.059029, trans_MAE: 27.635262
B--------->A
EPOCH:: 26, Loss: 2896.851047, MSE: 1277494.245416, RMSE: 1130.262910, MAE: 560.662078, rot_MSE: 962037.625000, rot_RMSE: 980.835144, rot_MAE: 847.767029, trans_MSE: 1304.053101, trans_RMSE: 36.111675, trans_MAE: 24.045486
==BEST TEST==
A--------->B
EPOCH:: 26, Loss: 2587.427015, Cycle Loss: 356.010424, MSE: 1277525.608148, RMSE: 1130.276784, MAE: 565.124147, rot_MSE: 968515.375000, rot_RMSE: 984.131775, rot_MAE: 852.668213, trans_MSE: 2208.920166, trans_RMSE: 46.999149, trans_MAE: 29.823805
B--------->A
EPOCH:: 26, Loss: 2587.427015, MSE: 1277451.531767, RMSE: 1130.244014, MAE: 564.449907, rot_MSE: 969027.437500, rot_RMSE: 984.391907, rot_MAE: 850.779175, trans_MSE: 1172.350708, trans_RMSE: 34.239609, trans_MAE: 24.130245
==TRAIN==
A--------->B
EPOCH:: 27, Loss: 374.365560, Cycle Loss:, 70.823855, MSE: 1319406.323003, RMSE: 1148.654136, MAE: 587.461866, rot_MSE: 976160.937500, rot_RMSE: 988.008545, rot_MAE: 858.364868, trans_MSE: 288.459961, trans_RMSE: 16.984110, trans_MAE: 10.069948
B--------->A
EPOCH:: 27, Loss: 374.365560, MSE: 1319594.423885, RMSE: 1148.736011, MAE: 588.144266, rot_MSE: 973397.687500, rot_RMSE: 986.609192, rot_MAE: 857.152466, trans_MSE: 447.992554, trans_RMSE: 21.165834, trans_MAE: 10.635630
==TEST==
A--------->B
EPOCH:: 27, Loss: 2414.683887, Cycle Loss: 339.927419, MSE: 1278593.470493, RMSE: 1130.749075, MAE: 564.239160, rot_MSE: 971998.937500, rot_RMSE: 985.900085, rot_MAE: 852.521362, trans_MSE: 2048.878906, trans_RMSE: 45.264545, trans_MAE: 27.608793
B--------->A
EPOCH:: 27, Loss: 2414.683887, MSE: 1278278.584130, RMSE: 1130.609828, MAE: 560.403387, rot_MSE: 962224.812500, rot_RMSE: 980.930603, rot_MAE: 848.602417, trans_MSE: 1374.729004, trans_RMSE: 37.077339, trans_MAE: 24.709856
==BEST TEST==
A--------->B
EPOCH:: 27, Loss: 2414.683887, Cycle Loss: 339.927419, MSE: 1278593.470493, RMSE: 1130.749075, MAE: 564.239160, rot_MSE: 971998.937500, rot_RMSE: 985.900085, rot_MAE: 852.521362, trans_MSE: 2048.878906, trans_RMSE: 45.264545, trans_MAE: 27.608793
B--------->A
EPOCH:: 27, Loss: 2414.683887, MSE: 1278278.584130, RMSE: 1130.609828, MAE: 560.403387, rot_MSE: 962224.812500, rot_RMSE: 980.930603, rot_MAE: 848.602417, trans_MSE: 1374.729004, trans_RMSE: 37.077339, trans_MAE: 24.709856
==TRAIN==
A--------->B
EPOCH:: 28, Loss: 335.258559, Cycle Loss:, 60.358614, MSE: 1314524.406055, RMSE: 1146.527107, MAE: 586.066496, rot_MSE: 975253.062500, rot_RMSE: 987.549011, rot_MAE: 858.205933, trans_MSE: 261.391174, trans_RMSE: 16.167597, trans_MAE: 9.619917
B--------->A
EPOCH:: 28, Loss: 335.258559, MSE: 1314684.997990, RMSE: 1146.597138, MAE: 587.335894, rot_MSE: 974270.750000, rot_RMSE: 987.051514, rot_MAE: 857.244446, trans_MSE: 321.933380, trans_RMSE: 17.942503, trans_MAE: 9.846641
==TEST==
A--------->B
EPOCH:: 28, Loss: 2453.158071, Cycle Loss: 386.140661, MSE: 1278856.929494, RMSE: 1130.865566, MAE: 564.243284, rot_MSE: 969128.187500, rot_RMSE: 984.443115, rot_MAE: 852.413391, trans_MSE: 2043.499023, trans_RMSE: 45.205078, trans_MAE: 27.362358
B--------->A
EPOCH:: 28, Loss: 2453.158071, MSE: 1278482.956805, RMSE: 1130.700206, MAE: 560.316093, rot_MSE: 963371.000000, rot_RMSE: 981.514648, rot_MAE: 848.223328, trans_MSE: 1500.798218, trans_RMSE: 38.740135, trans_MAE: 25.180666
==BEST TEST==
A--------->B
EPOCH:: 28, Loss: 2414.683887, Cycle Loss: 339.927419, MSE: 1278593.470493, RMSE: 1130.749075, MAE: 564.239160, rot_MSE: 971998.937500, rot_RMSE: 985.900085, rot_MAE: 852.521362, trans_MSE: 2048.878906, trans_RMSE: 45.264545, trans_MAE: 27.608793
B--------->A
EPOCH:: 28, Loss: 2414.683887, MSE: 1278278.584130, RMSE: 1130.609828, MAE: 560.403387, rot_MSE: 962224.812500, rot_RMSE: 980.930603, rot_MAE: 848.602417, trans_MSE: 1374.729004, trans_RMSE: 37.077339, trans_MAE: 24.709856
==TRAIN==
A--------->B
EPOCH:: 29, Loss: 354.535115, Cycle Loss:, 59.572192, MSE: 1320390.395909, RMSE: 1149.082415, MAE: 587.446720, rot_MSE: 977428.687500, rot_RMSE: 988.649902, rot_MAE: 859.145996, trans_MSE: 280.199768, trans_RMSE: 16.739168, trans_MAE: 9.924382
B--------->A
EPOCH:: 29, Loss: 354.535115, MSE: 1320342.019353, RMSE: 1149.061364, MAE: 588.000447, rot_MSE: 973962.625000, rot_RMSE: 986.895447, rot_MAE: 856.758484, trans_MSE: 290.272003, trans_RMSE: 17.037371, trans_MAE: 9.823355
==TEST==
A--------->B
EPOCH:: 29, Loss: 2160.260600, Cycle Loss: 312.664167, MSE: 1276676.752970, RMSE: 1129.901214, MAE: 563.804018, rot_MSE: 974383.750000, rot_RMSE: 987.108765, rot_MAE: 853.930359, trans_MSE: 1822.672485, trans_RMSE: 42.692768, trans_MAE: 25.189566
B--------->A
EPOCH:: 29, Loss: 2160.260600, MSE: 1276269.647146, RMSE: 1129.721048, MAE: 558.912154, rot_MSE: 963053.500000, rot_RMSE: 981.352905, rot_MAE: 848.358826, trans_MSE: 1132.995239, trans_RMSE: 33.659996, trans_MAE: 22.038034
==BEST TEST==
A--------->B
EPOCH:: 29, Loss: 2160.260600, Cycle Loss: 312.664167, MSE: 1276676.752970, RMSE: 1129.901214, MAE: 563.804018, rot_MSE: 974383.750000, rot_RMSE: 987.108765, rot_MAE: 853.930359, trans_MSE: 1822.672485, trans_RMSE: 42.692768, trans_MAE: 25.189566
B--------->A
EPOCH:: 29, Loss: 2160.260600, MSE: 1276269.647146, RMSE: 1129.721048, MAE: 558.912154, rot_MSE: 963053.500000, rot_RMSE: 981.352905, rot_MAE: 848.358826, trans_MSE: 1132.995239, trans_RMSE: 33.659996, trans_MAE: 22.038034
==TRAIN==
A--------->B
EPOCH:: 30, Loss: 1030.315901, Cycle Loss:, 139.055393, MSE: 1319831.045578, RMSE: 1148.838999, MAE: 587.628341, rot_MSE: 974358.125000, rot_RMSE: 987.095825, rot_MAE: 857.672729, trans_MSE: 878.288574, trans_RMSE: 29.635933, trans_MAE: 12.451707
B--------->A
EPOCH:: 30, Loss: 1030.315901, MSE: 1319502.298755, RMSE: 1148.695912, MAE: 588.693128, rot_MSE: 973666.250000, rot_RMSE: 986.745300, rot_MAE: 856.258118, trans_MSE: 429.670044, trans_RMSE: 20.728483, trans_MAE: 11.671076
==TEST==
A--------->B
EPOCH:: 30, Loss: 2615.199824, Cycle Loss: 446.066595, MSE: 1275290.019112, RMSE: 1129.287394, MAE: 563.593105, rot_MSE: 978528.437500, rot_RMSE: 989.205933, rot_MAE: 855.546204, trans_MSE: 2140.463867, trans_RMSE: 46.265148, trans_MAE: 29.470833
B--------->A
EPOCH:: 30, Loss: 2615.199824, MSE: 1275252.905540, RMSE: 1129.270962, MAE: 557.682139, rot_MSE: 968414.312500, rot_RMSE: 984.080444, rot_MAE: 851.051819, trans_MSE: 2140.276611, trans_RMSE: 46.263123, trans_MAE: 30.504662
==BEST TEST==
A--------->B
EPOCH:: 30, Loss: 2160.260600, Cycle Loss: 312.664167, MSE: 1276676.752970, RMSE: 1129.901214, MAE: 563.804018, rot_MSE: 974383.750000, rot_RMSE: 987.108765, rot_MAE: 853.930359, trans_MSE: 1822.672485, trans_RMSE: 42.692768, trans_MAE: 25.189566
B--------->A
EPOCH:: 30, Loss: 2160.260600, MSE: 1276269.647146, RMSE: 1129.721048, MAE: 558.912154, rot_MSE: 963053.500000, rot_RMSE: 981.352905, rot_MAE: 848.358826, trans_MSE: 1132.995239, trans_RMSE: 33.659996, trans_MAE: 22.038034
==TRAIN==
A--------->B
EPOCH:: 31, Loss: 488.256452, Cycle Loss:, 78.501336, MSE: 1319252.728151, RMSE: 1148.587275, MAE: 586.839333, rot_MSE: 977253.000000, rot_RMSE: 988.561096, rot_MAE: 859.430298, trans_MSE: 391.398163, trans_RMSE: 19.783785, trans_MAE: 11.288325
B--------->A
EPOCH:: 31, Loss: 488.256452, MSE: 1319099.813116, RMSE: 1148.520706, MAE: 586.635159, rot_MSE: 974074.937500, rot_RMSE: 986.952332, rot_MAE: 857.497681, trans_MSE: 351.389801, trans_RMSE: 18.745394, trans_MAE: 10.734884
==TEST==
A--------->B
EPOCH:: 31, Loss: 1476.720032, Cycle Loss: 202.452448, MSE: 1275428.306366, RMSE: 1129.348620, MAE: 562.875543, rot_MSE: 971020.000000, rot_RMSE: 985.403442, rot_MAE: 850.976257, trans_MSE: 1245.483398, trans_RMSE: 35.291409, trans_MAE: 20.601164
B--------->A
EPOCH:: 31, Loss: 1476.720032, MSE: 1275004.149858, RMSE: 1129.160817, MAE: 558.277566, rot_MSE: 967814.437500, rot_RMSE: 983.775574, rot_MAE: 850.837219, trans_MSE: 745.844360, trans_RMSE: 27.310152, trans_MAE: 17.891932
==BEST TEST==
A--------->B
EPOCH:: 31, Loss: 1476.720032, Cycle Loss: 202.452448, MSE: 1275428.306366, RMSE: 1129.348620, MAE: 562.875543, rot_MSE: 971020.000000, rot_RMSE: 985.403442, rot_MAE: 850.976257, trans_MSE: 1245.483398, trans_RMSE: 35.291409, trans_MAE: 20.601164
B--------->A
EPOCH:: 31, Loss: 1476.720032, MSE: 1275004.149858, RMSE: 1129.160817, MAE: 558.277566, rot_MSE: 967814.437500, rot_RMSE: 983.775574, rot_MAE: 850.837219, trans_MSE: 745.844360, trans_RMSE: 27.310152, trans_MAE: 17.891932
==TRAIN==
A--------->B
EPOCH:: 32, Loss: 305.056635, Cycle Loss:, 49.398319, MSE: 1318822.807119, RMSE: 1148.400108, MAE: 587.046769, rot_MSE: 975668.250000, rot_RMSE: 987.759216, rot_MAE: 858.588013, trans_MSE: 238.408218, trans_RMSE: 15.440474, trans_MAE: 8.623601
B--------->A
EPOCH:: 32, Loss: 305.056635, MSE: 1318698.707858, RMSE: 1148.346075, MAE: 587.191895, rot_MSE: 971813.875000, rot_RMSE: 985.806213, rot_MAE: 856.235657, trans_MSE: 271.356476, trans_RMSE: 16.472900, trans_MAE: 9.319381
==TEST==
A--------->B
EPOCH:: 32, Loss: 945.601218, Cycle Loss: 125.984134, MSE: 1274342.515238, RMSE: 1128.867802, MAE: 562.489849, rot_MSE: 968877.250000, rot_RMSE: 984.315613, rot_MAE: 849.998352, trans_MSE: 791.892212, trans_RMSE: 28.140579, trans_MAE: 16.569094
B--------->A
EPOCH:: 32, Loss: 945.601218, MSE: 1274094.785705, RMSE: 1128.758072, MAE: 556.790365, rot_MSE: 968129.437500, rot_RMSE: 983.935669, rot_MAE: 851.319580, trans_MSE: 410.628448, trans_RMSE: 20.263969, trans_MAE: 13.598515
==BEST TEST==
A--------->B
EPOCH:: 32, Loss: 945.601218, Cycle Loss: 125.984134, MSE: 1274342.515238, RMSE: 1128.867802, MAE: 562.489849, rot_MSE: 968877.250000, rot_RMSE: 984.315613, rot_MAE: 849.998352, trans_MSE: 791.892212, trans_RMSE: 28.140579, trans_MAE: 16.569094
B--------->A
EPOCH:: 32, Loss: 945.601218, MSE: 1274094.785705, RMSE: 1128.758072, MAE: 556.790365, rot_MSE: 968129.437500, rot_RMSE: 983.935669, rot_MAE: 851.319580, trans_MSE: 410.628448, trans_RMSE: 20.263969, trans_MAE: 13.598515
==TRAIN==
A--------->B
EPOCH:: 33, Loss: 563.123377, Cycle Loss:, 72.162610, MSE: 1319659.822160, RMSE: 1148.764476, MAE: 586.793811, rot_MSE: 976849.000000, rot_RMSE: 988.356689, rot_MAE: 859.197937, trans_MSE: 476.944885, trans_RMSE: 21.839067, trans_MAE: 9.297130
B--------->A
EPOCH:: 33, Loss: 563.123377, MSE: 1319475.706853, RMSE: 1148.684337, MAE: 587.910522, rot_MSE: 975168.250000, rot_RMSE: 987.506104, rot_MAE: 857.893494, trans_MSE: 220.669022, trans_RMSE: 14.854933, trans_MAE: 8.621964
==TEST==
A--------->B
EPOCH:: 33, Loss: 1163.169894, Cycle Loss: 181.647126, MSE: 1276041.770919, RMSE: 1129.620189, MAE: 562.206916, rot_MSE: 970211.187500, rot_RMSE: 984.992981, rot_MAE: 852.361145, trans_MSE: 959.044189, trans_RMSE: 30.968439, trans_MAE: 18.079624
B--------->A
EPOCH:: 33, Loss: 1163.169894, MSE: 1275904.601562, RMSE: 1129.559472, MAE: 556.010052, rot_MSE: 968621.125000, rot_RMSE: 984.185486, rot_MAE: 851.130310, trans_MSE: 644.824036, trans_RMSE: 25.393385, trans_MAE: 16.753521
==BEST TEST==
A--------->B
EPOCH:: 33, Loss: 945.601218, Cycle Loss: 125.984134, MSE: 1274342.515238, RMSE: 1128.867802, MAE: 562.489849, rot_MSE: 968877.250000, rot_RMSE: 984.315613, rot_MAE: 849.998352, trans_MSE: 791.892212, trans_RMSE: 28.140579, trans_MAE: 16.569094
B--------->A
EPOCH:: 33, Loss: 945.601218, MSE: 1274094.785705, RMSE: 1128.758072, MAE: 556.790365, rot_MSE: 968129.437500, rot_RMSE: 983.935669, rot_MAE: 851.319580, trans_MSE: 410.628448, trans_RMSE: 20.263969, trans_MAE: 13.598515
==TRAIN==
A--------->B
EPOCH:: 34, Loss: 256.672488, Cycle Loss:, 42.922069, MSE: 1318458.365242, RMSE: 1148.241423, MAE: 586.161931, rot_MSE: 974058.937500, rot_RMSE: 986.944214, rot_MAE: 857.481995, trans_MSE: 199.400955, trans_RMSE: 14.120940, trans_MAE: 8.048777
B--------->A
EPOCH:: 34, Loss: 256.672488, MSE: 1318441.880738, RMSE: 1148.234245, MAE: 586.598646, rot_MSE: 971593.500000, rot_RMSE: 985.694397, rot_MAE: 856.475952, trans_MSE: 218.441605, trans_RMSE: 14.779770, trans_MAE: 8.255929
==TEST==
A--------->B
EPOCH:: 34, Loss: 1358.552372, Cycle Loss: 200.720925, MSE: 1276633.997353, RMSE: 1129.882294, MAE: 562.622179, rot_MSE: 975308.937500, rot_RMSE: 987.577332, rot_MAE: 854.498291, trans_MSE: 1133.950317, trans_RMSE: 33.674179, trans_MAE: 19.781048
B--------->A
EPOCH:: 34, Loss: 1358.552372, MSE: 1276436.411996, RMSE: 1129.794854, MAE: 559.197019, rot_MSE: 967395.187500, rot_RMSE: 983.562500, rot_MAE: 851.077148, trans_MSE: 647.947327, trans_RMSE: 25.454809, trans_MAE: 16.800621
==BEST TEST==
A--------->B
EPOCH:: 34, Loss: 945.601218, Cycle Loss: 125.984134, MSE: 1274342.515238, RMSE: 1128.867802, MAE: 562.489849, rot_MSE: 968877.250000, rot_RMSE: 984.315613, rot_MAE: 849.998352, trans_MSE: 791.892212, trans_RMSE: 28.140579, trans_MAE: 16.569094
B--------->A
EPOCH:: 34, Loss: 945.601218, MSE: 1274094.785705, RMSE: 1128.758072, MAE: 556.790365, rot_MSE: 968129.437500, rot_RMSE: 983.935669, rot_MAE: 851.319580, trans_MSE: 410.628448, trans_RMSE: 20.263969, trans_MAE: 13.598515
==TRAIN==
A--------->B
EPOCH:: 35, Loss: 226.793018, Cycle Loss:, 40.634428, MSE: 1314156.127788, RMSE: 1146.366489, MAE: 585.865400, rot_MSE: 975103.812500, rot_RMSE: 987.473450, rot_MAE: 858.459351, trans_MSE: 173.124786, trans_RMSE: 13.157689, trans_MAE: 7.456906
B--------->A
EPOCH:: 35, Loss: 226.793018, MSE: 1314183.160140, RMSE: 1146.378280, MAE: 586.835553, rot_MSE: 972964.312500, rot_RMSE: 986.389526, rot_MAE: 856.887939, trans_MSE: 212.932724, trans_RMSE: 14.592215, trans_MAE: 7.699932
==TEST==
A--------->B
EPOCH:: 35, Loss: 1263.919939, Cycle Loss: 190.534977, MSE: 1276149.880036, RMSE: 1129.668040, MAE: 562.333958, rot_MSE: 969552.375000, rot_RMSE: 984.658508, rot_MAE: 852.156738, trans_MSE: 1052.017944, trans_RMSE: 32.434826, trans_MAE: 19.305981
B--------->A
EPOCH:: 35, Loss: 1263.919939, MSE: 1275942.408897, RMSE: 1129.576208, MAE: 559.497786, rot_MSE: 966037.875000, rot_RMSE: 982.872253, rot_MAE: 849.951965, trans_MSE: 620.362183, trans_RMSE: 24.907070, trans_MAE: 16.943626
==BEST TEST==
A--------->B
EPOCH:: 35, Loss: 945.601218, Cycle Loss: 125.984134, MSE: 1274342.515238, RMSE: 1128.867802, MAE: 562.489849, rot_MSE: 968877.250000, rot_RMSE: 984.315613, rot_MAE: 849.998352, trans_MSE: 791.892212, trans_RMSE: 28.140579, trans_MAE: 16.569094
B--------->A
EPOCH:: 35, Loss: 945.601218, MSE: 1274094.785705, RMSE: 1128.758072, MAE: 556.790365, rot_MSE: 968129.437500, rot_RMSE: 983.935669, rot_MAE: 851.319580, trans_MSE: 410.628448, trans_RMSE: 20.263969, trans_MAE: 13.598515
==TRAIN==
A--------->B
EPOCH:: 36, Loss: 229.422730, Cycle Loss:, 35.086796, MSE: 1313073.037993, RMSE: 1145.893991, MAE: 585.875011, rot_MSE: 977235.750000, rot_RMSE: 988.552368, rot_MAE: 859.107727, trans_MSE: 179.697769, trans_RMSE: 13.405140, trans_MAE: 7.295470
B--------->A
EPOCH:: 36, Loss: 229.422730, MSE: 1312973.079065, RMSE: 1145.850374, MAE: 587.342182, rot_MSE: 971882.687500, rot_RMSE: 985.841125, rot_MAE: 856.504639, trans_MSE: 170.139343, trans_RMSE: 13.043747, trans_MAE: 7.216552
==TEST==
A--------->B
EPOCH:: 36, Loss: 1444.892471, Cycle Loss: 205.728702, MSE: 1275603.502324, RMSE: 1129.426183, MAE: 563.272735, rot_MSE: 974078.500000, rot_RMSE: 986.954163, rot_MAE: 852.975525, trans_MSE: 1213.483521, trans_RMSE: 34.835091, trans_MAE: 19.685516
B--------->A
EPOCH:: 36, Loss: 1444.892471, MSE: 1275238.251937, RMSE: 1129.264474, MAE: 560.261848, rot_MSE: 965301.062500, rot_RMSE: 982.497375, rot_MAE: 849.445251, trans_MSE: 697.763245, trans_RMSE: 26.415209, trans_MAE: 16.727379
==BEST TEST==
A--------->B
EPOCH:: 36, Loss: 945.601218, Cycle Loss: 125.984134, MSE: 1274342.515238, RMSE: 1128.867802, MAE: 562.489849, rot_MSE: 968877.250000, rot_RMSE: 984.315613, rot_MAE: 849.998352, trans_MSE: 791.892212, trans_RMSE: 28.140579, trans_MAE: 16.569094
B--------->A
EPOCH:: 36, Loss: 945.601218, MSE: 1274094.785705, RMSE: 1128.758072, MAE: 556.790365, rot_MSE: 968129.437500, rot_RMSE: 983.935669, rot_MAE: 851.319580, trans_MSE: 410.628448, trans_RMSE: 20.263969, trans_MAE: 13.598515
==TRAIN==
A--------->B
EPOCH:: 37, Loss: 10999.976595, Cycle Loss:, 1265.168927, MSE: 1326435.138680, RMSE: 1151.709659, MAE: 589.365614, rot_MSE: 977346.375000, rot_RMSE: 988.608276, rot_MAE: 858.947632, trans_MSE: 9721.215820, trans_RMSE: 98.596230, trans_MAE: 38.138939
B--------->A
EPOCH:: 37, Loss: 10999.976595, MSE: 1321353.325467, RMSE: 1149.501338, MAE: 590.566776, rot_MSE: 975903.625000, rot_RMSE: 987.878357, rot_MAE: 858.490234, trans_MSE: 3080.478516, trans_RMSE: 55.502060, trans_MAE: 28.212490
==TEST==
A--------->B
EPOCH:: 37, Loss: 5293.748317, Cycle Loss: 934.001146, MSE: 1275714.046940, RMSE: 1129.475120, MAE: 566.517947, rot_MSE: 976048.375000, rot_RMSE: 987.951599, rot_MAE: 855.014404, trans_MSE: 4339.142090, trans_RMSE: 65.872162, trans_MAE: 43.160210
B--------->A
EPOCH:: 37, Loss: 5293.748317, MSE: 1274530.864088, RMSE: 1128.951223, MAE: 562.004181, rot_MSE: 972049.125000, rot_RMSE: 985.925537, rot_MAE: 853.233826, trans_MSE: 3193.972412, trans_RMSE: 56.515240, trans_MAE: 40.786026
==BEST TEST==
A--------->B
EPOCH:: 37, Loss: 945.601218, Cycle Loss: 125.984134, MSE: 1274342.515238, RMSE: 1128.867802, MAE: 562.489849, rot_MSE: 968877.250000, rot_RMSE: 984.315613, rot_MAE: 849.998352, trans_MSE: 791.892212, trans_RMSE: 28.140579, trans_MAE: 16.569094
B--------->A
EPOCH:: 37, Loss: 945.601218, MSE: 1274094.785705, RMSE: 1128.758072, MAE: 556.790365, rot_MSE: 968129.437500, rot_RMSE: 983.935669, rot_MAE: 851.319580, trans_MSE: 410.628448, trans_RMSE: 20.263969, trans_MAE: 13.598515
==TRAIN==
A--------->B
EPOCH:: 38, Loss: 840.654828, Cycle Loss:, 112.740364, MSE: 1318658.824559, RMSE: 1148.328709, MAE: 587.441092, rot_MSE: 978734.000000, rot_RMSE: 989.309875, rot_MAE: 860.120056, trans_MSE: 710.361877, trans_RMSE: 26.652615, trans_MAE: 15.457852
B--------->A
EPOCH:: 38, Loss: 840.654828, MSE: 1318628.040651, RMSE: 1148.315305, MAE: 589.267533, rot_MSE: 978167.000000, rot_RMSE: 989.023254, rot_MAE: 859.213196, trans_MSE: 551.429199, trans_RMSE: 23.482531, trans_MAE: 14.238213
==TEST==
A--------->B
EPOCH:: 38, Loss: 2028.320543, Cycle Loss: 337.530311, MSE: 1273746.581418, RMSE: 1128.603820, MAE: 564.125525, rot_MSE: 972085.625000, rot_RMSE: 985.944031, rot_MAE: 853.603333, trans_MSE: 1665.866089, trans_RMSE: 40.815022, trans_MAE: 23.461514
B--------->A
EPOCH:: 38, Loss: 2028.320543, MSE: 1273245.459904, RMSE: 1128.381788, MAE: 559.899171, rot_MSE: 968991.937500, rot_RMSE: 984.373901, rot_MAE: 851.675293, trans_MSE: 988.230896, trans_RMSE: 31.436140, trans_MAE: 19.148264
==BEST TEST==
A--------->B
EPOCH:: 38, Loss: 945.601218, Cycle Loss: 125.984134, MSE: 1274342.515238, RMSE: 1128.867802, MAE: 562.489849, rot_MSE: 968877.250000, rot_RMSE: 984.315613, rot_MAE: 849.998352, trans_MSE: 791.892212, trans_RMSE: 28.140579, trans_MAE: 16.569094
B--------->A
EPOCH:: 38, Loss: 945.601218, MSE: 1274094.785705, RMSE: 1128.758072, MAE: 556.790365, rot_MSE: 968129.437500, rot_RMSE: 983.935669, rot_MAE: 851.319580, trans_MSE: 410.628448, trans_RMSE: 20.263969, trans_MAE: 13.598515
==TRAIN==
A--------->B
EPOCH:: 39, Loss: 571.282265, Cycle Loss:, 80.989355, MSE: 1317373.054493, RMSE: 1147.768729, MAE: 586.615690, rot_MSE: 980469.375000, rot_RMSE: 990.186523, rot_MAE: 859.946777, trans_MSE: 468.364288, trans_RMSE: 21.641726, trans_MAE: 11.924707
B--------->A
EPOCH:: 39, Loss: 571.282265, MSE: 1317409.901809, RMSE: 1147.784780, MAE: 587.421514, rot_MSE: 975338.812500, rot_RMSE: 987.592407, rot_MAE: 857.759338, trans_MSE: 354.967712, trans_RMSE: 18.840588, trans_MAE: 11.047353
==TEST==
A--------->B
EPOCH:: 39, Loss: 2531.503755, Cycle Loss: 436.145737, MSE: 1274916.780863, RMSE: 1129.122128, MAE: 565.385300, rot_MSE: 975248.375000, rot_RMSE: 987.546631, rot_MAE: 853.711243, trans_MSE: 2064.962158, trans_RMSE: 45.441856, trans_MAE: 26.881155
B--------->A
EPOCH:: 39, Loss: 2531.503755, MSE: 1274445.805979, RMSE: 1128.913551, MAE: 564.120569, rot_MSE: 970307.500000, rot_RMSE: 985.041870, rot_MAE: 852.336060, trans_MSE: 1389.563110, trans_RMSE: 37.276844, trans_MAE: 22.504717
==BEST TEST==
A--------->B
EPOCH:: 39, Loss: 945.601218, Cycle Loss: 125.984134, MSE: 1274342.515238, RMSE: 1128.867802, MAE: 562.489849, rot_MSE: 968877.250000, rot_RMSE: 984.315613, rot_MAE: 849.998352, trans_MSE: 791.892212, trans_RMSE: 28.140579, trans_MAE: 16.569094
B--------->A
EPOCH:: 39, Loss: 945.601218, MSE: 1274094.785705, RMSE: 1128.758072, MAE: 556.790365, rot_MSE: 968129.437500, rot_RMSE: 983.935669, rot_MAE: 851.319580, trans_MSE: 410.628448, trans_RMSE: 20.263969, trans_MAE: 13.598515
==TRAIN==
A--------->B
EPOCH:: 40, Loss: 452.212956, Cycle Loss:, 67.835252, MSE: 1309927.166170, RMSE: 1144.520496, MAE: 585.036956, rot_MSE: 977541.812500, rot_RMSE: 988.707153, rot_MAE: 858.587402, trans_MSE: 362.191895, trans_RMSE: 19.031340, trans_MAE: 10.295593
B--------->A
EPOCH:: 40, Loss: 452.212956, MSE: 1309633.687500, RMSE: 1144.392279, MAE: 586.031465, rot_MSE: 974562.437500, rot_RMSE: 987.199280, rot_MAE: 857.410034, trans_MSE: 292.674347, trans_RMSE: 17.107727, trans_MAE: 10.021427
==TEST==
A--------->B
EPOCH:: 40, Loss: 4253.591607, Cycle Loss: 818.291116, MSE: 1275842.797198, RMSE: 1129.532114, MAE: 564.826689, rot_MSE: 972071.875000, rot_RMSE: 985.937073, rot_MAE: 852.740540, trans_MSE: 3409.782959, trans_RMSE: 58.393349, trans_MAE: 21.673498
B--------->A
EPOCH:: 40, Loss: 4253.591607, MSE: 1274546.198089, RMSE: 1128.958014, MAE: 563.254776, rot_MSE: 967020.062500, rot_RMSE: 983.371765, rot_MAE: 850.622498, trans_MSE: 1787.444580, trans_RMSE: 42.278179, trans_MAE: 16.652498
==BEST TEST==
A--------->B
EPOCH:: 40, Loss: 945.601218, Cycle Loss: 125.984134, MSE: 1274342.515238, RMSE: 1128.867802, MAE: 562.489849, rot_MSE: 968877.250000, rot_RMSE: 984.315613, rot_MAE: 849.998352, trans_MSE: 791.892212, trans_RMSE: 28.140579, trans_MAE: 16.569094
B--------->A
EPOCH:: 40, Loss: 945.601218, MSE: 1274094.785705, RMSE: 1128.758072, MAE: 556.790365, rot_MSE: 968129.437500, rot_RMSE: 983.935669, rot_MAE: 851.319580, trans_MSE: 410.628448, trans_RMSE: 20.263969, trans_MAE: 13.598515
==TRAIN==
A--------->B
EPOCH:: 41, Loss: 346.558219, Cycle Loss:, 54.049295, MSE: 1313770.764588, RMSE: 1146.198397, MAE: 586.498378, rot_MSE: 978839.562500, rot_RMSE: 989.363220, rot_MAE: 859.026978, trans_MSE: 271.089203, trans_RMSE: 16.464787, trans_MAE: 9.490067
B--------->A
EPOCH:: 41, Loss: 346.558219, MSE: 1313599.542337, RMSE: 1146.123703, MAE: 586.386718, rot_MSE: 977305.875000, rot_RMSE: 988.587830, rot_MAE: 858.933105, trans_MSE: 249.264175, trans_RMSE: 15.788102, trans_MAE: 9.083946
==TEST==
A--------->B
EPOCH:: 41, Loss: 1680.174486, Cycle Loss: 249.993970, MSE: 1273265.565535, RMSE: 1128.390697, MAE: 564.753937, rot_MSE: 976049.875000, rot_RMSE: 987.952393, rot_MAE: 853.841797, trans_MSE: 1398.046021, trans_RMSE: 37.390453, trans_MAE: 22.083467
B--------->A
EPOCH:: 41, Loss: 1680.174486, MSE: 1273083.493802, RMSE: 1128.310017, MAE: 562.935112, rot_MSE: 969605.437500, rot_RMSE: 984.685425, rot_MAE: 851.410278, trans_MSE: 844.507751, trans_RMSE: 29.060415, trans_MAE: 18.166492
==BEST TEST==
A--------->B
EPOCH:: 41, Loss: 945.601218, Cycle Loss: 125.984134, MSE: 1274342.515238, RMSE: 1128.867802, MAE: 562.489849, rot_MSE: 968877.250000, rot_RMSE: 984.315613, rot_MAE: 849.998352, trans_MSE: 791.892212, trans_RMSE: 28.140579, trans_MAE: 16.569094
B--------->A
EPOCH:: 41, Loss: 945.601218, MSE: 1274094.785705, RMSE: 1128.758072, MAE: 556.790365, rot_MSE: 968129.437500, rot_RMSE: 983.935669, rot_MAE: 851.319580, trans_MSE: 410.628448, trans_RMSE: 20.263969, trans_MAE: 13.598515
==TRAIN==
A--------->B
EPOCH:: 42, Loss: 289.853501, Cycle Loss:, 45.049865, MSE: 1304613.954746, RMSE: 1142.196986, MAE: 584.935095, rot_MSE: 977323.375000, rot_RMSE: 988.596680, rot_MAE: 858.668579, trans_MSE: 223.765045, trans_RMSE: 14.958778, trans_MAE: 8.740816
B--------->A
EPOCH:: 42, Loss: 289.853501, MSE: 1304752.081626, RMSE: 1142.257450, MAE: 584.899595, rot_MSE: 974371.250000, rot_RMSE: 987.102478, rot_MAE: 857.915039, trans_MSE: 230.130463, trans_RMSE: 15.170052, trans_MAE: 8.757564
==TEST==
A--------->B
EPOCH:: 42, Loss: 2124.079769, Cycle Loss: 326.272334, MSE: 1273772.467136, RMSE: 1128.615287, MAE: 564.805444, rot_MSE: 977705.812500, rot_RMSE: 988.790100, rot_MAE: 854.640991, trans_MSE: 1767.041504, trans_RMSE: 42.036194, trans_MAE: 25.463036
B--------->A
EPOCH:: 42, Loss: 2124.079769, MSE: 1273239.147534, RMSE: 1128.378991, MAE: 562.902007, rot_MSE: 968500.187500, rot_RMSE: 984.124084, rot_MAE: 851.135010, trans_MSE: 1149.244873, trans_RMSE: 33.900513, trans_MAE: 21.743603
==BEST TEST==
A--------->B
EPOCH:: 42, Loss: 945.601218, Cycle Loss: 125.984134, MSE: 1274342.515238, RMSE: 1128.867802, MAE: 562.489849, rot_MSE: 968877.250000, rot_RMSE: 984.315613, rot_MAE: 849.998352, trans_MSE: 791.892212, trans_RMSE: 28.140579, trans_MAE: 16.569094
B--------->A
EPOCH:: 42, Loss: 945.601218, MSE: 1274094.785705, RMSE: 1128.758072, MAE: 556.790365, rot_MSE: 968129.437500, rot_RMSE: 983.935669, rot_MAE: 851.319580, trans_MSE: 410.628448, trans_RMSE: 20.263969, trans_MAE: 13.598515
==TRAIN==
A--------->B
EPOCH:: 43, Loss: 285.756529, Cycle Loss:, 46.388292, MSE: 1318252.992479, RMSE: 1148.151990, MAE: 587.238740, rot_MSE: 977223.000000, rot_RMSE: 988.545898, rot_MAE: 858.736450, trans_MSE: 219.498535, trans_RMSE: 14.815483, trans_MAE: 8.534311
B--------->A
EPOCH:: 43, Loss: 285.756529, MSE: 1318141.030213, RMSE: 1148.103232, MAE: 588.291869, rot_MSE: 975686.187500, rot_RMSE: 987.768311, rot_MAE: 858.069214, trans_MSE: 248.317642, trans_RMSE: 15.758098, trans_MAE: 8.551459
==TEST==
A--------->B
EPOCH:: 43, Loss: 1608.915898, Cycle Loss: 234.966270, MSE: 1272946.461777, RMSE: 1128.249291, MAE: 564.239974, rot_MSE: 974167.812500, rot_RMSE: 986.999390, rot_MAE: 853.319641, trans_MSE: 1343.235840, trans_RMSE: 36.650181, trans_MAE: 21.325052
B--------->A
EPOCH:: 43, Loss: 1608.915898, MSE: 1272855.635912, RMSE: 1128.209039, MAE: 562.052007, rot_MSE: 968127.125000, rot_RMSE: 983.934509, rot_MAE: 851.121704, trans_MSE: 744.171143, trans_RMSE: 27.279501, trans_MAE: 17.517937
==BEST TEST==
A--------->B
EPOCH:: 43, Loss: 945.601218, Cycle Loss: 125.984134, MSE: 1274342.515238, RMSE: 1128.867802, MAE: 562.489849, rot_MSE: 968877.250000, rot_RMSE: 984.315613, rot_MAE: 849.998352, trans_MSE: 791.892212, trans_RMSE: 28.140579, trans_MAE: 16.569094
B--------->A
EPOCH:: 43, Loss: 945.601218, MSE: 1274094.785705, RMSE: 1128.758072, MAE: 556.790365, rot_MSE: 968129.437500, rot_RMSE: 983.935669, rot_MAE: 851.319580, trans_MSE: 410.628448, trans_RMSE: 20.263969, trans_MAE: 13.598515
